INPUT,{ABSENT},{ABSENT},{ABSENT},/χˈoksom/,{ABSENT},{ABSENT},{ABSENT},{ABSENT},{ABSENT},{ABSENT},{ABSENT},{ABSENT},{ABSENT},/kˌolxstˈm̩/,{ABSENT},{ABSENT},{ABSENT},{ABSENT},{ABSENT},{ABSENT},{ABSENT},{ABSENT},{ABSENT},{ABSENT},{ABSENT},{ABSENT},{ABSENT},{ABSENT},{ABSENT},{ABSENT},{ABSENT},{ABSENT},{ABSENT},{ABSENT},{ABSENT},{ABSENT},{ABSENT},{ABSENT},{ABSENT},{ABSENT},{ABSENT},{ABSENT},{ABSENT},{ABSENT},{ABSENT},{ABSENT},{ABSENT},{ABSENT},{ABSENT},{ABSENT},{ABSENT},{ABSENT},{ABSENT},{ABSENT},{ABSENT},{ABSENT},{ABSENT},{ABSENT},{ABSENT},{ABSENT},{ABSENT},{ABSENT},{ABSENT},{ABSENT},{ABSENT},/dʰrˈonim/,/dʰrˈoxno/,{ABSENT},{ABSENT},{ABSENT},{ABSENT},{ABSENT},{ABSENT},{ABSENT},/χejɟˈijeχ/,{ABSENT},{ABSENT},{ABSENT},{ABSENT},{ABSENT},{ABSENT},{ABSENT},{ABSENT},{ABSENT},{ABSENT},{ABSENT},{ABSENT},{ABSENT},{ABSENT},{ABSENT},{ABSENT},{ABSENT},{ABSENT},{ABSENT},{ABSENT},{ABSENT},{ABSENT},{ABSENT},{ABSENT},{ABSENT},{ABSENT},{ABSENT},{ABSENT},{ABSENT},{ABSENT},{ABSENT},{ABSENT},{ABSENT},{ABSENT},{ABSENT},{ABSENT},{ABSENT},{ABSENT},{ABSENT},{ABSENT},{ABSENT},{ABSENT},{ABSENT},{ABSENT},{ABSENT}
R0,,,,,,,,,,,,,,*/kˌolxsʶtˈm̩/,,,,,,,,,,,,,,,,,,,,,,,,,,,,,,,,,,,,,,,,,,,,,,,,,,,,,*/dʰrˈoxnˠo/,,,,,,,,*/χɤjɟˈijeχ/,,,,,,,,,,,,,,,,,,,,,,,,,,,,,,,,,,,,,,,,,,,,,
R1,,,,,,,,,,,,,,*/kˌoɫxsʶtˈm̩/,,,,,,,,,,,,,,,,,,,,,,,,,,,,,,,,,,,,,,,,,,,,,,,,,,,,,,,,,,,,,*/χɤjɟˈijɤχ/,,,,,,,,,,,,,,,,,,,,,,,,,,,,,,,,,,,,,,,,,,,,,
R2,,,,,,,,,,,,,,,,,,,,,,,,,,,,,,,,,,,,,,,,,,,,,,,,,,,,,,,,,,,,,,,,,,,,,,,,,,,,,,,,,,,,,,,,,,,,,,,,,,,,,,,,,,,,,,,,,,,,,,,,
R3,,,,,,,,,,,,,,,,,,,,,,,,,,,,,,,,,,,,,,,,,,,,,,,,,,,,,,,,,,,,,,,,,,,,,,,,,,,,,,,,,,,,,,,,,,,,,,,,,,,,,,,,,,,,,,,,,,,,,,,,
R4,,,,,,,,,,,,,,,,,,,,,,,,,,,,,,,,,,,,,,,,,,,,,,,,,,,,,,,,,,,,,,,,,,,*/dʰrˈoːnˠo/,,,,,,,,,,,,,,,,,,,,,,,,,,,,,,,,,,,,,,,,,,,,,,,,,,,,,
R5,,,,,,,,,,,,,,,,,,,,,,,,,,,,,,,,,,,,,,,,,,,,,,,,,,,,,,,,,,,,,,,,,,,,,,,,,,,*/χɤjɟˈijɤː/,,,,,,,,,,,,,,,,,,,,,,,,,,,,,,,,,,,,,,,,,,,,,
R6,,,,,,,,,,,,,,,,,,,,,,,,,,,,,,,,,,,,,,,,,,,,,,,,,,,,,,,,,,,,,,,,,,,,,,,,,,,,,,,,,,,,,,,,,,,,,,,,,,,,,,,,,,,,,,,,,,,,,,,,
R7,,,,*/ˈoksom/,,,,,,,,,,,,,,,,,,,,,,,,,,,,,,,,,,,,,,,,,,,,,,,,,,,,,,,,,,,,,,,,,,,,,,,*/ɤjɟˈijɤː/,,,,,,,,,,,,,,,,,,,,,,,,,,,,,,,,,,,,,,,,,,,,,
=Proto-Balkan-Indo-European,null{ABSENT},null{ABSENT},null{ABSENT},null*/ˈoksom/,null{ABSENT},null{ABSENT},null{ABSENT},null{ABSENT},null{ABSENT},null{ABSENT},null{ABSENT},null{ABSENT},null{ABSENT},null*/kˌoɫxsʶtˈm̩/,null{ABSENT},null{ABSENT},null{ABSENT},null{ABSENT},null{ABSENT},null{ABSENT},null{ABSENT},null{ABSENT},null{ABSENT},null{ABSENT},null{ABSENT},null{ABSENT},null{ABSENT},null{ABSENT},null{ABSENT},null{ABSENT},null{ABSENT},null{ABSENT},null{ABSENT},null{ABSENT},null{ABSENT},null{ABSENT},null{ABSENT},null{ABSENT},null{ABSENT},null{ABSENT},null{ABSENT},null{ABSENT},null{ABSENT},null{ABSENT},null{ABSENT},null{ABSENT},null{ABSENT},null{ABSENT},null{ABSENT},null{ABSENT},null{ABSENT},null{ABSENT},null{ABSENT},null{ABSENT},null{ABSENT},null{ABSENT},null{ABSENT},null{ABSENT},null{ABSENT},null{ABSENT},null{ABSENT},null{ABSENT},null{ABSENT},null{ABSENT},null{ABSENT},null*/dʰrˈonim/,null*/dʰrˈoːnˠo/,null{ABSENT},null{ABSENT},null{ABSENT},null{ABSENT},null{ABSENT},null{ABSENT},null{ABSENT},null*/ɤjɟˈijɤː/,null{ABSENT},null{ABSENT},null{ABSENT},null{ABSENT},null{ABSENT},null{ABSENT},null{ABSENT},null{ABSENT},null{ABSENT},null{ABSENT},null{ABSENT},null{ABSENT},null{ABSENT},null{ABSENT},null{ABSENT},null{ABSENT},null{ABSENT},null{ABSENT},null{ABSENT},null{ABSENT},null{ABSENT},null{ABSENT},null{ABSENT},null{ABSENT},null{ABSENT},null{ABSENT},null{ABSENT},null{ABSENT},null{ABSENT},null{ABSENT},null{ABSENT},null{ABSENT},null{ABSENT},null{ABSENT},null{ABSENT},null{ABSENT},null{ABSENT},null{ABSENT},null{ABSENT},null{ABSENT},null{ABSENT},null{ABSENT},null{ABSENT},null{ABSENT},null{ABSENT}
R8,,,,,,,,,,,,,,,,,,,,,,,,,,,,,,,,,,,,,,,,,,,,,,,,,,,,,,,,,,,,,,,,,,,,,,,,,,,,,,,,,,,,,,,,,,,,,,,,,,,,,,,,,,,,,,,,,,,,,,,,
R9,,,,,,,,,,,,,,,,,,,,,,,,,,,,,,,,,,,,,,,,,,,,,,,,,,,,,,,,,,,,,,,,,,,,,,,,,,,,,,,,,,,,,,,,,,,,,,,,,,,,,,,,,,,,,,,,,,,,,,,,
R10,,,,,,,,,,,,,,*/kˌoɫxsʶtˈəˤ/,,,,,,,,,,,,,,,,,,,,,,,,,,,,,,,,,,,,,,,,,,,,,,,,,,,,,,,,,,,,,,,,,,,,,,,,,,,,,,,,,,,,,,,,,,,,,,,,,,,,,,,,,,
R11,,,,,,,,,,,,,,*/kˌoɫɑsʶtˈəˤ/,,,,,,,,,,,,,,,,,,,,,,,,,,,,,,,,,,,,,,,,,,,,,,,,,,,,,,,,,,,,,,,,,,,,,,,,,,,,,,,,,,,,,,,,,,,,,,,,,,,,,,,,,,
R12,,,,,,,,,,,,,,,,,,,,,,,,,,,,,,,,,,,,,,,,,,,,,,,,,,,,,,,,,,,,,,,,,,,,,,,,,,,,,,,,,,,,,,,,,,,,,,,,,,,,,,,,,,,,,,,,,,,,,,,,
R13,,,,*/ˈeᵝˠks?0m/,,,,,,,,,,*/kˌ?0?1eˤ?2t?3/,,,,,,,,,,,,,,,,,,,,,,,,,,,,,,,,,,,,,,,,,,,,,,,,,,,,*/dʰrˈeᵝˠnim/,*/dʰrˈeᵝˠː?4?0/,,,,,,,,*/eˠjɟˈijeˠː/,,,,,,,,,,,,,,,,,,,,,,,,,,,,,,,,,,,,,,,,,,,,,
R14,,,,,,,,,,,,,,,,,,,,,,,,,,,,,,,,,,,,,,,,,,,,,,,,,,,,,,,,,,,,,,,,,,,,,,,,,,,,,,,,,,,,,,,,,,,,,,,,,,,,,,,,,,,,,,,,,,,,,,,,
R15,,,,,,,,,,,,,,,,,,,,,,,,,,,,,,,,,,,,,,,,,,,,,,,,,,,,,,,,,,,,,,,,,,,,,,,,,,,,,,,,,,,,,,,,,,,,,,,,,,,,,,,,,,,,,,,,,,,,,,,,
R16,,,,,,,,,,,,,,,,,,,,,,,,,,,,,,,,,,,,,,,,,,,,,,,,,,,,,,,,,,,,,,,,,,,,,,,,,,,,,,,,,,,,,,,,,,,,,,,,,,,,,,,,,,,,,,,,,,,,,,,,
R17,,,,,,,,,,,,,,,,,,,,,,,,,,,,,,,,,,,,,,,,,,,,,,,,,,,,,,,,,,,,,,,,,,,,,,,,,,,,,,,,,,,,,,,,,,,,,,,,,,,,,,,,,,,,,,,,,,,,,,,,
R18,,,,,,,,,,,,,,,,,,,,,,,,,,,,,,,,,,,,,,,,,,,,,,,,,,,,,,,,,,,,,,,,,,,,,,,,,,,,,,,,,,,,,,,,,,,,,,,,,,,,,,,,,,,,,,,,,,,,,,,,
R19,,,,,,,,,,,,,,,,,,,,,,,,,,,,,,,,,,,,,,,,,,,,,,,,,,,,,,,,,,,,,,,,,,,,,,,,,,,,,,,,,,,,,,,,,,,,,,,,,,,,,,,,,,,,,,,,,,,,,,,,
R20,,,,,,,,,,,,,,,,,,,,,,,,,,,,,,,,,,,,,,,,,,,,,,,,,,,,,,,,,,,,,,,,,,,,,,,,,,,,,,,,,,,,,,,,,,,,,,,,,,,,,,,,,,,,,,,,,,,,,,,,
R21,,,,,,,,,,,,,,,,,,,,,,,,,,,,,,,,,,,,,,,,,,,,,,,,,,,,,,,,,,,,,,,,,,,,,,,,,,,,,,,,,,,,,,,,,,,,,,,,,,,,,,,,,,,,,,,,,,,,,,,,
R22,,,,,,,,,,,,,,,,,,,,,,,,,,,,,,,,,,,,,,,,,,,,,,,,,,,,,,,,,,,,,,,,,,,,,,,,,,,,,,,,,,,,,,,,,,,,,,,,,,,,,,,,,,,,,,,,,,,,,,,,
R23,,,,,,,,,,,,,,,,,,,,,,,,,,,,,,,,,,,,,,,,,,,,,,,,,,,,,,,,,,,,,,,,,,,,,,,,,,,,,,,,,,,,,,,,,,,,,,,,,,,,,,,,,,,,,,,,,,,,,,,,
R24,,,,,,,,,,,,,,,,,,,,,,,,,,,,,,,,,,,,,,,,,,,,,,,,,,,,,,,,,,,,,,,,,,,,,,,,,,,,,,,,,,,,,,,,,,,,,,,,,,,,,,,,,,,,,,,,,,,,,,,,
R25,,,,,,,,,,,,,,,,,,,,,,,,,,,,,,,,,,,,,,,,,,,,,,,,,,,,,,,,,,,,,,,,,,,,,,,,,,,*/eˠjɟ͡ʝˈijeˠː/,,,,,,,,,,,,,,,,,,,,,,,,,,,,,,,,,,,,,,,,,,,,,
R26,,,,,,,,,,,,,,,,,,,,,,,,,,,,,,,,,,,,,,,,,,,,,,,,,,,,,,,,,,,,,,,,,,,,,,,,,,,,,,,,,,,,,,,,,,,,,,,,,,,,,,,,,,,,,,,,,,,,,,,,
R27,,,,,,,,,,,,,,,,,,,,,,,,,,,,,,,,,,,,,,,,,,,,,,,,,,,,,,,,,,,,,,,,,,,,,,,,,,,,,,,,,,,,,,,,,,,,,,,,,,,,,,,,,,,,,,,,,,,,,,,,
R28,,,,,,,,,,,,,,,,,,,,,,,,,,,,,,,,,,,,,,,,,,,,,,,,,,,,,,,,,,,,,,,,,,,*/dʰrˈɑːᵝ?4?0/,,,,,,,,*/eˠjɟ͡ʝˈijɑː/,,,,,,,,,,,,,,,,,,,,,,,,,,,,,,,,,,,,,,,,,,,,,
R29,,,,,,,,,,,,,,,,,,,,,,,,,,,,,,,,,,,,,,,,,,,,,,,,,,,,,,,,,,,,,,,,,,,,,,,,,,,,,,,,,,,,,,,,,,,,,,,,,,,,,,,,,,,,,,,,,,,,,,,,
R30,,,,,,,,,,,,,,,,,,,,,,,,,,,,,,,,,,,,,,,,,,,,,,,,,,,,,,,,,,,,,,,,,,,,,,,,,,,*/iːˠɟ͡ʝˈijɑː/,,,,,,,,,,,,,,,,,,,,,,,,,,,,,,,,,,,,,,,,,,,,,
R31,,,,,,,,,,,,,,,,,,,,,,,,,,,,,,,,,,,,,,,,,,,,,,,,,,,,,,,,,,,,,,,,,,,,,,,,,,,,,,,,,,,,,,,,,,,,,,,,,,,,,,,,,,,,,,,,,,,,,,,,
R32,,,,,,,,,,,,,,,,,,,,,,,,,,,,,,,,,,,,,,,,,,,,,,,,,,,,,,,,,,,,,,,,,,,,,,,,,,,,,,,,,,,,,,,,,,,,,,,,,,,,,,,,,,,,,,,,,,,,,,,,
R33,,,,,,,,,,,,,,,,,,,,,,,,,,,,,,,,,,,,,,,,,,,,,,,,,,,,,,,,,,,,,,,,,,,,,,,,,,,,,,,,,,,,,,,,,,,,,,,,,,,,,,,,,,,,,,,,,,,,,,,,
R34,,,,,,,,,,,,,,,,,,,,,,,,,,,,,,,,,,,,,,,,,,,,,,,,,,,,,,,,,,,,,,,,,,,,,,,,,,,,,,,,,,,,,,,,,,,,,,,,,,,,,,,,,,,,,,,,,,,,,,,,
R35,,,,,,,,,,,,,,,,,,,,,,,,,,,,,,,,,,,,,,,,,,,,,,,,,,,,,,,,,,,,,,,,,,,,,,,,,,,*/iːˠɟ͡ʝˈiɑː/,,,,,,,,,,,,,,,,,,,,,,,,,,,,,,,,,,,,,,,,,,,,,
R36,,,,,,,,,,,,,,,,,,,,,,,,,,,,,,,,,,,,,,,,,,,,,,,,,,,,,,,,,,,,,,,,,,,,,,,,,,,,,,,,,,,,,,,,,,,,,,,,,,,,,,,,,,,,,,,,,,,,,,,,
R37,,,,,,,,,,,,,,,,,,,,,,,,,,,,,,,,,,,,,,,,,,,,,,,,,,,,,,,,,,,,,,,,,,,,,,,,,,,,,,,,,,,,,,,,,,,,,,,,,,,,,,,,,,,,,,,,,,,,,,,,
R38,,,,,,,,,,,,,,,,,,,,,,,,,,,,,,,,,,,,,,,,,,,,,,,,,,,,,,,,,,,,,,,,,,,,,,,,,,,,,,,,,,,,,,,,,,,,,,,,,,,,,,,,,,,,,,,,,,,,,,,,
R39,,,,,,,,,,,,,,,,,,,,,,,,,,,,,,,,,,,,,,,,,,,,,,,,,,,,,,,,,,,,,,,,,,,,,,,,,,,,,,,,,,,,,,,,,,,,,,,,,,,,,,,,,,,,,,,,,,,,,,,,
R40,,,,,,,,,,,,,,,,,,,,,,,,,,,,,,,,,,,,,,,,,,,,,,,,,,,,,,,,,,,,,,,,,,,,,,,,,,,,,,,,,,,,,,,,,,,,,,,,,,,,,,,,,,,,,,,,,,,,,,,,
R41,,,,,,,,,,,,,,,,,,,,,,,,,,,,,,,,,,,,,,,,,,,,,,,,,,,,,,,,,,,,,,,,,,,,,,,,,,,,,,,,,,,,,,,,,,,,,,,,,,,,,,,,,,,,,,,,,,,,,,,,
R42,,,,,,,,,,,,,,,,,,,,,,,,,,,,,,,,,,,,,,,,,,,,,,,,,,,,,,,,,,,,,,,,,,,,,,,,,,,,,,,,,,,,,,,,,,,,,,,,,,,,,,,,,,,,,,,,,,,,,,,,
R43,,,,*/ˈeᵝˠʃ?0m/,,,,,,,,,,,,,,,,,,,,,,,,,,,,,,,,,,,,,,,,,,,,,,,,,,,,,,,,,,,,,,,,,,,,,,,,,,,,,,,,,,,,,,,,,,,,,,,,,,,,,,,,,,,,,,,,,,,,
R44,,,,,,,,,,,,,,,,,,,,,,,,,,,,,,,,,,,,,,,,,,,,,,,,,,,,,,,,,,,,,,,,,,,,,,,,,,,,,,,,,,,,,,,,,,,,,,,,,,,,,,,,,,,,,,,,,,,,,,,,
R45,,,,,,,,,,,,,,,,,,,,,,,,,,,,,,,,,,,,,,,,,,,,,,,,,,,,,,,,,,,,,,,,,,,,,,,,,,,,,,,,,,,,,,,,,,,,,,,,,,,,,,,,,,,,,,,,,,,,,,,,
=Archaic Proto-Albanian,null{ABSENT},null{ABSENT},null{ABSENT},null*/ˈeᵝˠʃ?0m/,null{ABSENT},null{ABSENT},null{ABSENT},null{ABSENT},null{ABSENT},null{ABSENT},null{ABSENT},null{ABSENT},null{ABSENT},null*/kˌ?0?1eˤ?2t?3/,null{ABSENT},null{ABSENT},null{ABSENT},null{ABSENT},null{ABSENT},null{ABSENT},null{ABSENT},null{ABSENT},null{ABSENT},null{ABSENT},null{ABSENT},null{ABSENT},null{ABSENT},null{ABSENT},null{ABSENT},null{ABSENT},null{ABSENT},null{ABSENT},null{ABSENT},null{ABSENT},null{ABSENT},null{ABSENT},null{ABSENT},null{ABSENT},null{ABSENT},null{ABSENT},null{ABSENT},null{ABSENT},null{ABSENT},null{ABSENT},null{ABSENT},null{ABSENT},null{ABSENT},null{ABSENT},null{ABSENT},null{ABSENT},null{ABSENT},null{ABSENT},null{ABSENT},null{ABSENT},null{ABSENT},null{ABSENT},null{ABSENT},null{ABSENT},null{ABSENT},null{ABSENT},null{ABSENT},null{ABSENT},null{ABSENT},null{ABSENT},null{ABSENT},null*/dʰrˈeᵝˠnim/,null*/dʰrˈɑːᵝ?4?0/,null{ABSENT},null{ABSENT},null{ABSENT},null{ABSENT},null{ABSENT},null{ABSENT},null{ABSENT},null*/iːˠɟ͡ʝˈiɑː/,null{ABSENT},null{ABSENT},null{ABSENT},null{ABSENT},null{ABSENT},null{ABSENT},null{ABSENT},null{ABSENT},null{ABSENT},null{ABSENT},null{ABSENT},null{ABSENT},null{ABSENT},null{ABSENT},null{ABSENT},null{ABSENT},null{ABSENT},null{ABSENT},null{ABSENT},null{ABSENT},null{ABSENT},null{ABSENT},null{ABSENT},null{ABSENT},null{ABSENT},null{ABSENT},null{ABSENT},null{ABSENT},null{ABSENT},null{ABSENT},null{ABSENT},null{ABSENT},null{ABSENT},null{ABSENT},null{ABSENT},null{ABSENT},null{ABSENT},null{ABSENT},null{ABSENT},null{ABSENT},null{ABSENT},null{ABSENT},null{ABSENT},null{ABSENT},null{ABSENT}
R46,*/hˈɑkson/,*/hˈɑlleːmmɑ/,*/ˈɑɡrɑː/,,,*/ˌɑrdɑksˈɑntiː/,*/ˈɑɡrion/,*/hˈentʰeːmɑj/,,*/isˈɑmnum/,,,*/kɑstˈon/,*/kˌ?0?1ɑ?2tˈəˤ/,,*/kˌɑpnˈon/,,,*/kˌokkˈumɑlon/,*/ɡˌɑwsˈɑːfon/,,,,*/ɡrˈɑmmɑ/,,*/hˌɔːlˈenɑː/,*/kˈɑnnɑ/,*/kˌerɑsˈiːɑ/,*/tˈermɑ/,,,,*/sˈɑrkɑ/,,,*/skˈɑlmɑːn/,*/skˈɑripʰon/,,*/skˈɑpon/,*/skˌɑmpˈinon/,,,*/stˈɑmnon/,,*/hˈɑstibon/,,*/spˈɑron/,*/spˈɑrɡɑnon/,*/spˈɑrtɑ/,*/ˌɑspellˈon/,*/spˈɛːlɑion/,*/spˈonɡiɑ/,*/spˈonɟɑ/,*/tʰˌɔːrˈɑks/,,*/tˈomɑːros/,*/tˈomɑːros/,,*/tʰˈumbrɑː/,*/dˈepɑ/,*/dˌusrhˈɑkʰion/,*/dˌyrrˈɑkʰium/,*/durrhˈɑcum/,*/drˈɑpɑnon/,*/drˈɑnin/,,,*/drˈiwɑston/,,,*/hˌɑjɟɑlˈon/,,,*/d͡zˈiːd͡zɑː/,,*/nɑiːssˈon/,*/lˈɑkʰɑnon/,*/lˈɑbrikʰon/,*/lˌekˈɑnɛːn/,*/helɑiwˈɑːnioː/,*/lˈuːmɑ/,,,,,,,,*/rɑːɡˈusso/,*/pˈɑwlɑ/,*/pˌɑlˈɑmɑː/,,,*/pˌerˈɑɔːo/,*/pˈelɑɡon/,*/pˈepɔːnɑ/,*/ˌɑpˌollonˈiɑ/,,*/pˌɑrˈɛːlion/,*/prˈɑson/,*/brˈoːtɑkon/,*/brˈɑdiː/,*/brˈukɑː/,,,,,*/ˌɑwlˌɔːniˈɑːton/,*/ˌɑwlˈɔːnɑ/,*/mˈɑrɑdrion/,*/mˈɑtɛː/,*/mˌɑlˈɑɡɑː/,*/mˌɑstˈikʰinon/,*/mˌɑnˈiɑː/,*/mˈɑrɑtʰrion/,*/mˈɑnɡɑnon/,,,*/mɑːkʰɑnˈɑː/,*/mˈɑːlon/
R47,,,,,,,,,,,,,,,,,,,,*/ɡˌɑwsˈɒːfon/,,,,,,,,,,,,,,,,,,,,,,,,,,,,,,,,,,,,*/tˈomɒːros/,*/tˈomɒːros/,,,,,,,,,,*/dʰrˈɒː?4?0/,,,,,,,,,,,,,*/helɑiwˈɒːnioː/,,,,,,,,,*/rɒːɡˈusso/,,,,,,,,,,,,,,,,,,,*/ˌɑwlˌɔːniˈɒːton/,,,,,,,,,,,*/mɒːkʰɑnˈɑː/,*/mˈɒːlon/
R48,,,,,,,,,,,,,,,,,,,,,,,,,,,,,,,,,,,,,,,,,,,,,,,,,,,,,,,,,,,,,,,,,,,,,,,,,,,,,,,,,,,,,,,,,,,,,,,,,,,,,,*/brˈɑðiː/,,,,,,,,,,,,,,,,,,
R49,,,,,,,,,,,,,,,,,,,,,,,,,,,,,,,,,,,,,,,,,,,,,,,,,,,,,,,,,,,,,,,,,,,,,,,,,,,,,,,,,,,,,,,,,,,,,,,,,,,,,,*/brˈɑjiː/,,,,,,,,,,,,,,,,,,
R50,,,,,,,,,,,,,,,,,,,,,,,,,,,,,,,,,,,,,,,,,,,,,,,,,,,,,,,,,,,,,,,,,,,,,,,,,,,,,,,,,,,,,,,,,,,,,,,,,,,,,,,,,,,,,,,,,,,,,,,,
R51,,,,,,*/ˌɑrdɑksˈɑnniː/,,,,,,,,,,,,,,,,,,,,,,,,,,,,,,,,,,,,,,,,,,,,,,,,,,,,,,,,,,,,,,,,,,,,,,,,,,,,,,,,,,,,,,,,,,,,,,,,,,,,,,,,,,,,,,,,,,
R52,,,,,,,,,,,,,,,,,,,,,,,,,,,,,,,,,,,,,,,,,,,,,,,,,,,,,,,,,,,,,,,,,,,,,,,,,,,,,,,,,,,,,,,,,,,,,,,,,,,,,,,,,,,,,,,,,,,,,,,,
R53,,,,,,,,,,,,,,,,,,,,,,,,,,,,,,,,,,,,,,,,,,,,,,,,,,,,,,,,,,,,,,,,,,,,,,,,,,,,,,,,,,,,,,,,,,,,,,,,,,,,,,,,,,,,,,,,,,,,,,,,
R54,,,,,,,,,,,,,,,,,,,,,,,,,,,,,,,,,,,,,,,,,,,,,,,,,,,,,,,,,,,,,,,,,,,,,,,,,,,,,,,,,,,,,,,,,,,,,,,,,,,,,,,,,,,,,,,,,,,,,,,,
R55,,*/hˈɑlljeːmmɑ/,,*/jˈeᵝˠʃj?0m/,,,,*/hjˈentʰjeːmɑj/,,,,,,*/kjˌ?0?1ɑ?2tˈəˤ/,,,,,,,,,,,*/ɡˌɔːljeˈon/,*/hˌɔːljˈenɑː/,,*/kjˌerɑsˈiːɑ/,*/tjˈermɑ/,,,,,,*/sjˈelpon/,,,,,,,,,*/stjˈeripʰon/,,,,,,*/ˌɑspjellˈon/,*/spjˈɛːlɑion/,,,,*/tʰˈipʰjɛːn/,,,,,*/djˈepɑ/,,,,,,*/dʰrjˈeᵝˠnim/,*/dʰrˈɒː?4j?0/,,,,,*/dˌijˈɛːmjeron/,,,,,,,*/ljˌekˈɑnjɛːn/,*/hjelɑiwˈɒːnioː/,,,,,*/hjˌerjˈeːkjɛːn/,,,,,,,,,*/pjˌerˈɑɔːo/,*/pjˈelɑɡon/,*/pjˈepɔːnɑ/,,,*/pˌɑrjˈɛːlion/,,,,,,*/hˈoijɛː/,,,,,,*/mˈɑtjɛː/,,,,,,,,,
R56,,,,,,,,,,,,,,,,,,,,,,,,,,*/hˌɔːljjˈɑnɑː/,,,*/tjjˈɑrmɑ/,,,,,,,,,,,,,,,,,,,,,,,,,,,,,,,*/djjˈɑpɑ/,,,,,,,,,,,,,,,,,,,,,,,,,,,,,,,,,,,*/pjjˈɑlɑɡon/,,,,,,,,,,,,,,,,,,,,,,,,,
R57,,,,,,,*/ˈɑɡriːon/,,,*/iːsˈɑmnum/,,,,,,,,,,,,,,,,,,,,,,,,*/sˌuːrˈiːzdoː/,,,*/skˈɑriːpʰon/,,,*/skˌɑmpˈiːnon/,,,,*/stjˈeriːpʰon/,*/hˈɑstiːbon/,,,,,,*/spjˈɛːlɑiːon/,*/spˈonɡiːɑ/,,,*/tʰˈiːpʰjɛːn/,,,,,,*/dˌusrhˈɑkʰiːon/,*/dˌyːrrˈɑkʰiːum/,,,*/drˈɑniːn/,*/dʰrjˈeᵝˠniːm/,,*/drˈiːwɑston/,,,,*/dˌiːjˈɛːmjeron/,,,*/iːˠɟ͡ʝˈiːɑː/,,,*/lˈɑbriːkʰon/,,*/hjelɑiːwˈɒːniːoː/,,,,,,,,,,,,,,,,,*/ˌɑpˌollonˈiːɑ/,,*/pˌɑrjˈɛːliːon/,,,,,,*/hˈoiːjɛː/,,,*/ˌɑwlˌɔːniːˈɒːton/,,*/mˈɑrɑdriːon/,,,*/mˌɑstˈiːkʰiːnon/,*/mˌɑnˈiːɑː/,*/mˈɑrɑtʰriːon/,,,*/mˈiːton/,,
=Classical Proto-Albanian,null*/hˈɑkson/,null*/hˈɑlljeːmmɑ/,null*/ˈɑɡrɑː/,null*/jˈeᵝˠʃj?0m/,null{ABSENT},null*/ˌɑrdɑksˈɑnniː/,null*/ˈɑɡriːon/,null*/hjˈentʰjeːmɑj/,null{ABSENT},null*/iːsˈɑmnum/,null*/hˈɔːkʰron/,null{ABSENT},null*/kɑstˈon/,null*/kjˌ?0?1ɑ?2tˈəˤ/,null{ABSENT},null*/kˌɑpnˈon/,null*/kˈɑntʰɑros/,null{ABSENT},null*/kˌokkˈumɑlon/,null*/ɡˌɑwsˈɒːfon/,null*/kˌorsɔːtˈos/,null*/kˌorsˈɔːton/,null{ABSENT},null*/ɡrˈɑmmɑ/,null*/ɡˌɔːljeˈon/,null*/hˌɔːljjˈɑnɑː/,null*/kˈɑnnɑ/,null*/kjˌerɑsˈiːɑ/,null*/tjjˈɑrmɑ/,null{ABSENT},null{ABSENT},null{ABSENT},null*/sˈɑrkɑ/,null*/sˌuːrˈiːzdoː/,null*/sjˈelpon/,null*/skˈɑlmɑːn/,null*/skˈɑriːpʰon/,null{ABSENT},null*/skˈɑpon/,null*/skˌɑmpˈiːnon/,null{ABSENT},null*/skʰˈiːnon/,null*/stˈɑmnon/,null*/stjˈeriːpʰon/,null*/hˈɑstiːbon/,null{ABSENT},null*/spˈɑron/,null*/spˈɑrɡɑnon/,null*/spˈɑrtɑ/,null*/ˌɑspjellˈon/,null*/spjˈɛːlɑiːon/,null*/spˈonɡiːɑ/,null*/spˈonɟɑ/,null*/tʰˌɔːrˈɑks/,null*/tʰˈiːpʰjɛːn/,null*/tˈomɒːros/,null*/tˈomɒːros/,null{ABSENT},null*/tʰˈumbrɑː/,null*/djjˈɑpɑ/,null*/dˌusrhˈɑkʰiːon/,null*/dˌyːrrˈɑkʰiːum/,null*/durrhˈɑcum/,null*/drˈɑpɑnon/,null*/drˈɑniːn/,null*/dʰrjˈeᵝˠniːm/,null*/dʰrˈɒː?4j?0/,null*/drˈiːwɑston/,null{ABSENT},null{ABSENT},null*/hˌɑjɟɑlˈon/,null*/dˌiːjˈɛːmjeron/,null{ABSENT},null*/d͡zˈiːd͡zɑː/,null*/iːˠɟ͡ʝˈiːɑː/,null*/nɑiːssˈon/,null*/lˈɑkʰɑnon/,null*/lˈɑbriːkʰon/,null*/ljˌekˈɑnjɛːn/,null*/hjelɑiːwˈɒːniːoː/,null*/lˈuːmɑ/,null{ABSENT},null{ABSENT},null{ABSENT},null*/hjˌerjˈeːkjɛːn/,null{ABSENT},null{ABSENT},null{ABSENT},null*/rɒːɡˈusso/,null*/pˈɑwlɑ/,null*/pˌɑlˈɑmɑː/,null{ABSENT},null{ABSENT},null*/pjˌerˈɑɔːo/,null*/pjjˈɑlɑɡon/,null*/pjˈepɔːnɑ/,null*/ˌɑpˌollonˈiːɑ/,null{ABSENT},null*/pˌɑrjˈɛːliːon/,null*/prˈɑson/,null*/brˈoːtɑkon/,null*/brˈɑjiː/,null*/brˈukɑː/,null{ABSENT},null*/hˈoiːjɛː/,null*/hˈorɡon/,null{ABSENT},null*/ˌɑwlˌɔːniːˈɒːton/,null*/ˌɑwlˈɔːnɑ/,null*/mˈɑrɑdriːon/,null*/mˈɑtjɛː/,null*/mˌɑlˈɑɡɑː/,null*/mˌɑstˈiːkʰiːnon/,null*/mˌɑnˈiːɑː/,null*/mˈɑrɑtʰriːon/,null*/mˈɑnɡɑnon/,null{ABSENT},null*/mˈiːton/,null*/mɒːkʰɑnˈɑː/,null*/mˈɒːlon/
R58,,,,,,,,,,,,,,,,,,,,,,,,,,,,,,,,,,,,,*/skˈɑriːfon/,,,,,,,*/stjˈeriːfon/,,,,,,,,,,,*/tʰˈiːfjɛːn/,,,,,,,,,,,,,,,,,,,,,,,,,,,,,,,,,,,,,,,,,,,,,,,,,,,,,,,,,,,,,,,,,
R59,,,,,,,,*/hjˈentjeːmɑj/,,,*/hˈɔːkron/,,,,,,*/kˈɑntɑros/,,,,,,,,,,,,,,,,,,,,,,,,,*/skˈiːnon/,,,,,,,,,,,,*/tˌɔːrˈɑks/,*/tˈiːfjɛːn/,,,,*/tˈumbrɑː/,,*/dˌusrhˈɑkiːon/,*/dˌyːrrˈɑkiːum/,,,,*/drjˈeᵝˠniːm/,*/drˈɒː?4j?0/,,,,,,,,,,*/lˈɑkɑnon/,*/lˈɑbriːkon/,,,,,,,,,,,,,,,,,,,,,,,,,,,,,,,,,,,*/mˌɑstˈiːkiːnon/,,*/mˈɑrɑtriːon/,,,,*/mɒːkɑnˈɑː/,
R60,,,,*/jˈeˠʃjeˠm/,,,,,,,,,,*/kjˌeˠ?1ɑ?2tˈəˤ/,,,,,,,,,,,,,,,,,,,,,,,,,,,,,,,,,,,,,,,,,,,,,,,,*/dˌiːrrˈɑkiːum/,,,,*/drjˈeˠniːm/,*/drˈɒː?4jeˠ/,,,,,,,,,,,,,,,,,,,,,,,,,,,,,,,,,,,,,,,,,,,,,,,,,,,,,
R61,,,,,,,,,,,,,,,,,,,,,,,,,,,,,,,,,,,,,,,,,,,,,,,,,,,,,,,,,,,,,,,,,,,,,,,,,,,,,,,,,,,,,,,,,,,,,,,,,,,,,,,,,,,,,,,,,,,,,,,,
R62,,,,,,,,,,,,,,,,,,,,,,,,,,,,,,,,,,,,,,,,,,,,,,,,,,,,,,,,,,,,,,,,,,,,,,,,,,,,,,,,,,,,,,,,,,,,,,,,,,,,,,,,,,,,,,,,,,,,,,,,
R63,,,,,,,,,,,,,,,,,,,,,,,,,,,,,,,,,,,,,,,,,,,,,,,,,,,,,,,,,,,,,,,,,,,,,,,,,,,,,,,,,,,,,,,,,,,,,,,,,,,,,,,,,,,,,,,,,,,,,,,,
R64,,,,,,,,,,,,,,,,,,,,,,,,,,,,,,,,,,,,,,,,,,,,,,,,,,,,,,,,,,,,,,,,,,,,,,,,,,,,,,,,,,,,,,,,,,,,,,,,,,,,,,,,,,,,,,,,,,,,,,,,
R65,,,,,,,,,,,,,,,,,*/kˈɑntɑro/,,,,,,,,,,,,,,,,,,,,,,,,,,,,,,,,,,,,,,,*/tˈomɒːro/,*/tˈomɒːro/,,,,,,,,,,,,,,,,,,,,,,,,,,,,,,,,,,,,,,,,,,,,,,,,,,,,,,,,,,,,,,,
R66,*/hˈɑkso/,,,*/jˈeˠʃjeˠ/,,,*/ˈɑɡriːo/,,,*/iːsˈɑmnu/,*/hˈɔːkro/,,,,,,,,*/kˌokkˈumɑlo/,*/ɡˌɑwsˈɒːfo/,,*/kˌorsˈɔːto/,,,,,,,,,,,,,*/sjˈelpo/,*/skˈɑlmɑː/,*/skˈɑriːfo/,,*/skˈɑpo/,*/skˌɑmpˈiːno/,,*/skˈiːno/,*/stˈɑmno/,*/stjˈeriːfo/,*/hˈɑstiːbo/,,*/spˈɑro/,*/spˈɑrɡɑno/,,,*/spjˈɛːlɑiːo/,,,,*/tˈiːfjɛː/,,,,,,*/dˌusrhˈɑkiːo/,*/dˌiːrrˈɑkiːu/,*/durrhˈɑcu/,*/drˈɑpɑno/,*/drˈɑniː/,*/drjˈeˠniː/,,*/drˈiːwɑsto/,,,,*/dˌiːjˈɛːmjero/,,,,,*/lˈɑkɑno/,*/lˈɑbriːko/,*/ljˌekˈɑnjɛː/,,,,,,*/hjˌerjˈeːkjɛː/,,,,,,,,,,*/pjjˈɑlɑɡo/,,,,*/pˌɑrjˈɛːliːo/,*/prˈɑso/,*/brˈoːtɑko/,,,,,*/hˈorɡo/,,*/ˌɑwlˌɔːniːˈɒːto/,,*/mˈɑrɑdriːo/,,,*/mˌɑstˈiːkiːno/,,*/mˈɑrɑtriːo/,*/mˈɑnɡɑno/,,*/mˈiːto/,,*/mˈɒːlo/
R67,,,,,,,,,,,,,,,,,,,,,,,,,,,,,,,,,,,,,,,,,,,,,,,,,,,,,,,,,,,,,,,,,,,,,,,,,,,*/iːˠd͡zˈiːɑː/,,,,,,,,,,,,,,,,,,,,,,,,,,,,,,,,,,,,,,,,,,,,,
R68,,,,,,,,,,,,,,,,,,,,,,,,,,,,,,,,,,,,,,,,,,,,,,,,,,,,,,,,,,,,,,,,,,,,,,,,,,,,,,,,,,,,,,,,,,,,,,,,,,,,,,,,,,,,,,,,,,,,,,,,
R69,,,,,,,,,,,,,,,,,,,,,*/kˌorsɔtˈos/,,,,*/ɡˌɔljeˈon/,*/hˌɔljjˈɑnɑː/,,,,,,,,*/sˌuːrˈiːzdo/,,,,,,,,,,,,,,,,,,,,*/tˌɔrˈɑks/,,*/tˈomɒro/,*/tˈomɒro/,,,,,,,,,,,,,,,,,,,,,,,*/hjelɑiːwˈɒːniːo/,,,,,,,,,*/rɒɡˈusso/,,,,,*/pjˌerˈɑɔo/,,*/pjˈepɔnɑ/,,,,,,,,,,,,*/ˌɑwlˌɔniːˈɒːto/,,,,,,,,,,,*/mɒkɑnˈɑː/,
R70,,,,,,,,,,,,,,,,,,,,,,,,,,,,,,,,,,,,,,,,,,,,,,,,,,,,,,,,,,,,,,,,,,,,,,,,,,,,,,,,,,,,,,,,,,,,,,,,,,,,,,,,,,,,,,,,,,,,,,,,
R71,,,,,,,,,,,,,,,,,,,,,,,,,,,,,,,,,,,,,,,,,,,,,,,,,,,,,,,,,,,,,,*/dˌiːrːˈɑkiːu/,*/durːhˈɑcu/,,,,,,,,,,,,,,,,,,,,,,,,,,,,,,,,,,,,,,,,,,,,,,,,,,,,,,,,,
R72,,,,,,,,,,,,,,,,,,,,,,,,,,,,,,,,,,,,,,,,,,,,,,,,,,,,,,,,,,,,,,,,,,*/dʎˈeˠniː/,,,,,,,,,,,,,,,,,,,*/hjˌeʎˈeːkjɛː/,,,,,,,,,,,,,,*/pˌɑʎˈɛːliːo/,,,,,,,,,,,,,,,,,,,,,
R73,,,,,,,*/ˈɑɡrjo/,,,,,,,,,,,,,,,,,,*/ɡˌɔljjˈon/,,,,,,,,,,,,,,,,,,,,,,,,,,*/spjˈɛːlɑjo/,*/spˈonɡjɑ/,,,,,,,,,*/dˌusrhˈɑkjo/,*/dˌiːrːˈɑkju/,,,,,,,,,,,,,,,,,,*/hjelɑiːwˈɒːnjo/,,,,,,,,,,,,,,*/pjˌerˈɑʊ̯o/,,,,,*/pˌɑʎˈɛːljo/,,,,,,,,,*/ˌɑwlˌɔnjˈɒːto/,,*/mˈɑrɑdrjo/,,,,,*/mˈɑrɑtrjo/,,,,,
R74,*/hˈɑksɔ/,,,*/jˈɛˠʃjɛˠ/,,,*/ˈɑɡrjɔ/,*/hjˈɛntjeːmɑj/,,*/iːsˈɑmnʊ/,*/hˈɔːkrɔ/,,*/kɑstˈɔn/,*/kjˌɛˠ?1ɑ?2tˈəˤ/,,*/kˌɑpnˈɔn/,*/kˈɑntɑrɔ/,,*/kˌɔkkˈʊmɑlɔ/,*/ɡˌɑwsˈɒːfɔ/,*/kˌɔrsɔtˈɔs/,*/kˌɔrsˈɔːtɔ/,,,*/ɡˌɔljjˈɔn/,,,*/kjˌɛrɑsˈiːɑ/,,,,,,*/sˌuːrˈiːzdɔ/,*/sjˈɛlpɔ/,,*/skˈɑriːfɔ/,,*/skˈɑpɔ/,*/skˌɑmpˈiːnɔ/,,*/skˈiːnɔ/,*/stˈɑmnɔ/,*/stjˈɛriːfɔ/,*/hˈɑstiːbɔ/,,*/spˈɑrɔ/,*/spˈɑrɡɑnɔ/,,*/ˌɑspjɛllˈɔn/,*/spjˈɛːlɑjɔ/,*/spˈɔnɡjɑ/,*/spˈɔnɟɑ/,,,*/tˈɔmɒrɔ/,*/tˈɔmɒrɔ/,,*/tˈʊmbrɑː/,,*/dˌʊsrhˈɑkjɔ/,*/dˌiːrːˈɑkjʊ/,*/dʊrːhˈɑcʊ/,*/drˈɑpɑnɔ/,,*/dʎˈɛˠniː/,*/drˈɒː?4jɛˠ/,*/drˈiːwɑstɔ/,,,*/hˌɑjɟɑlˈɔn/,*/dˌiːjˈɛːmjɛrɔ/,,,,*/nɑiːssˈɔn/,*/lˈɑkɑnɔ/,*/lˈɑbriːkɔ/,*/ljˌɛkˈɑnjɛː/,*/hjɛlɑiːwˈɒːnjɔ/,,,,,*/hjˌɛʎˈeːkjɛː/,,,,*/rɒɡˈʊssɔ/,,,,,*/pjˌɛrˈɑʊ̯ɔ/,*/pjjˈɑlɑɡɔ/,*/pjˈɛpɔnɑ/,*/ˌɑpˌɔllɔnˈiːɑ/,,*/pˌɑʎˈɛːljɔ/,*/prˈɑsɔ/,*/brˈoːtɑkɔ/,,*/brˈʊkɑː/,,*/hˈɔiːjɛː/,*/hˈɔrɡɔ/,,*/ˌɑwlˌɔnjˈɒːtɔ/,,*/mˈɑrɑdrjɔ/,,,*/mˌɑstˈiːkiːnɔ/,,*/mˈɑrɑtrjɔ/,*/mˈɑnɡɑnɔ/,,*/mˈiːtɔ/,,*/mˈɒːlɔ/
R75,,,,,,,,,,,,,,,,,,,,,,,,,,,,,,,,,,,,,,,,,,,,,,,,,,,,*/spˈʊnɡjɑ/,*/spˈʊnɟɑ/,,,,,,,,,,,,,,,,,,,,,,,,,,,,,,,,,,,,,,,,,,,,,,,,,,,,,,,,,,,,,,,,,,,
R76,,,,,,,,,,,,,,,,,,,,,,,,,,,,,,,,,,,,,,,,,,,,,,,,,,,,,,,,,,,,,,,,,,,,,,,,,,,,,,,,,,,,,,,,,,,,,,,,,,,,,,,,,,,,,,,,,,,,,,,,
R77,,,,,,*/ˌɑrdɑksˈɑnni/,,,,*/isˈɑmnʊ/,,,,,,,,,,,,,,,,,,*/kjˌɛrɑsˈiɑ/,,,,,,*/sˌuːrˈizdɔ/,,,*/skˈɑrifɔ/,,,*/skˌɑmpˈinɔ/,,*/skˈinɔ/,,*/stjˈɛrifɔ/,*/hˈɑstibɔ/,,,,,,,,,,*/tˈifjɛː/,,,,,,,*/dˌirːˈɑkjʊ/,,,*/drˈɑni/,*/dʎˈɛˠni/,,*/drˈiwɑstɔ/,,,,*/dˌijˈɛːmjɛrɔ/,,*/d͡zˈid͡zɑː/,*/iˠd͡zˈiɑː/,*/nɑissˈɔn/,,*/lˈɑbrikɔ/,,*/hjɛlɑiwˈɒːnjɔ/,,,,,,,,,,,,,,,,,*/ˌɑpˌɔllɔnˈiɑ/,,,,,*/brˈɑji/,,,*/hˈɔijɛː/,,,,,,,,*/mˌɑstˈikinɔ/,*/mˌɑnˈiɑː/,,,,*/mˈitɔ/,,
R78,,,,,,,,,,,,,,,,,,,,,,,,,,,,,,,,,,,,,,,,,,,,,,,,,,,,,,,,,,,,,,*/dˈirːɑkjʊ/,,,,,,,,,,,,,,,,,,,,,,,,,,,,,,,,,,,,,,,,,,,,,,,,,,,,,,,,,,
R79,,,,,,,,,,,,,,,,,,,,,,,,,,,,,,,,,,,,,,,,,,,,,,,,,,,,,,,,,,,,,,,,,,,,,,,,,,,,,,,,,,,,,,,,,,,,,,,,,,,,,,,,,,,,,,,,,,,,,,,,
R80,,,,,,,,,,,,,,,,,,,,,,,,,,,,,,,,,,,,,,,,,,,,,,,,,,,,,,,,,,,,,,,,,,,,,,,,,,,,,,,,,,,,,,,,,,,,,,,,,,,,,,,,,,,,,,,,,,,,,,,,
R81,,,,,,,,,,,,,,,,,,,*/kˌʊkkˈʊmɑlɔ/,,*/kˌʊrsɔtˈɔs/,*/kˌʊrsˈɔːtɔ/,,,*/ɡˌʊljjˈɔn/,*/hˌʊljjˈɑnɑː/,,,,,,,,,,,,,,,,,,,,,,,,,,,,*/tˌʊrˈɑks/,,,,,,,,,,,,,,,,,,,,,,,,,,,,,,,,,,,,,,,,,,,*/ˌɑpˌʊllɔnˈiɑ/,,,,,,,,,,,*/ˌɑwlˌʊnjˈɒːtɔ/,,,,,,,,,,,,
R82,,,,,,,,,,,,,,,,,,,,,,,,,,,,,,,,,,,,,,,,,,,,,,,,,,,,,,,,,,,,,,,,,,,,,,,,,,,,,,,,,,,,,,,,,,,,,,,,,,,,,,,,,,,,,,,,,,,,,,,,
R83,,,,,,,,,,,,,,,,,,,,,,,,,,,,,,,,,,,,,,,,,,,,,,,,,,,,,,,,,,,,,,,,,,,,,,,,,,,,,,,,,,,,,,,,,,,,,,,,,,,*/pˌɑʎˈᴂːljɔ/,,,,,,,,,,,,,,,,,,,,,
R84,,,,,,,,,,,,,,,,,,,,,,,,,,,,,,,,,,,,,,,,,,,,,,,,,,,,,,,,,,,,,,,,,,,,,,,,,,,,,,,,,,,,,,,,,,,,,,,,,,,,,,,,,,,,,,,,,,,,,,,,
R85,,,,,,,,,,,,,,,,,,,,,,,,,,,,,,,,,,,,,,,,,,,,,,,,,,,,,,,,,,,,,,,,,,,,,,,,,,,,,,,,,,,,,,,,,,,,,,,,,,,,,,,,,,,,,,,,,,,,,,,,
R86,,,,,,,,,,,,,,,,,,,,,,,,,,,,,,,,,,,,,,,,,,,,,,,,,,,,,,,,,,,,,,,,,,,,,,,,,,,,,,,,,,,,,,,,,,,,,,,,,,,,,,,,,,,,,,,,,,,,,,,,
R87,,,,*/ɟˈɛˠʃjɛˠ/,,,,,,,,,,,,,,,,,,,,,,,,,,,,,,,,,,,,,,,,,,,,,,,,,,,,,,,,,,,,,,,,,,,,,,,,,,,,,,,,,,,,,,,,,,,,,,,,,,,,,,,,,,,,,,,,,,,,
R88,,,,,,,,,,,,,,,,,,,,,,,,,,,,,,,,,,,,,,,,,,,,,,,,,,,,,,,,,,,,,,,,,,,,,,,,,,,,,,,,,,,,,,,,,,,,,,,,,,,,,,,,,,,,,,,,,,,,,,,,
R89,,,,,,*/ˌɑrdɑksˈɑnːi/,,,,,,,,,,,,,,,,,,,,,*/kˈɑnːɑ/,,,,,,,,,,,,,,,,,,,,,,,,,,,,,,,,,,,,,,,,,,,,,,,,,,,,,,,,,,,,,,,,,,,,,,,,,,,,,,,,,,,,,,,,,,,,,
=Middle Proto-Albanian I,null*/hˈɑksɔ/,null*/hˈɑlljeːmmɑ/,null*/ˈɑɡrɑː/,null*/ɟˈɛˠʃjɛˠ/,null{ABSENT},null*/ˌɑrdɑksˈɑnːi/,null*/ˈɑɡrjɔ/,null*/hjˈɛntjeːmɑj/,null{ABSENT},null*/isˈɑmnʊ/,null*/hˈɔːkrɔ/,null{ABSENT},null*/kɑstˈɔn/,null*/kjˌɛˠ?1ɑ?2tˈəˤ/,null{ABSENT},null*/kˌɑpnˈɔn/,null*/kˈɑntɑrɔ/,null{ABSENT},null*/kˌʊkkˈʊmɑlɔ/,null*/ɡˌɑwsˈɒːfɔ/,null*/kˌʊrsɔtˈɔs/,null*/kˌʊrsˈɔːtɔ/,null{ABSENT},null*/ɡrˈɑmmɑ/,null*/ɡˌʊljjˈɔn/,null*/hˌʊljjˈɑnɑː/,null*/kˈɑnːɑ/,null*/kjˌɛrɑsˈiɑ/,null*/tjjˈɑrmɑ/,null{ABSENT},null{ABSENT},null{ABSENT},null*/sˈɑrkɑ/,null*/sˌuːrˈizdɔ/,null*/sjˈɛlpɔ/,null*/skˈɑlmɑː/,null*/skˈɑrifɔ/,null{ABSENT},null*/skˈɑpɔ/,null*/skˌɑmpˈinɔ/,null{ABSENT},null*/skˈinɔ/,null*/stˈɑmnɔ/,null*/stjˈɛrifɔ/,null*/hˈɑstibɔ/,null{ABSENT},null*/spˈɑrɔ/,null*/spˈɑrɡɑnɔ/,null*/spˈɑrtɑ/,null*/ˌɑspjɛllˈɔn/,null*/spjˈɛːlɑjɔ/,null*/spˈʊnɡjɑ/,null*/spˈʊnɟɑ/,null*/tˌʊrˈɑks/,null*/tˈifjɛː/,null*/tˈɔmɒrɔ/,null*/tˈɔmɒrɔ/,null{ABSENT},null*/tˈʊmbrɑː/,null*/djjˈɑpɑ/,null*/dˌʊsrhˈɑkjɔ/,null*/dˈirːɑkjʊ/,null*/dʊrːhˈɑcʊ/,null*/drˈɑpɑnɔ/,null*/drˈɑni/,null*/dʎˈɛˠni/,null*/drˈɒː?4jɛˠ/,null*/drˈiwɑstɔ/,null{ABSENT},null{ABSENT},null*/hˌɑjɟɑlˈɔn/,null*/dˌijˈɛːmjɛrɔ/,null{ABSENT},null*/d͡zˈid͡zɑː/,null*/iˠd͡zˈiɑː/,null*/nɑissˈɔn/,null*/lˈɑkɑnɔ/,null*/lˈɑbrikɔ/,null*/ljˌɛkˈɑnjɛː/,null*/hjɛlɑiwˈɒːnjɔ/,null*/lˈuːmɑ/,null{ABSENT},null{ABSENT},null{ABSENT},null*/hjˌɛʎˈeːkjɛː/,null{ABSENT},null{ABSENT},null{ABSENT},null*/rɒɡˈʊssɔ/,null*/pˈɑwlɑ/,null*/pˌɑlˈɑmɑː/,null{ABSENT},null{ABSENT},null*/pjˌɛrˈɑʊ̯ɔ/,null*/pjjˈɑlɑɡɔ/,null*/pjˈɛpɔnɑ/,null*/ˌɑpˌʊllɔnˈiɑ/,null{ABSENT},null*/pˌɑʎˈᴂːljɔ/,null*/prˈɑsɔ/,null*/brˈoːtɑkɔ/,null*/brˈɑji/,null*/brˈʊkɑː/,null{ABSENT},null*/hˈɔijɛː/,null*/hˈɔrɡɔ/,null{ABSENT},null*/ˌɑwlˌʊnjˈɒːtɔ/,null*/ˌɑwlˈɔːnɑ/,null*/mˈɑrɑdrjɔ/,null*/mˈɑtjɛː/,null*/mˌɑlˈɑɡɑː/,null*/mˌɑstˈikinɔ/,null*/mˌɑnˈiɑː/,null*/mˈɑrɑtrjɔ/,null*/mˈɑnɡɑnɔ/,null{ABSENT},null*/mˈitɔ/,null*/mɒkɑnˈɑː/,null*/mˈɒːlɔ/
R90,,,,,,,,,,,,,,,,,,,,,,,,,,,,,,,,,,,,,,,,,,,,,,,,,,,,,,,,,,,,,,,,,,,,,,,,,,,,,,,,,,,,,,,,,,,,,,,,,,,,,,,,,,,,,,,,,,,,,,,,
R91,,,,,,,,,,,,,,,,,,,*/kˌʊkkˈʊmɑlˠɔ/,,,,,,,,,,,,*/kˈɛfɑlˠɔn/,,,,,,,,,,,,,,,*/stˈylˠɑ/,,,,,*/spjˈɛːlˠɑjɔ/,,,,,,,,,,,,,,,,,,,,*/hˌɑjɟɑlˠˈɔn/,,,,,,,,,*/hjɛlˠɑiwˈɒːnjɔ/,,,,,,,,,,,*/pˌɑlˠˈɑmɑː/,,,,*/pjjˈɑlˠɑɡɔ/,,,,,,,,,*/fˌɑkiˈɔlˠɑ/,,,,,,,,*/mˌɑlˠˈɑɡɑː/,,,,,,,,*/mˈɒːlˠɔ/
R92,,*/hˈɑʎeːmmɑ/,,,,,,,,,,,,,,,,,,,,,,,*/ɡˌʊʎjˈɔn/,*/hˌʊʎjˈɑnɑː/,,,,,,,,,,,,,,,,,,,,,,,,,,,,,,,,,,,,,,,,,,,,,,,,,,,,,*/ʎˌɛkˈɑnjɛː/,,,,,,,,,,,,,,,,,,,,*/pˌɑʎˈᴂːʎɔ/,,,,,,,,,,,,,,,,,,,,,
R93,,,,,,,,,,,,,,,,,,,,,,,,,,,,,,,,,,,,,,,,,,,,,,,,,,,,,,,,,,,,,,,,,,,,,,,,,,,,,,,,,,,,,,,,,,,,,,,,,,,,,,,,,,,,,,,,,,,,,,,,
R94,,,,,,,,,,,,,,,,,,,,,,,,,,,,,,,,,,,,,,,,,,,,,,,,,,,,,,,,,,,,,,,,,,,,,,,,,,,,,,,,,,,,,,,,,,,,,,,,,,,,,,,,,,,,,,,,,,,,,,,,
R95,,,,,,,,,,,,,,,,,,,,,,,,,,,,,,,,,,,,,,,,,,,,,,,,,,,,,,,,,,,,,,,,,,,,,,,,,,,,,,,*/ʎˌɛkˈɑɲɛː/,*/hjɛlˠɑiwˈɒːɲɔ/,,,,,,,,,,,,,,,,,,,,,,,,,,,,*/ˌɑwlˌʊɲˈɒːtɔ/,,,,,,,,,,,,
R96,,,,,,,,,,,,,,,,,,,,,,,,,,,,,,,,,,,,,,,,,,,,,,,,,,,,*/spˈʊɲjɑ/,,,,,,,,,,,,,,,,,,,,,,,,,,,,,,,,,,,,,,,,,,,,,,,,,,,,,,,,,,,,,,,,,,,,
R97,,,,,,,,,,,,,,,,,,,,,,,,,,,,,,,,,,,,,,,,,,,,,,,,,,,,,,,,,,,,,,,,,,,,,,,,,,*/ðˈiðɑː/,*/iˠðˈiɑː/,,,,,,,,,,,,,,,,,,,,,,,,,,,,,,,,,,,,,,,,,,,,,
R98,,,,,,,,,,,,,,,,,,,,,,,,,,,,,,,,,,,,,,,,,,,,,,,,,,,,,,,,,,,,,,,,,,,,,,,,,,,,,,,,,,,,,,,,,,,,,,,,,,,,,,,,,,,,,,,,,,,,,,,,
R99,,,,,,,,,,,,,,,,,,,,,,,,,,,,,,,,,,,,,,,,,,,,,,,,,,,,,,,,,,,,,,,,,,,,,,,,,,,,,,,,,,,,,,,,,,,,,,,,,,,,,,,,,,,,,,,,,,,,,,,,
R100,,,,,,,,,,,,,,,,,,,,,,,,,*/ɡˌʊljˈɔn/,*/hˌʊljˈɑnɑː/,,,,,,,,,,,,,,,,,,,,,,,,,,,,,,,,,,,,,,,,,,,,,,,,,,,,,,,,,,,,,,,,,,,,,,,,,,,,,,,,,,,,,,,,,,,,,,
R101,,,,,,,,,,,,,,,,,,,,,,,,,,,,,,,,,,,,,,,,,,,,,,,,,,,,,,,,,,,,,,,,,,,,,,,,,,,,,,,,,,,,,,,,,,,,,,,,,,,,,,,,,,,,,,,,,,,,,,,,
R102,,,,,,,,,,,,,,,,,,,,,,,,,,,,,,,,,,,,,,,,,,,,,,,,,,,,,,,,,,,,,,,,,,,,,,,,,,,,,,,,,,,,,,,,,,,,,,,,,,,,,,,,,,,,,,,,,,,,,,,,
R103,,,,,,,,,,,,,,,,,,,,,,,,,,,,,,,,,,,,,,,,,,,,,,,,,,,,,,,,,,,,,,,,,,,,,,,,,,,,,,,,,,,,,,,,,,,,,,,,,,,,,,,,,,,,,,,,,,,,,,,,
R104,,,,,,,,,,,,,,,,,,,,,,,,,,,,,,,,,,,,,,,,,,,,,,,,,,,,,,,,,,,,,,,,,,,,,,,,,,,,,,,,,,,,,,,,,,,,,,,,,,,,,,,,,,,,,,,,,,,,,,,,
R105,,,,,,,,,,,,,,,,,,,,,,,,,,,,,,,,,,,,,,,,,,,,,*/hˈɑstiβɔ/,,,,,,,,,,,,,,,,,,,,,,,,,,,,,,,,,*/lˈɑβrikɔ/,,,,,,,,,,,,,,,,,,,,,,,,,,,,,,,,,,,,,,,,,,
R106,,,,,,,,,,,,,,,,,,,,,,,,,,,,,,,,,,,,,,,,,,,,,,,,,,,,,,,,,,,,,,,,,,,,,,,,,,,,,,,,,,,,,,,,,,,,,,,,,,,,,,,,,,,,,,,,,,,,,,,,
R107,,,,,,,,,,,,,,,,,,,,,,,,,,,,,,,,,,,,,,,,,,,,,,,,,,*/ˌɑspjɛlːˈɔn/,,,,,,,,,,,,,,,,,,,,,,,,,,,,,,,,,,,,,,,,,,,,,,,*/ˌɑpˌʊlːɔnˈiɑ/,,,,,,,,,,,,,,,,,,,,,,,
R108,,,,,,,,,,,,,,,,,,,,,,,,,,,,,,,,,,,,,,,,,,,,,,,,,,,,,,,,,,,,,,,,,,,,,,,,,,,,,,,,,,,,,,,,*/rːˈɑpyn/,*/rːɒɡˈʊssɔ/,,,,,,,,,,,,,,,,,,,,,,,,,,,,,,,
R109,,,,,,,,,,,,,,,,,,,,,*/kˌʊrstˈɔs/,,,,,,,,,,,,,,,,,,,,,,,,,,,,,,,,,,,,,,,,,,,,,,,,,,,,,,,,,,,,,,,,,,,,,,,,,,,,,,,,*/brˈoːtkɔ/,,,,,,,,,,,,,,,,,,,
R110,,,,,,,,,,,,,,,,,,,,,,,,,,,,,,,,,,,,,,,,,,,,,,,,,,,,,,,,,,,,,,,,,,,,,,,,,,,,,,*/lˈɑβrkɔ/,,,,,,,,,,,,,,,,,,,,,,,,,,,,,,,,,,,,,,,,,,
R111,,,,,,,,,,,,,,,,,,,,,,,,,,,,,,,,,,,,,,,,,,,,,,,,,,,,,,,,,,,,,,,,,,,,,,,,,,,,,,,,,,,,,,,,,,,,,,,,,,,,,,,,,,,,,,,,,,,,,,,,
R112,,,,,,,,,,,,,,,,,,,,,,,,,,,,,,,,,,,,,,,,,,,,,,,,,,,,,,,,,,,,,,,,,,,,,,,,,,,,,,,,,,,,,,,,,,,,,,,,,,,,,,,,,,,,,,,,,,,,,,,,
R113,,,,,,,,,,,,,,,,,,,,,,,,,,,,,,,,,,,,,,,,,,,,,,,,,,,,,,,,,,,,,,,,,,,,,,,,,,,,,,,,,,,,,,,,,,,,,,,,,,,,,,,,,,,,,,,,,,,,,,,,
R114,,,,,,,,,,,,,,,,,,,,,,,,,,,,,,,,,,,,,,,,,,,,,,,,,,,,,,,,,,,,,,,,,,,,,,,,,,,,,,,,,,,,,,,,,,,,,,,,,,,,,,,,,,,,,,,,,,,,,,,,
R115,,,,,,,,,,,,,,,,,,,,,,,,,,,,,,,,,,,,,,,,,,,,,,,,,,,,,,,,,,,,,,,,,,,,,,,,,,,,,,*/lˈɑrkɔ/,,,,,,,,,,,,,,,,,,,,,,,,,,,,,,,,,,,,,,,,,,
R116,,,,,,,,,,,,,,,,,,,,,,,,,,,,,,,,,,,,,,,,,,,,,,,,,,,,,,,,,,,,,,,,,,,,,,,,,,,,,,,,,,,,,,,,,,,,,,,,,,,,,,,,,,,,,,,,,,,,,,,,
R117,,,,,,,,,,,,,,,,,,,,,,,,,,,,,,,,,,,,,,,,,,,,,,,,,,,,,,,,,,,,,,,,,,,,,,,,,,,,,,,,,,,,,,,,,,,,,,,,,,,,,,,,,,,,,*/ˌɑwlˈɔːˤnɑ/,,,,,,,,,,,
R118,,,,,,,,,,,,,,,,,,,,,,,,,,,,,,,,,,,,,,,,,,,,,,,,,,,,,,,,,,,,,,,,,,,,,,,,,,,,,,,,,,,,,,,,,,,,,,,,,,,,,,,,,,,,,,,,,,,,,,,,
R119,,,,,,,,,,,,,,,,,,,,,,,,,,,,,,,,,,,,,,,,,,,,,,,,,,,,,,,,,,,,,,,,,,,,,,,,,,,,,,,,,,,,,,,,,,,,,,,,,,,,,,,,,,,,,,,,,,,,,,,,
R120,,,,,,,,,,,,,,,,,,,,,,,,,,,,,,,,,,,,,,,,,,,,,,,,,,,,,,,,,,,,,,,,,,,,,,,,,,,,,,,,,,,,,,,,,,,,,,,,,,,,,,,,,,,,,,,,,,,,,,,,
R121,,,,,,,,,,,,,,,,,,,,,,,,,,,,,,,,,,,,,,,,,,,,,,,,,,,,,,,,,,,,,,,,,,,,,,,,,,,,,,,,,,,,,,,,,,,,,,,,,,,*/pˌɑʎˈɔːˤʎɔ/,,,,,,,,,,,,,,,,,,,,,
R122,,,,,,,,,,,,,,,,,,,,*/ɡˌɑwsˈɒfɔ/,,,,,,,,,,,,,,,,,,,,,,,,,,,,,,,,,,,,,,,,,,,,,,,,,,,,,,,,,,,,,,,,,,,,,,,,,,,,,,,,,,,,,,,,,,,,,,,,,,,,
R123,,,,,,,,,,,*/hˈœːkrɔ/,,,,,,,,,,,*/kˌʊrsˈœːtɔ/,,,,,,,,,,,,*/sˌyːrˈizdɔ/,,,,,,,,,,,,,,,,,,,,,,,,*/tˌɛtrˈɑnɡyːrɔn/,,,,,,,,,,,,,,,,,,,,,,,*/lˈyːmɑ/,,,,,,,,,,,,*/prˌœːtɔɡˈɛnnɛːmɑ/,,,,,*/plˈœːrɛː/,,,*/brˈøːtkɔ/,,,,,,,,,,,,,,,,,,,
R124,,,,,,,,,,,,,,,,,,,,,,,,,,,,,,,,,,,,,,,,,,,,,,,,,,,,,,,,,,,,,,,,,,,,,,,,,,,,,,,,*/hjɛlˠɑˈiwɒːɲɔ/,,,,,,,,,,,,,,,,,,,,,,,,,,,,,,,,,,,,,,,,
R125,,,,,,,,,,,,,,,,,,,,,,,,,,,,,,,,,,,,,,,,,,,,,,,,,,,,,,,,,,,,,,,,,,,,,,,,,,,,,,,,,,,,,,,,,,,,,,,,,,,,,,,,,,,,,,,,,,,,,,,,
R126,,,,,,,,,,,,,,,,,,,,,,,,,,,,,,,,,,,,,,,,,,,,,,,,,,,,,,,,,,,,,,,,,,,,,,,,,,,,,,,,,,,,,,,,,,,,,,,,,,,,,,,,,,,,,,,,,,,,,,,,
R127,,,,,,,,,,,,,,,,,,,,*/ɡˌɑwsˈɔfɔ/,,,,,,,,,,,,,,,,,,,,,,,,,,,,,,,,,,,,*/tˈɔmɔrɔ/,*/tˈɔmɔrɔ/,,,,,,,,,,*/drˈɔː?4jɛˠ/,,,,,,,,,,,,,*/hjɛlˠɑˈiwɔːɲɔ/,,,,,,,,,*/rːɔɡˈʊssɔ/,,,,,,,,,,*/pˌɑʎˈɔːʎɔ/,,,,,,,,,*/ˌɑwlˌʊɲˈɔːtɔ/,*/ˌɑwlˈɔːnɑ/,,,,,,,,,,*/mɔkɑnˈɑː/,*/mˈɔːlˠɔ/
R128,,,,,,,,,,,,,,,,,,,,,,,,,,,,,,,,,,,,,,,,,,,,,,,,,,,,,,,,,,,,,,,,,,,,,,,,,,,,,,,,,,,,,,,,,,,,,,,,,,,,,,,,,,,,,,,,,,,,,,,,
R129,,,,,,,,,,,,,,,,,,,,,,,,,,,,,,,,,,,,,,,,,,,,,,,,,,,,,,,,,,,,,,,,,,,,,,,,,,,,,,,,,,,,,,,,,,,,,,,,,,,,,,,,,,,,,,,,,,,,,,,,
R130,,,,,,,,,,,,,,,,,,,,,,,,,,,,,,,,,,,,,,,,,,,,,,,,,,,,,,,,,,,,,,,,,,,,,,,,,,,,,,,,,,,,,,,,,,,,,,,,,,,,,,,,,,,,,,,,,,,,,,,,
R131,,*/hˈɑʎemmɑ/,*/ˈɑɡrɑ/,,,,,*/hjˈɛntjemɑj/,*/ˈɛxɔn/,,*/hˈœkrɔ/,,,,,,,,,,,*/kˌʊrsˈœtɔ/,,,,*/hˌʊljˈɑnɑ/,,,,,,*/kˌɛrˈiɑ/,,*/sˌyrˈizdɔ/,,*/skˈɑlmɑ/,,,,,,,,,,,,,,,*/spjˈɛlˠɑjɔ/,,,,*/tˈifjɛ/,,,*/tˌɛtrˈɑnɡyrɔn/,*/tˈʊmbrɑ/,,,,,,,,*/drˈɔ?4jɛˠ/,,,,,*/dˌijˈɛmjɛrɔ/,,*/ðˈiðɑ/,*/iˠðˈiɑ/,,,,*/ʎˌɛkˈɑɲɛ/,*/hjɛlˠɑˈiwɔɲɔ/,*/lˈymɑ/,,,,*/hjˌɛʎˈekjɛ/,,,,,,*/pˌɑlˠˈɑmɑ/,,*/prˌœtɔɡˈɛnnɛmɑ/,,,,,*/plˈœrɛ/,*/pˌɑʎˈɔʎɔ/,,*/brˈøtkɔ/,,*/brˈʊkɑ/,,*/hˈɔijɛ/,,,*/ˌɑwlˌʊɲˈɔtɔ/,*/ˌɑwlˈɔnɑ/,,*/mˈɑtjɛ/,*/mˌɑlˠˈɑɡɑ/,,*/mˌɑnˈiɑ/,,,,,*/mɔkɑnˈɑ/,*/mˈɔlˠɔ/
R132,*/hˈɑkso/,,,,,,*/ˈɑɡrjo/,,*/ˈɛxon/,*/isˈɑmnu/,*/hˈøkro/,,*/kɑstˈon/,,,*/kˌɑpnˈon/,*/kˈɑntɑro/,,*/kˌukkˈumɑlˠo/,*/ɡˌɑwsˈofo/,*/kˌurstˈos/,*/kˌursˈøto/,*/ɡrˌɑfˈɛjon/,,*/ɡˌuljˈon/,*/hˌuljˈɑnɑ/,,,,*/stˈɛfɑnon/,*/kˈɛfɑlˠon/,,,*/sˌyrˈizdo/,*/sjˈɛlpo/,,*/skˈɑrifo/,*/skˈɑmnon/,*/skˈɑpo/,*/skˌɑmpˈino/,,*/skˈino/,*/stˈɑmno/,*/stjˈɛrifo/,*/hˈɑstiβo/,,*/spˈɑro/,*/spˈɑrɡɑno/,,*/ˌɑspjɛlːˈon/,*/spjˈɛlˠɑjo/,*/spˈuɲjɑ/,*/spˈunɟɑ/,*/tˌurˈɑks/,,*/tˈomoro/,*/tˈomoro/,*/tˌɛtrˈɑnɡyron/,*/tˈumbrɑ/,,*/dˌusrhˈɑkjo/,*/dˈirːɑkju/,*/durːhˈɑcu/,*/drˈɑpɑno/,,,*/drˈo?4jɛˠ/,*/drˈiwɑsto/,,,*/hˌɑjɟɑlˠˈon/,*/dˌijˈɛmjɛro/,*/θˈɑmnon/,,,*/nɑissˈon/,*/lˈɑkɑno/,*/lˈɑrko/,,*/hjɛlˠɑˈiwoɲo/,,,,,,,,,*/rːoɡˈusso/,,,,*/prˌøtoɡˈɛnnɛmɑ/,*/pjˌɛrˈɑʊ̯o/,*/pjjˈɑlˠɑɡo/,*/pjˈɛponɑ/,*/ˌɑpˌulːonˈiɑ/,*/plˈørɛ/,*/pˌɑʎˈoʎo/,*/prˈɑso/,*/brˈøtko/,,*/brˈukɑ/,*/fˌɑkiˈolˠɑ/,*/hˈoijɛ/,*/hˈorɡo/,,*/ˌɑwlˌuɲˈoto/,*/ˌɑwlˈonɑ/,*/mˈɑrɑdrjo/,,,*/mˌɑstˈikino/,,*/mˈɑrɑtrjo/,*/mˈɑnɡɑno/,*/mˌɛtˈoxio/,*/mˈito/,*/mokɑnˈɑ/,*/mˈolˠo/
R133,,,,,,,,,,,,,,,,,,,,,,,,,,,,,,,,,,,,,,,,,,,,,,,,,,,,,,,,,,,,,,,,,,,,,,,,,,,,,,,,,,,,,,,,,,,,,,,,,,,,,,,,,,,,,,,,,,,,,,,,
R134,,,,,,,,,,,,,,,,,,,,,,,,,,,,,,,,,,,,,,,,,,,,,,,,,,,,,,,,,,,,,,,,,,,,,,,,,,,,,,,,,,,,,,,,,,,,,,,,,,,,,,,,,,,,,,,,,,,,,,,,
R135,,,,,,,,*/hjˈɛnt͡ʃjemɑj/,,,,,,,,,,,,,,,,,,,,,*/t͡ʃjjˈɑrmɑ/,,,,,,,,,,,,,,,*/st͡ʃjˈɛrifo/,,,,,,,,,,,,,,,,*/d͡ʒjjˈɑpɑ/,,,,,,,,,,,,,,,,,,,,,,,,,,,,,,,,,,,,,,,,,,,,,,,,,,,*/mˈɑt͡ʃjɛ/,,,,,,,,,
R136,,,,,,,,,,,,,,,,,,,,,,,,,,,,,,,,,,,,,,,,,,,,,,,,,,,,,,,,,,,,,,,,,,,,,,,,,,,,,,,,,,,,,,,,,,,,,,,,,,,,,,,,*/fˌɑkjˈolˠɑ/,,,,,,,,,,,,,,,,
R137,,,,,,,,,,,,,,,,,,,,,,,,,,,,*/kjˌɛrɑsˈijɑ/,,,,*/kˌɛrˈijɑ/,,,,,,,,,,,,,,,,,,,,,,,,,,,,,,,,,,,,,,,,,,,*/iˠðˈijɑ/,,,,,,,,,,,,,,,,,*/prˌykˈijɑ/,,,,,*/ˌɑpˌulːonˈijɑ/,,,,,,,,,,,,,,,,,*/mˌɑnˈijɑ/,,,,,,
R138,,,,,,,,,,,,,,,,,,,,,,,,,,,,,,,,,,,,,,,,,,,,,,,,,,,,,,,,,,,,,,,,,,,,,,,,,,,,,,,,,,,,,,,,,,,,,,,,,,,,,,,,,,,,,,,,,,,,,,,,
R139,,,,,,,,,,,,,,,,,,,,,,,,,,,,,,,,,,,,,,,,,,,,,,,,,,,,,,,,,,,,,,,,,,,,,,,,,,,,,,,,,,,,,,,,,,,,,,,,,,,,,,,,,,,,,,,,,,,,,,,,
R140,,,,,,,,,,,,,,,,,,,,,,,,,,,,,,,,,,,,,,,,,,,,,,,,,,,,,,,,,,,,,,,,,,,,,,,,,,,,,,,,,,,,,,,,,,,,,,,,,,,,,,,,,,,,,,,,,,,,,,,,
R141,,,,,,,,*/hjˈɛt͡ʃjemɑj/,,,,,,,,,,,,,,,,,,,,,,,,,,,,,,,,,,,,,,,,,,,,,,,,,,,,,,,,,,,,,,,,,,,,,,,,,,,,,,,,,,,,,,,,,,,,,,,,,,,,,,,,,,,,,,,,
R142,,,,,,,,,,,,,,,,,,,,,*/kˌurtˈos/,,,,,,,,,,,,,,,,,,,,,,,,,,,,,,,,,,,,,,,,*/dˌushˈɑkjo/,,,,,,,,,,,,,,,,,,,,,,,,,,,,,,,,,,,,,,,,,,,,,,,,,,,,,,,,,,,
R143,,,,,,,,,,,,,,,,,,,,,,,,,,,,,,,,*/kərˈijɑ/,,,,,,,,,,,,,,,,,,,,,,,,,,,,,,,,,,,,,,,,,,,,,,,,,,,,,,,,,,,,,,,,,,,,,,,,,,,,,,,,,,,,,,,,
R144,,,,,,,,,,,,,,,,,,,,,,,,,,,,,,,,,,,*/sˈɛlpo/,,,,,,,,,,,,,,,,,,,,,,,,,,,,,,,,,,,,,,,,,,,,,,,,,,,,,,,,,,,,,,,,,,,,,,,,,,,,,,,,,,,,,
=Middle Proto-Albanian II,null*/hˈɑkso/,null*/hˈɑʎemmɑ/,null*/ˈɑɡrɑ/,null*/ɟˈɛˠʃjɛˠ/,null{ABSENT},null*/ˌɑrdɑksˈɑnːi/,null*/ˈɑɡrjo/,null*/hjˈɛt͡ʃjemɑj/,null*/ˈɛxon/,null*/isˈɑmnu/,null*/hˈøkro/,null{ABSENT},null*/kɑstˈon/,null*/kjˌɛˠ?1ɑ?2tˈəˤ/,null{ABSENT},null*/kˌɑpnˈon/,null*/kˈɑntɑro/,null{ABSENT},null*/kˌukkˈumɑlˠo/,null*/ɡˌɑwsˈofo/,null*/kˌurtˈos/,null*/kˌursˈøto/,null*/ɡrˌɑfˈɛjon/,null*/ɡrˈɑmmɑ/,null*/ɡˌuljˈon/,null*/hˌuljˈɑnɑ/,null*/kˈɑnːɑ/,null*/kjˌɛrɑsˈijɑ/,null*/t͡ʃjjˈɑrmɑ/,null*/stˈɛfɑnon/,null*/kˈɛfɑlˠon/,null*/kərˈijɑ/,null*/sˈɑrkɑ/,null*/sˌyrˈizdo/,null*/sˈɛlpo/,null*/skˈɑlmɑ/,null*/skˈɑrifo/,null*/skˈɑmnon/,null*/skˈɑpo/,null*/skˌɑmpˈino/,null*/skˈɑmni/,null*/skˈino/,null*/stˈɑmno/,null*/st͡ʃjˈɛrifo/,null*/hˈɑstiβo/,null*/stˈylˠɑ/,null*/spˈɑro/,null*/spˈɑrɡɑno/,null*/spˈɑrtɑ/,null*/ˌɑspjɛlːˈon/,null*/spjˈɛlˠɑjo/,null*/spˈuɲjɑ/,null*/spˈunɟɑ/,null*/tˌurˈɑks/,null*/tˈifjɛ/,null*/tˈomoro/,null*/tˈomoro/,null*/tˌɛtrˈɑnɡyron/,null*/tˈumbrɑ/,null*/d͡ʒjjˈɑpɑ/,null*/dˌushˈɑkjo/,null*/dˈirːɑkju/,null*/durːhˈɑcu/,null*/drˈɑpɑno/,null*/drˈɑni/,null*/dʎˈɛˠni/,null*/drˈo?4jɛˠ/,null*/drˈiwɑsto/,null{ABSENT},null{ABSENT},null*/hˌɑjɟɑlˠˈon/,null*/dˌijˈɛmjɛro/,null*/θˈɑmnon/,null*/ðˈiðɑ/,null*/iˠðˈijɑ/,null*/nɑissˈon/,null*/lˈɑkɑno/,null*/lˈɑrko/,null*/ʎˌɛkˈɑɲɛ/,null*/hjɛlˠɑˈiwoɲo/,null*/lˈymɑ/,null{ABSENT},null{ABSENT},null{ABSENT},null*/hjˌɛʎˈekjɛ/,null{ABSENT},null{ABSENT},null*/rːˈɑpyn/,null*/rːoɡˈusso/,null*/pˈɑwlɑ/,null*/pˌɑlˠˈɑmɑ/,null*/prˌykˈijɑ/,null*/prˌøtoɡˈɛnnɛmɑ/,null*/pjˌɛrˈɑʊ̯o/,null*/pjjˈɑlˠɑɡo/,null*/pjˈɛponɑ/,null*/ˌɑpˌulːonˈijɑ/,null*/plˈørɛ/,null*/pˌɑʎˈoʎo/,null*/prˈɑso/,null*/brˈøtko/,null*/brˈɑji/,null*/brˈukɑ/,null*/fˌɑkjˈolˠɑ/,null*/hˈoijɛ/,null*/hˈorɡo/,null{ABSENT},null*/ˌɑwlˌuɲˈoto/,null*/ˌɑwlˈonɑ/,null*/mˈɑrɑdrjo/,null*/mˈɑt͡ʃjɛ/,null*/mˌɑlˠˈɑɡɑ/,null*/mˌɑstˈikino/,null*/mˌɑnˈijɑ/,null*/mˈɑrɑtrjo/,null*/mˈɑnɡɑno/,null*/mˌɛtˈoxio/,null*/mˈito/,null*/mokɑnˈɑ/,null*/mˈolˠo/
R145,,,,,,,,,,,,,,,,,,,,,,,,,,,,,,,,,,,,,,,,,,,,,,,,,,,,,,,,,,,,,,,,,,,,,,,,,,,,,,,,,,,,,,,,,,,,,,,,,,,,,,,,,,,,,,,,,,,,,,,,
R146,,*/hˈɑʎɪmmɑ/,,,,*/ˌɑrdɑksˈɑnːɪ/,,,,,,,,,,,,,,,,,,,,,,,,,,,,,,,*/skˈɑrɪfo/,,,,*/skˈɑmnɪ/,,,*/st͡ʃjˈɛrɪfo/,*/hˈɑstɪβo/,,,,,,,,,,,,,*/tˌɛtrˈɑnɡʏron/,,,,,,,*/drˈɑnɪ/,*/dʎˈɛˠnɪ/,,,,,,,,,,,,,*/ʎˌɛkˈɑɲɪ/,,,,,,,,,*/rːˈɑpʏn/,,,,,*/prˌøtoɡˈɛnnɪmɑ/,,,,,*/plˈørɪ/,,,,,,,,,,,,,,,*/mˌɑstˈikɪno/,,,,*/mˌɛtˈoxɪo/,,,
R147,,,,,,,,,,,,,,,,,,,,,,,,,,,,,,,,,,,,,,,,,,,,,,,,,,,,,,,,,,,,,,,,,,,,,,,,,,,,,,,,,,,,,,,,,,,,,,,,,,,,,,,,,,,,,,,,,,,,,,,,
R148,,,,,,,,,,,,,,,,,,,,,,,,,,,,,,,,,,,,,,,,,,,,,,,,,,,,,,,,,,,,,,,,,,,,,,,,,,,,,,,,,,,,,,,,,,,,,,,,,,,,,,,,,,,,,,,,,,,,,,,,
R149,,,,,,*/ˌɑrðɑksˈɑnːɪ/,,,,,,,,,,,,,,,,,,,,,,,,,,,,,,,,,,,,,,,,,,,,,,,,,,,,,,,,,,,,,,,,,,,,,,,,,,,,,,,,,,,,,,,,,,,,,,,,,,,,,,,,,,,,,,,,,,
R150,,,,,,,,,,,,,,,,,,,,,,,,,,,,,,,,,,,,,,,,,,,,,,,,,,,,,,,,,,,,,,,,,,,,,,,,,,,,,,,,,,,,,,,,,,,,,,,,,,,,,,,,,,,,,,*/mˈɑrɑrːjo/,,,,,,,,,,
R151,,,,,,*/ˌɑrːðɑksˈɑnːɪ/,,,,,,,,,,,,,,,,,,,,,,,,,,,,,,,,,,,,,,,,,,,,,,,,,,,,,,,,,,,,,,,,,,,,,,,,,,,,,,,,,,,,,,,,,,,,,,,,,,,,,,,,,,,,,,,,,,
R152,,,,,,,,,,,,,,,,,,,,*/ɡˌɑβsˈofo/,,,,,,,,,,,,,,,,,,,,,,,,,,,,,,,,,,,,,,,,,,,,,,,,*/drˈiβɑsto/,,,,,,,,,,,,*/hjɛlˠɑˈiβoɲo/,,,,,,,,,,*/pˈɑβlɑ/,,,,,,,,,,,,,,,,,,*/ˌɑβlˌuɲˈoto/,*/ˌɑβlˈonɑ/,,,,,,,,,,,
R153,,,,,,,,,,,,,,,,,,,,*/ɡˌɑwsˈofo/,,,,,,,,,,,,,,,,,,,,,,,,,*/hˈɑstɪwo/,,,,,,,,,,,,,,,,,,,,,,,*/drˈiwɑsto/,,,,,,,,,,,,*/hjɛlˠɑˈiwoɲo/,,,,,,,,,,*/pˈɑwlɑ/,,,,,,,,,,,,,,,,,,*/ˌɑwlˌuɲˈoto/,*/ˌɑwlˈonɑ/,,,,,,,,,,,
R154,,,,,,,,,,,,,,,,,,,,,,,,,,,,,,,,,,,,,,,,,,,,,,,,,,,,,,,,,,,,,,,,,,,,,,,,,,,,,,,,,,,,,,,,,,,,,,,,,,,,,,,,,,,,,,,,,,,,,,,,
R155,,,,,,,,,,,,,,,,,,,,,,,,,,,,,,,,,,,,,,,,,,,,,,,,,,,,,,,,,,,,,,,,,,,,,,,,,,,,,,,,,,,,,,,,,,,,,,,,,,,,,,,,,,,,,,,,,,,,,,,,
R156,,,,*/ɟɪ̯ˈɛˠʃɛˠ/,,,,,,,,,,,,,,,,,,,,,,,,,,,,,,,,,,,,,,,,,,,,,,,,,,,,,,,,,,,,,,,,,,,,,,,,,,,,,,,,,,,,,,,,,,,,,,,,,,,,,,,,,,,,,,,,,,,,
R157,,*/hɪ̯ˈɑʎɪmmɑ/,,*/ɟɪ̯ɪ̯ˈɛˠʃɛˠ/,,*/ˌɑrːðɑksɪ̯ˈɑnːɪ/,,*/hjɪ̯ˈɛt͡ʃjemɑj/,,,,,,,,,,,,,,,,,,,,,,,,,,,,,*/skɪ̯ˈɑrɪfo/,,,,*/skɪ̯ˈɑmnɪ/,,,*/st͡ʃjɪ̯ˈɛrɪfo/,*/hɪ̯ˈɑstɪwo/,,,,,,,,,,,,,,,,*/dˌushɪ̯ˈɑkjo/,,,,*/drɪ̯ˈɑnɪ/,*/dʎɪ̯ˈɛˠnɪ/,,,,,,*/dˌijɪ̯ˈɛmjɛro/,,,,,,,*/ʎˌɛkɪ̯ˈɑɲɪ/,,,,,,*/hjˌɛʎɪ̯ˈekjɛ/,,,,,,,,*/prˌøtoɡɪ̯ˈɛnnɪmɑ/,,,,,,,,,,,,,,,,,,,,,,,,,,,
R158,,,,,,,,,,,,,,,,,,,,,,,,,,,,,,,,,,,,,,,,,,,,,,,,,,,,,,,,,,,,,,,,,,,,,,,,,,,,,,,,,,,,,,,,,,,,,,,,,,,,,,,,,,,,,,,,,,,,,,,,
R159,,,,,,,,,,,,,,,,,,,,,,,,,,,,,,,,,,,,,*/sɡɪ̯ˈɑrɪfo/,,,,*/sɡɪ̯ˈɑmnɪ/,,,,,,,,,,,,,,,,,,,,,,,,,,,,,,,,,,,,,,,,,,,,,,,,,,,,,,,,,,,,,,,,,,,,,,,,,,,,,,,
R160,,,,,,,,*/hjɪ̯ˈɛt͡ʃemɑj/,,,,,,,,,,,,,,,,,,,,,*/t͡ʃjˈɑrmɑ/,,,,,,,,,,,,,,,*/st͡ʃɪ̯ˈɛrɪfo/,,,,,,,,*/spˈuɲɑ/,,,,,,,,*/d͡ʒjˈɑpɑ/,,,,,,,*/drˈo?4ɛˠ/,,,,,,,,,,,,,,,,,,,,,,,,,,,,,,,,,,,,,,,,,,,,*/mˈɑt͡ʃɛ/,,,,,,,,,
R161,,,,,,,,,,,,,,,,,,,,,,,,,,,,,,,,,,,,,,,,,,,,,,,,,,,,,,,,,,,,,,,,,,,,,,,,,,,,,,,,,,,,,,,,,,,,,,,,,,,,,,,,,,,,,,,,,,,,,,,,
R162,,,,,,,,,,,,,,,,,,,,,,,,,,,,,,,,,,,,,,,,,,,,,,,,,,,,,,,,,,,,,,,,,,,,,,,,,,,,,,,,,,,,,,,,,,,,,,,,,,,,,,,,,,,,,,,,,,,,,,,,
R163,,,,,,,,,,,,,,,,,,,,,,,,,,,,*/kjˌɛrɑsˈiɪ̯ɑ/,,,,*/kərˈiɪ̯ɑ/,,,,,,,,,,,,,,,,,,,,,,,,,,,,,,,,,,,,,,,,,,,*/iˠðˈiɪ̯ɑ/,,,,,,,,,,,,,,,,,*/prˌykˈiɪ̯ɑ/,,,,,*/ˌɑpˌulːonˈiɪ̯ɑ/,,,,,,,,,,,,,,,,,*/mˌɑnˈiɪ̯ɑ/,,,,,,
R164,,,,,,,,,,,,,,,,,,,,,,,,,,,,,,,,,,,,,,,,,,,,,,,,,,*/ˌɑspɛlːˈon/,*/spˈɛlˠɑjo/,,,,*/tˈifɛ/,,,,,,,,,,,,,,,,,,,,,,,,,,,,,,,,,,,,,,,*/pˌɛrˈɑʊ̯o/,*/pjˈɑlˠɑɡo/,*/pˈɛponɑ/,,,,,,,,,,,,,,,,,,,,,,,,
R165,,,,,,,,,,,,,,,,,,,,,,,,,,,,,,,,,,,,,,,,,,,,,,,,,,,,,,,,,,,,,,,,,,,,,,,,,,,,,,,,,,,,,,,,,,,,,,,,,,,,,,,,,,,,,,,,,,,,,,,,
R166,,*/hjˈɑʎɪmmɑ/,,*/ɟjjˈɛˠʃɛˠ/,,*/ˌɑrːðɑksjˈɑnːɪ/,,*/hjjˈɛt͡ʃemɑj/,,,,,,,,,,,,,,,,,,,,*/kjˌɛrɑsˈijɑ/,,,,*/kərˈijɑ/,,,,,*/sɡjˈɑrɪfo/,,,,*/sɡjˈɑmnɪ/,,,*/st͡ʃjˈɛrɪfo/,*/hjˈɑstɪwo/,,,,,,,,,,,,,,,,*/dˌushjˈɑkjo/,,,,*/drjˈɑnɪ/,*/dʎjˈɛˠnɪ/,,,,,,*/dˌijjˈɛmjɛro/,,,*/iˠðˈijɑ/,,,,*/ʎˌɛkjˈɑɲɪ/,,,,,,*/hjˌɛʎjˈekjɛ/,,,,,,,*/prˌykˈijɑ/,*/prˌøtoɡjˈɛnnɪmɑ/,,,,*/ˌɑpˌulːonˈijɑ/,,,,,,,,,,,,,,,,,*/mˌɑnˈijɑ/,,,,,,
R167,,,,*/ɟjˈiˠʃɛˠ/,,,,*/hjˈit͡ʃemɑj/,,,,,,*/kˌiˠ?1ɑ?2tˈəˤ/,,,,,,,,,,,,,,*/kˌirɑsˈijɑ/,,,,,,,,,,,,,,,,*/st͡ʃˈirɪfo/,,,,,,,,,,,,,,,,,,,,,,*/dʎˈiˠnɪ/,,,,,,*/dˌijˈimjɛro/,,,,,,,,,,,,,*/hˌiʎˈikjɛ/,,,,,,,,*/prˌøtoɡˈinnɪmɑ/,,,,,,,,,,,,,,,,,,,,,,,,,,,
R168,,*/hˈeʎɪmmɑ/,,,,*/ˌɑrːðɑksˈenːɪ/,,,,,,,,,,,,,,,,,,,*/ɡˌulˈøn/,*/hˌulˈenɑ/,,,*/t͡ʃˈermɑ/,,,,,,,,*/sɡˈerɪfo/,,,,*/sɡˈemnɪ/,,,,*/hˈestɪwo/,,,,,,,,,,,,,,,*/d͡ʒˈepɑ/,*/dˌushˈekjo/,,,,*/drˈenɪ/,,,,,,,,,,,,,,*/ʎˌɛkˈeɲɪ/,,,,,,,,,,,,,,,,,,,,,,,,,*/fˌɑkˈølˠɑ/,,,,,,,,,,,,,,,,
R169,,,,,,,,,,,,,,,,,,,,,,,,,*/ɡˌulˈon/,,,,,,,,,,,,,,,,,,,,,,,,,,,,,,,,,,,,,,,,,,,,,,,,,,,,,,,,,,,,,,,*/rːˈɑpʊn/,,,,,,,,,,,,,,,,,,,,,,,,,,,,,,,,
R170,,,,,,,,,,,,,,,,,,,,,,,,,,,,,,*/stˈɛfãɾ̃on/,,,,,,,,,,,,,,,,,,*/spˈɑrɡãɾ̃o/,,,,,,,,,,,,,,,,*/drˈɑpãɾ̃o/,,,,,,,,,,,,,*/lˈɑkãɾ̃o/,,,,,,,,,,,,,,,,,,,*/pˈɛpãɾ̃ɑ/,,,,,,,,,,,,,,,,,*/mˌɑstˈikãɾ̃o/,,,*/mˈɑnɡãɾ̃o/,,,,
R171,,,,,,,,,,,,,,,,,,,,,,,,,,,,,,,,,,,,,,,,,,,,,,,,,,,,,,,,,,,,,,,,,,,,,,,,,,,,,,,,,,,,,,,,,,,,,,,,,,,,,,,,,,,,,,,,,,,,,,,,
R172,,,,,,*/ˌɑːrːðɑksˈenːɪ/,,,,,,,,,,,,,,,,,,,,,,,,,,,,,,,,,,,,,,,,,,,,*/ˌɑːspɛlːˈon/,,,,,,,,,,,,,,,,,,,,,,,,,,,,,,,,,,,,,,,,,,,,,,,,,,,,,,,,,,,,,,,,,,,,,,
R173,,,,,,,,,,*/sˈɑmnu/,,,,,,,,,,,,,,,,,,,,,,,,,,,,,,,,,,,,,,,,,,,,,,,,,,,,,,,,,,,,,,,,,*/ðˈijɑ/,,,,,,,,,,,,,,,,,,,,,,*/pˌulːonˈijɑ/,,,,,,,,,,,*/wlˌuɲˈoto/,*/wlˈonɑ/,,,,,,,,,,,
R174,,,,,,,,,,,,,,,,,,,,,,,,,,,,,,,,,,,,,,,,,,,,,,,,,,,,,,,,,,,,,,,,,,,,,,,,,,,,,,,,,,,,,,,,,,,,,,,,,,,,,,,,,,,,,,,,,,,,,,,,
R175,,,,,,,,,,,,,,,,,,,,*/ɡˌɑːsˈofo/,,,,,,,,,,,,,,,,,,,,,,,,,,,,,,,,,,,,,,,,,,,,,,,,,,,*/hˌeːɟɑlˠˈon/,,,,,,,,,,,,,,,,,,,*/pˈɑːlɑ/,,,,,,,,,,,,,,,,,,,,,,,,,,,,,,
R176,,,,,,,,,,,,,,,,,,,,,,,*/ɡrˌɑfˈion/,,,,,,,,,,,,,,,,,,,,,,,,,,,,,,,,,,,,,,,,,,,,,,,,,,,,,,,,,,,,,,,,,,,,,,,,,,,,,,,,,,,,,,,,,,,,,,,,,
R177,,,,,,,,,,,,,,,,,,,,,,,,,,,,,,,,,,,,,,,,,,,,,,,,,,,,,,,,,,,,,,,,,,,,,,,,,,,,,,,,,,,,,,,,,,,,,,,,,,,,,,,,,,,,,,,,,,,,,*/mˌɛ̃tˈoxɪo/,,*/mõkɑnˈɑ/,
R178,,,,,,,,,,,,,,,,,,,,,,,,,,,,,,,,,,,,,*/zɡˈerɪfo/,,,,*/zɡˈemnɪ/,,,,,,,,,,,,,,,,,,,,,,,,,,,,,,,,,,,,,,,,,,,,,,,,,,,,,,,,,,,,,,,,,,,,,,,,,,,,,,,
R179,*/hˈakso/,*/hˈeʎɪmma/,*/ˈaɡra/,,,*/ˌaːrːðaksˈenːɪ/,*/ˈaɡrjo/,*/hjˈit͡ʃemaj/,,*/sˈamnu/,,,*/kastˈon/,*/kˌiˠ?1a?2t?5/,,*/kˌapnˈon/,*/kˈantaro/,,*/kˌukkˈumalˠo/,*/ɡˌaːsˈofo/,,,*/ɡrˌafˈion/,*/ɡrˈamma/,,*/hˌulˈena/,*/kˈanːa/,*/kˌirasˈija/,*/t͡ʃˈerma/,,*/kˈɛfalˠon/,*/kərˈija/,*/sˈarka/,,,*/skˈalma/,,*/skˈamnon/,*/skˈapo/,*/skˌampˈino/,,,*/stˈamno/,,,*/stˈylˠa/,*/spˈaro/,*/spˈarɡãɾ̃o/,*/spˈarta/,*/ˌaːspɛlːˈon/,*/spˈɛlˠajo/,*/spˈuɲa/,*/spˈunɟa/,*/tˌurˈaks/,,,,*/tˌɛtrˈanɡʏron/,*/tˈumbra/,*/d͡ʒˈepa/,,*/dˈirːakju/,*/durːhˈacu/,*/drˈapãɾ̃o/,,,,*/drˈiwasto/,,,*/hˌeːɟalˠˈon/,,*/θˈamnon/,*/ðˈiða/,*/ðˈija/,*/naissˈon/,*/lˈakãɾ̃o/,*/lˈarko/,,*/hjɛlˠaˈiwoɲo/,*/lˈyma/,,,,,,,*/rːˈapʊn/,,*/pˈaːla/,*/pˌalˠˈama/,*/prˌykˈija/,*/prˌøtoɡˈinnɪma/,*/pˌɛrˈaʊ̯o/,*/pjˈalˠaɡo/,*/pˈɛpãɾ̃a/,*/pˌulːonˈija/,,*/pˌaʎˈoʎo/,*/prˈaso/,,*/brˈaji/,*/brˈuka/,*/fˌakˈølˠa/,,,,,*/wlˈona/,*/mˈararːjo/,*/mˈat͡ʃɛ/,*/mˌalˠˈaɡa/,*/mˌastˈikãɾ̃o/,*/mˌanˈija/,*/mˈaratrjo/,*/mˈanɡãɾ̃o/,,,*/mõkanˈa/,
=Late Proto-Albanian I,null*/hˈakso/,null*/hˈeʎɪmma/,null*/ˈaɡra/,null*/ɟjˈiˠʃɛˠ/,null{ABSENT},null*/ˌaːrːðaksˈenːɪ/,null*/ˈaɡrjo/,null*/hjˈit͡ʃemaj/,null*/ˈɛxon/,null*/sˈamnu/,null*/hˈøkro/,null{ABSENT},null*/kastˈon/,null*/kˌiˠ?1a?2t?5/,null{ABSENT},null*/kˌapnˈon/,null*/kˈantaro/,null{ABSENT},null*/kˌukkˈumalˠo/,null*/ɡˌaːsˈofo/,null*/kˌurtˈos/,null*/kˌursˈøto/,null*/ɡrˌafˈion/,null*/ɡrˈamma/,null*/ɡˌulˈon/,null*/hˌulˈena/,null*/kˈanːa/,null*/kˌirasˈija/,null*/t͡ʃˈerma/,null*/stˈɛfãɾ̃on/,null*/kˈɛfalˠon/,null*/kərˈija/,null*/sˈarka/,null*/sˌyrˈizdo/,null*/sˈɛlpo/,null*/skˈalma/,null*/zɡˈerɪfo/,null*/skˈamnon/,null*/skˈapo/,null*/skˌampˈino/,null*/zɡˈemnɪ/,null*/skˈino/,null*/stˈamno/,null*/st͡ʃˈirɪfo/,null*/hˈestɪwo/,null*/stˈylˠa/,null*/spˈaro/,null*/spˈarɡãɾ̃o/,null*/spˈarta/,null*/ˌaːspɛlːˈon/,null*/spˈɛlˠajo/,null*/spˈuɲa/,null*/spˈunɟa/,null*/tˌurˈaks/,null*/tˈifɛ/,null*/tˈomoro/,null*/tˈomoro/,null*/tˌɛtrˈanɡʏron/,null*/tˈumbra/,null*/d͡ʒˈepa/,null*/dˌushˈekjo/,null*/dˈirːakju/,null*/durːhˈacu/,null*/drˈapãɾ̃o/,null*/drˈenɪ/,null*/dʎˈiˠnɪ/,null*/drˈo?4ɛˠ/,null*/drˈiwasto/,null{ABSENT},null{ABSENT},null*/hˌeːɟalˠˈon/,null*/dˌijˈimjɛro/,null*/θˈamnon/,null*/ðˈiða/,null*/ðˈija/,null*/naissˈon/,null*/lˈakãɾ̃o/,null*/lˈarko/,null*/ʎˌɛkˈeɲɪ/,null*/hjɛlˠaˈiwoɲo/,null*/lˈyma/,null{ABSENT},null{ABSENT},null{ABSENT},null*/hˌiʎˈikjɛ/,null{ABSENT},null{ABSENT},null*/rːˈapʊn/,null*/rːoɡˈusso/,null*/pˈaːla/,null*/pˌalˠˈama/,null*/prˌykˈija/,null*/prˌøtoɡˈinnɪma/,null*/pˌɛrˈaʊ̯o/,null*/pjˈalˠaɡo/,null*/pˈɛpãɾ̃a/,null*/pˌulːonˈija/,null*/plˈørɪ/,null*/pˌaʎˈoʎo/,null*/prˈaso/,null*/brˈøtko/,null*/brˈaji/,null*/brˈuka/,null*/fˌakˈølˠa/,null*/hˈoijɛ/,null*/hˈorɡo/,null{ABSENT},null*/wlˌuɲˈoto/,null*/wlˈona/,null*/mˈararːjo/,null*/mˈat͡ʃɛ/,null*/mˌalˠˈaɡa/,null*/mˌastˈikãɾ̃o/,null*/mˌanˈija/,null*/mˈaratrjo/,null*/mˈanɡãɾ̃o/,null*/mˌɛ̃tˈoxɪo/,null*/mˈito/,null*/mõkanˈa/,null*/mˈolˠo/
R180,,,,,,,,,,,,,,,,,,,,,,,,,,,,,,,,,,,,,,,,,,,,,,,,,,,,,,,,,,,,,,,,,,,,,,,,,,,,,,,,,,,,,,,,,,,,,,,,,,,,,,,,,,,,,,,,,,,,,*/mˌentˈoxɪo/,,*/mɤnkanˈa/,
R181,,,,*/ɟjˈeᵝˠʷʃɛˠ/,,,,,,,,,,*/kˌ?0ʷ?1a?2t?5/,,,,,,,,,,,,,,,,,,,,,,,,,,,,,,,,,,,,,,,,,,,,,,,,,,,,*/dʎˈeᵝˠʷnɪ/,,,,,,,,,,,,,,,,,,,,,,,,,,,,,,,,,,,,,,,,,,,,,,,,,,,,,,
R182,,,,,,,,,,,,,,,,,,,,,,,,,,,,,,,,,,,,,,,,,,,,,,,,,,,,,,,,,,,,,,,,,,,,,,,,,,,,,,,,,,,,,,,,,,,,,,,,,,,,,,,,,,,,,,,,,,,,,,,,
R183,,,,,,,,,,,,,,,,,,,,,,,,,,,,,,,,,,,,,,,,,,,,,,,,,,,,,,,,,,,,,,,,,,,,,,,,,,,,,,,,,,,,,,,,,,,,,,,,,,,,,,,,,,,,,,,,,,,,,,,,
R184,,,,,,,,,,,,,,,,,,,,,,,,,,,,,,,,,,,,,,,,,,,,,,,,,,,,,,,,,,,,,,,,,,,,,,,,,,,,,,,,,,,,,,,,,,,,,,,,,,,,,,,,,,,,,,,,,,,,,,,,
R185,,,,,,,,,,,,,,,,,,,,,,,,,,,,,,,,,,,,,,,,,,,,,,,,,,,,,,,,,,,,,,,,,,,,,,,,,,,,,,,,,,,,,,,,,,,,,,,,,,,,,,,,,,,,,,,,,,,,,,,,
R186,,,,,,,,,,,,,,,,,,,,,,,,,,,,,,,,,,,,,,,,,,,,,,,,,,,,,,,,,,,,,,,,,,,,,,,,,,,,,,,,*/hjɛlˠaˈiːoɲo/,,,,,,,,,,,,,,,,,,,,,,,,,,,,,,,,,,,,,,,,
R187,,,,,,,,,,,,,,,,,,,,,,,,,,,,,,,,,,,,,,,,,,,,,,,,,,,,,,,,,,,,,,,,,,,,,,,,,,,,,,,,,,,,,,,,,,,,,,,,,,,,,,,,,,,,,,,,,,,,,,,,
R188,,,,,,,,,,,,,,,,,,,,,,,,,,,,,,,,,,,,,,,,,,,,,,,,,,,,,,,,,,,,,,,,,,,,,,,,,,,,,,,,,,,,,,,,,,,,,,,,,,,,,,,,,,,,,,,,,,,,,,,,
R189,,,,,,,,,,,,,,,,,,,,,,,,,,,,,,,,,,,,,,,,,,,,,,,,,,,,,,,,,,,,,,,,,,,,,,,,,,,,,,,,*/hjɛlˠaˈiːɲo/,,,,,,,,,,,,,,,,,,,,,,,,,,,,,,,,,,,,,,,,
R190,,,,,,,,,,,,,,,,,,,,,,,,,,,,,,,,,,,,,,,,,,,,,,,,,,,,,,,,,,,,,,,,,,,,,,,,,,,,,,,,,,,,,,,,,,,,,,,,,,,,,,,,,,,,,,,,,,,,,,,,
R191,,,,,,,,,,,,,,,,,,,,,,,,,,,,,,,,,,,,,,,,,,,,,,,,,,,,,,,,,,,,,,,,,,,,,,,,,,,,,,,,,,,,,,,,,,,,,,,,,,,,,,,,,,,,,,,,,,,,,,,,
R192,,,,,,,,,,,,,,,,,,,,,,,,,,,,,,,,,,,,,,,,,,,,,,,,,,,,,,,,,,,,,,,,,,,,,,,,,,,,,,,,,,,,,,,,,,,,,,,,,,,,,,,,,,,,,,,,,,,,,,,,
R193,,,,,,,,,,,,,,,,,,,,,,,,,,,,,,,,,,,,,,,,,,,,,,,,,,,,,,,,,,,,,,,,,,,,,,,,,,,,,,,,,,,,,,,,,,,,,,,,,,,,,,,,,,,,,,,,,,,,,,,,
R194,,,,,,,,,,,,,,,,,,,,,,,,,,,,,,,,,,,,,,,,,,,,,,,,,,,,,,,,,,,,,,,,,,,,,,,,,,,,,,,,,,,,,,,,,,,,,,,,,,,,,,,,,,,,,,,,,,,,,,,,
R195,,,,,,,,,,,,,,,,,,,,,,,,,,,,,,,,,,,,,,,,,,,,,,,,,,,,,,,,,,,,,,,,,,,,,,,,,,,,,,,,,,,,,,,,*/rːˈapn/,,,,,,,,,,,,,,,,,,,,,,,,,,,,,,,,
R196,*/hˈaksɔ/,,,,,,*/ˈaɡrjɔ/,,*/ˈɛxɔn/,,*/hˈœkrɔ/,,*/kastˈɔn/,,,*/kˌapnˈɔn/,*/kˈantarɔ/,,*/kˌukkˈumalˠɔ/,*/ɡˌaːsˈɔfɔ/,*/kˌurtˈɔs/,*/kˌursˈœtɔ/,*/ɡrˌafˈiɔn/,,*/ɡˌulˈɔn/,,,,,*/stˈɛfãɾ̃ɔn/,*/kˈɛfalˠɔn/,,,*/sˌyrˈizdɔ/,*/sˈɛlpɔ/,,*/zɡˈerɪfɔ/,*/skˈamnɔn/,*/skˈapɔ/,*/skˌampˈinɔ/,,*/skˈinɔ/,*/stˈamnɔ/,*/st͡ʃˈirɪfɔ/,*/hˈestɪwɔ/,,*/spˈarɔ/,*/spˈarɡãɾ̃ɔ/,,*/ˌaːspɛlːˈɔn/,*/spˈɛlˠajɔ/,,,,,*/tˈɔmɔrɔ/,*/tˈɔmɔrɔ/,*/tˌɛtrˈanɡʏrɔn/,,,*/dˌushˈekjɔ/,,,*/drˈapãɾ̃ɔ/,,,*/drˈɔ?4ɛˠ/,*/drˈiwastɔ/,,,*/hˌeːɟalˠˈɔn/,*/dˌijˈimjɛrɔ/,*/θˈamnɔn/,,,*/naissˈɔn/,*/lˈakãɾ̃ɔ/,*/lˈarkɔ/,,*/hjɛlˠaˈiːɲɔ/,,,,,,,,,*/rːɔɡˈussɔ/,,,,*/prˌœtɔɡˈinnɪma/,*/pˌɛrˈaʊ̯ɔ/,*/pjˈalˠaɡɔ/,,*/pˌulːɔnˈija/,*/plˈœrɪ/,*/pˌaʎˈɔʎɔ/,*/prˈasɔ/,*/brˈœtkɔ/,,,*/fˌakˈœlˠa/,*/hˈɔijɛ/,*/hˈɔrɡɔ/,,*/wlˌuɲˈɔtɔ/,*/wlˈɔna/,*/mˈararːjɔ/,,,*/mˌastˈikãɾ̃ɔ/,,*/mˈaratrjɔ/,*/mˈanɡãɾ̃ɔ/,*/mˌentˈɔxɪɔ/,*/mˈitɔ/,,*/mˈɔlˠɔ/
R197,,,,,,,,,,,,,,,,,,,,,,,,,,,,,,,,,,,,,,,,,,,,,,,,,,,,,,,,,,,,,,,,,,,,,,,,,,,,,,,,,,,,,,,,,,,,,,,,,,,,,,,,,,,,,,,,,,,,,,,,
R198,,,,,,,,,*/ˈɛːxɔn/,,,,,,,,,,,,,,,,,,,,,,,,,,,,,,,,,,,,,,,,,,,,,,,,,,,,,,,,,,,,,,,,,,,,,,,,,,,,,,,,,,,,,,,,,,,,,,,,,,,,,,,,,,,,,,,
R199,,,,,,,,,,,,,,,,,,,,,,,,,,,,,,,,,,,,,,,,,,,,,,,,,,,,,,,,,,,,,,,,,,,,,,,,,,,,,,,,,,,,,,,,,,,,,,,,,,,,,,,,,,,,,,,,,,,,,,,,
R200,,,,,,,,,,,,,,,,,,,,,,,,,,,,,,,,,,,,,,,,,,,,,,,,,,,,,,,,,,,,,,,,,,,,,,,*/hˌiːɟalˠˈɔn/,,,,,,,,,,,,,,,,,,,,,,,,,,,,,,,,,,,,,,,,,,,,,,,,,
R201,,,,,,,,,,,,,,,,,,,,,,,,,,,,,,,,,,,,,,,,,,,,,,,,,,,,,,,,,,,,,,,,,,,,,,,,,,,,,,,,,,,,,,,,,,,,,,,,,,,,,,,,,,,,,,,,,,,,,,,,
R202,,,,,,,,,,,,,,,,,,,,,,,,,,,,,,,,,,,,,,,,,,,,,,,,,,,,,,,,,,,,,,,,,,,,,,,,,,,,,,,,,,,,,,,,,,,,,,,,,,,,,,,,,,,,,,,,,,,,,,,,
R203,,,,,,,,,,,,,,,,,,,,,,,,,,,,,,,,,,,,,,,,,,,,,,,,,,,,,,,,,,,,,,,,,,,,,,,,,,,,,,,,,,,,,,,,,,,,,,,,,,,,,,,,,,,,,,,,,,,,,,,,
R204,,,,,,,,,,,,,,,,,,,,,,,,,,,,,,,,,,,,,,,,,,,,,,,,,,,,,,,,,,,,,,,,,,,,,,,,,,,,,,,,,,,,,,,,,,,,,,,,,,,,,,,,,,,,,,,,,,,,,,,,
R205,,,,,,,,,,,,,,,,,,,,,,,,,,,,,,,,,,,,,,,,,,,,,,,,,,,,,,,,,,,,,,,,,,,,,,,,,,,,,,,,,,,,,,,,,,,,,,,,*/pˈɛːpãɾ̃a/,,,,,,,,,,,,,,,,,,,,,,,,
R206,,,,,,,,,,,,,,,,,,,,,,,,,,,,,,,,,,,,,,,,,,,,,,,,,,,,,,,,,,,,,,,,,,,,,,,,,,,,,,,,,,,,,,,,,,,,,,,,,,,,,,,,,,,,,,,,,,,,,,,,
R207,,,,,,*/ˌarːðaksˈenːɪ/,,,,,,,,,,,,,,,,,,,,,,,,,,,,,,,,,,,,,,,,,,,,*/ˌaspɛlːˈɔn/,,,,,,,,,,,,,,,,,,,,,,,,,,,,,,,,,,,,,,,,,,,,,,,,,,,,,,,,,,,,,,,,,,,,,,
R208,,,,,,,,,,,,,,,,,,,*/kˌuːkkˈumalˠɔ/,,*/kˌuːrtˈɔs/,*/kˌuːrsˈœtɔ/,,,,,,,,,,,,,,,,,,,,,,,,,,,,,,,,,,,,,,,,,,,,,,,,,,,,,,,,,,,,,,,,,,,,,,,,,,,,,,,,,,,,,,,,,,,,,,,,,,
R209,,,,,,,,,,,,,,,,,,,,,,,,,,,,,,,,,,,,,,,,,,,,,,,,,,,,,,,,,,,,,,,,,,,,,,,,,,,,,,,,,,,,,,,,,,,,,,,,,,,,,,,,,,,,,,,,,,,,,,,,
R210,,,,,,,,,,,,,,,,,,,,,,,,,,,,,,,,,,,,,,,,,,,,,,,,,,,,,,,,,,,,,,,,,,,,,,,,,,,,,,,,,,,,,,,,,,,,,,,,,,,,,,,,,,,,,,,,,,,,,,,,
R211,,,,,,,,,,,,,,,,,,,,,,,,,,,,,,,,,,,,,,,,,,,,,,,,,,,,,,,,,,,,,,,,,,,,,,,,,,,,,,,,,,,,,,,,,,,,,,,,,,,,,,,,,,,,,,,,,,,,,,,,
R212,,,,,,,,,,,,,,,,,,,,,,,,,,,,,,,,,,,,,,,,,,,,,,,,,,,,,,,,,,,,,,,,,,,,,,,,,,,,,,,,,,,,,,,,,,,,,,,,,,,,,,,,,,,,,,,,,,,,,,,,*/mˈɔːlˠɔ/
R213,,,,,,,,,,,,,*/kastˈɔːn/,,,*/kˌapnˈɔːn/,,,,,,,,,*/ɡˌulˈɔːn/,,,,,,,,,,,,,,,*/skˌampˈiːnɔ/,,*/skˈiːnɔ/,,,,,,,,*/ˌaspɛlːˈɔːn/,,,,,,,,,,,,,,,*/drˈeːnɪ/,*/dʎˈeᵝˠːʷnɪ/,,,,,*/hˌiːɟalˠˈɔːn/,,,,,*/naissˈɔːn/,,,,,,,,,,,,,,,,,,,,,,,,,,,,,,,,,,,,,,,,,,,,
R214,,,,,,,,,,,,,,,,,,,,,,,,,,,,,,,,,,,,,,,,,,,,,,,*/spˈaːrɔ/,,,,,,,,,,,,,,,,,,,,,,,,,,,,,,,,,,,,,,,,,,,,,,,,,,,*/plˈœːrɪ/,,,,,,,,,,,,,,,,,,,,,,
R215,,,,,,,,,,,,,,,,,,,,,,,,,,,,,,,,,,,,,,,,,,,,,,,,,,,,,,,,,,,,,,,,,,,,,,,,,,,,,,,,,,,,,,,,,,,,,,,,,,,,,,,,,,,,,,,,,,,,,,,,
R216,,,,,,,,,,,,,,,,,,,,,,,,,,,,,,,,,,,,,,,,,,,,,,,,,,,,,,,,,,,,,,,,,,,,,,,,,,,,,,,,,,,,,,,,,,,,,,,,,,,,,,,,,,,,,,,,,,,,,,,,
R217,,,,,,,,,,,,,,,,,,,*/kˌuːkˈumalˠɔ/,,,,,,,,,,,,,,,,,,,,,,,,,,,,,,,,,,,,,,,,,,*/dˌuhˈekjɔ/,,,,,,,,,,,,,,,*/naisˈɔːn/,,,,,,,,,,,,,*/rːɔɡˈusɔ/,,,,,,,,,,,,,,,,,,,,,,,,,,,,,,,
R218,,,,,,,,,,,,,,,,,,,,,,,,,,,,,,,,,,,,,,,,,,,,,,,,,,,,,,,,,,,,,,,,,,,,,,,,,,,,,,,,,,,,,,,,,,,,,,,,,,,,,,,,,,,,,,,,,,,,,,,,
R219,*/hˈakʃɔ/,,,,,*/ˌarːðakʃˈenːɪ/,,,,*/ʃˈamnu/,,,*/kaʃtˈɔːn/,,,,,,,*/ɡˌaːʃˈɔfɔ/,*/kˌuːrtˈɔʃ/,*/kˌuːrʃˈœtɔ/,,,,,,*/kˌiraʃˈija/,,*/ʃtˈɛfãɾ̃ɔn/,,,*/ʃˈarka/,*/ʃˌyrˈizdɔ/,*/ʃˈɛlpɔ/,*/ʃkˈalma/,,*/ʃkˈamnɔn/,*/ʃkˈapɔ/,*/ʃkˌampˈiːnɔ/,,*/ʃkˈiːnɔ/,*/ʃtˈamnɔ/,*/ʃt͡ʃˈirɪfɔ/,*/hˈeʃtɪwɔ/,*/ʃtˈylˠa/,*/ʃpˈaːrɔ/,*/ʃpˈarɡãɾ̃ɔ/,*/ʃpˈarta/,*/ˌaʃpɛlːˈɔːn/,*/ʃpˈɛlˠajɔ/,*/ʃpˈuɲa/,*/ʃpˈunɟa/,*/tˌurˈakʃ/,,,,,,,,,,,,,,*/drˈiwaʃtɔ/,,,,,,,,*/naiʃˈɔːn/,,,,,,,,,,,,,*/rːɔɡˈuʃɔ/,,,,,,,,,,,*/prˈaʃɔ/,,,,,,,,,,,,,*/mˌaʃtˈikãɾ̃ɔ/,,,,,,,
=Late Proto-Albanian II,null*/hˈakʃɔ/,null*/hˈeʎɪmma/,null*/ˈaɡra/,null*/ɟjˈeᵝˠʷʃɛˠ/,null{ABSENT},null*/ˌarːðakʃˈenːɪ/,null*/ˈaɡrjɔ/,null*/hjˈit͡ʃemaj/,null*/ˈɛːxɔn/,null*/ʃˈamnu/,null*/hˈœkrɔ/,null{ABSENT},null*/kaʃtˈɔːn/,null*/kˌ?0ʷ?1a?2t?5/,null{ABSENT},null*/kˌapnˈɔːn/,null*/kˈantarɔ/,null{ABSENT},null*/kˌuːkˈumalˠɔ/,null*/ɡˌaːʃˈɔfɔ/,null*/kˌuːrtˈɔʃ/,null*/kˌuːrʃˈœtɔ/,null*/ɡrˌafˈiɔn/,null*/ɡrˈamma/,null*/ɡˌulˈɔːn/,null*/hˌulˈena/,null*/kˈanːa/,null*/kˌiraʃˈija/,null*/t͡ʃˈerma/,null*/ʃtˈɛfãɾ̃ɔn/,null*/kˈɛfalˠɔn/,null*/kərˈija/,null*/ʃˈarka/,null*/ʃˌyrˈizdɔ/,null*/ʃˈɛlpɔ/,null*/ʃkˈalma/,null*/zɡˈerɪfɔ/,null*/ʃkˈamnɔn/,null*/ʃkˈapɔ/,null*/ʃkˌampˈiːnɔ/,null*/zɡˈemnɪ/,null*/ʃkˈiːnɔ/,null*/ʃtˈamnɔ/,null*/ʃt͡ʃˈirɪfɔ/,null*/hˈeʃtɪwɔ/,null*/ʃtˈylˠa/,null*/ʃpˈaːrɔ/,null*/ʃpˈarɡãɾ̃ɔ/,null*/ʃpˈarta/,null*/ˌaʃpɛlːˈɔːn/,null*/ʃpˈɛlˠajɔ/,null*/ʃpˈuɲa/,null*/ʃpˈunɟa/,null*/tˌurˈakʃ/,null*/tˈifɛ/,null*/tˈɔmɔrɔ/,null*/tˈɔmɔrɔ/,null*/tˌɛtrˈanɡʏrɔn/,null*/tˈumbra/,null*/d͡ʒˈepa/,null*/dˌuhˈekjɔ/,null*/dˈirːakju/,null*/durːhˈacu/,null*/drˈapãɾ̃ɔ/,null*/drˈeːnɪ/,null*/dʎˈeᵝˠːʷnɪ/,null*/drˈɔ?4ɛˠ/,null*/drˈiwaʃtɔ/,null{ABSENT},null{ABSENT},null*/hˌiːɟalˠˈɔːn/,null*/dˌijˈimjɛrɔ/,null*/θˈamnɔn/,null*/ðˈiða/,null*/ðˈija/,null*/naiʃˈɔːn/,null*/lˈakãɾ̃ɔ/,null*/lˈarkɔ/,null*/ʎˌɛkˈeɲɪ/,null*/hjɛlˠaˈiːɲɔ/,null*/lˈyma/,null{ABSENT},null{ABSENT},null{ABSENT},null*/hˌiʎˈikjɛ/,null{ABSENT},null{ABSENT},null*/rːˈapn/,null*/rːɔɡˈuʃɔ/,null*/pˈaːla/,null*/pˌalˠˈama/,null*/prˌykˈija/,null*/prˌœtɔɡˈinnɪma/,null*/pˌɛrˈaʊ̯ɔ/,null*/pjˈalˠaɡɔ/,null*/pˈɛːpãɾ̃a/,null*/pˌulːɔnˈija/,null*/plˈœːrɪ/,null*/pˌaʎˈɔʎɔ/,null*/prˈaʃɔ/,null*/brˈœtkɔ/,null*/brˈaji/,null*/brˈuka/,null*/fˌakˈœlˠa/,null*/hˈɔijɛ/,null*/hˈɔrɡɔ/,null{ABSENT},null*/wlˌuɲˈɔtɔ/,null*/wlˈɔna/,null*/mˈararːjɔ/,null*/mˈat͡ʃɛ/,null*/mˌalˠˈaɡa/,null*/mˌaʃtˈikãɾ̃ɔ/,null*/mˌanˈija/,null*/mˈaratrjɔ/,null*/mˈanɡãɾ̃ɔ/,null*/mˌentˈɔxɪɔ/,null*/mˈitɔ/,null*/mɤnkanˈa/,null*/mˈɔːlˠɔ/
R220,,,,,,,,,,,,,,,,,,,,,,,,,,,,,,,,,,,,,,,,,,,,,,,,,,,,,,,,,,,,,,,,,,,,,,,,,,,,,,,,,,,,,,,,,,,,,,,,,,,,,,,,,,,,,,,,,,,,,,,,
R221,,,,,,,,,,,,,,,,,,,,,,,,,,,,*/kˌiːraʃˈija/,,,,,,,,,,,,,,,,,,,,,,,,,,,,,,,,,,,,,,,,,,,,,,,,,,,,,,,,,,,,,,,,,,,,,,,,,,,,,,,,,,,,,,,,,,,,
R222,,,,,,,,,,,,,,,,,,,,,,,,,,,,,,,,,,*/ʃˌyːrˈizdɔ/,,,,,,,,,,,,,,,,,,,,,,,,,,,,,,,,,,,*/sˌiːmmaxˈɔːrɔn/,,,,,,,,,,,,,,,,,,,,,,,,,,,,,,,,,,,,,,,,,,,,,,,,,,,
R223,,,,,,,,,,,,,,,,,,,,,,,,,,,,,,,,,,,,,,,,,,,,,,,,,,,,,,,,,,,,,,,,,,,,,,,,,,,,,,,,,,,,,,,,,,,,,,,,,,,,,,,,,,,,,,,,,,,,,,,,
R224,,,,,,,,,,,,,,,,,,,,,,,,,,,,,,,,,,,,,,,,,,,,,,,,,,,,,,,,,,,,,,,,,,,,,,,,,,,,,,,,,,,,,,,,,,,,,,,,,,,,,,,,,,,,,,,,,,,,,,,,
R225,,,,,,,,,,,,,,,,,,,,,,,,,,,,,,,,,,,,,,,,,,,,,,,,,,,,,,,,,,,,,,,,,,,,,,,,,,,,,,,,,,,,,,,,,,,,,,,,,,,,,,,,,,,,,,,,,,,,,,,,
R226,,,,,,*/ˌarːðkʃˈenːɪ/,,,,,,,,,,,,,,,,,,,,,,,,,,,,,,,,,,,,,,,,,,,,,,,,,,,,,,,,,,,,,,,,,,,,,,,,,,,,,,,,,,,,,,,,,,,,,,,,,,,,,,,,,,,,,,,,,,
R227,,,,,,,,,,,,,,,,,,,,,,,,,,,,,,,,,,,,,,,,,,,,,,,,,,,,,,,,,,,,,,,,,,,,,,,,,,,,,,,,,,,,,,,,,,,,,,,,,,,,,,,,,,,,,,,,,,,,,,,,
R228,,,,,,*/ˌarːðɡʃˈenːɪ/,,,,,,,,,,,,,,,,,,,,,,,,,,,,,,,,,,,,,,,,,,,,,,,,,,,,,,,,,,,,,,,,,,,,,,,,,,,,,,,,,,,,,,,,,,,,,,,,,,,,,,,,,,,,,,,,,,
R229,,,,,,,,,,,,,,,,,,,,,,,,,,,,,,,,,,,,,,,,,,,,,,,,,,,,,,,,,,,,,,,,,,,,,,,,,,,,,,,,,,,,,,,,,,,,,,,,,,,,,,,,,,,,,,,,,,,,,,,,
R230,,,,,,,,,*/ˈiəxɔn/,,,*/katˈuəɣi/,*/kaʃtˈuən/,,,*/kˌapnˈuən/,,,,,,,,,*/ɡˌulˈuən/,,,,,,,,,,,,,,,,,,,,,,,,,*/ˌaʃpɛlːˈuən/,,,,,,,,,,,,,,,,,,,*/sˌiːmmaxˈuərɔn/,,*/hˌiːɟalˠˈuən/,,,,,*/naiʃˈuən/,,,,,,,,,,,,,,,,,,,,*/pˈiəpãɾ̃a/,,*/plˈyərɪ/,,,,,,,,,,,,,,,,,,,,,,*/mˈuəlˠɔ/
R231,,,,,,,,,,,,,,,,,,,,,,,,,,,,,,,,,,,,,,,,,,,,,,,,,,,,,,,,,,,,,,,,,,,,,,,,,,,,,,,,,,,,,,,,,,,,,,,,,,,,,,,,,,,,,,,,,,,,,,,,
R232,,,,,,,,,,,,,,*/cˌ?0ʷ?1a?2t?5/,,,,*/kˌalˈɔɟɛro/,,,,,,,,,,*/cˌiːraʃˈija/,,,*/cˈɛfalˠɔn/,,,,,,*/zɟˈerɪfɔ/,,,,*/zɟˈemnɪ/,*/ʃcˈiːnɔ/,,,,,,,,,,,,,,,,*/tˌɛtrˈanɟʏrɔn/,,,*/dˌuhˈecjɔ/,*/dˈirːacju/,,,,,,,,,,,,,,,,,*/ʎˌɛcˈeɲɪ/,,,,,*/rˈicja/,*/hˌiʎˈicjɛ/,,,,,,,*/prˌycˈija/,*/prˌœtɔɟˈinnɪma/,,,,,,,,,,,*/fˌacˈœlˠa/,,,,,,,,,,,,,,,,
R233,,,,,,,,,,,,,,,,,,,,,,,,,,,,,,,,,,,,,,,,,,,,,,,,,,,,,,,,,,,,,,,,,,,,,,,,,,,,,,,,,,,,,,,,,,,,,,,,,,,,,,,,,,,,,,,,,,,,,,,,
R234,,,,,,,,,,,,,,,,,,*/kˌalˈɔɟəro/,,,,,,,,,,,,,,,,,,,,,,,,,,,,,,,,*/ˌaʃpəlːˈuən/,,,,,*/tˈifə/,,,,,,,,,,,,,,,,,,,,,,,,,,,,,,,,,,,,,,,,,,,,,,,,,,,,,,,,*/mˈat͡ʃə/,,,,,,,,,
R235,,,,,,,,,,,,,,,,,,,,,,,,,,,,,,,,,,,,,,,,,,,,,,,,,,,,,,,,,,,,,,,,,,,,,,,,,,,,,,,,,,,,,,,,,,,,,,,,,,,,,,,,,,,,,,,,,,,,,,,,
R236,,,,,,,,,,,,,,,,,,,,,,,,,,,,,,,,,,,,,,,,,,,,,,,,,,,,,,,,,,,,,,,,,,,,,,,,,,,,,,,,,,,,,,,,,,,,,,,,,,,,,,,,,,,,,,,,,,,,,,,,
R237,,*/hˈeʎəmma/,,,,*/ˌarːðɡʃˈenːə/,,,,,,,,,,,,,,,,,,,,,,,,,,,,,,,*/zɟˈerəfɔ/,,,,*/zɟˈemnə/,,,*/ʃt͡ʃˈirəfɔ/,*/hˈeʃtəwɔ/,,,,,,,,,,,,,,,,,,,,*/drˈeːnə/,*/dʎˈeᵝˠːʷnə/,,,,,,,,,,,,,*/ʎˌɛcˈeɲə/,,,,,,,,,,,,,,*/prˌœtɔɟˈinnəma/,,,,,*/plˈyərə/,,,,,,,,,,,,,,,,,,,*/mˌentˈɔxəɔ/,,,
R238,,*/hˈɛʎəmma/,,,,*/ˌarːðɡʃˈɛnːə/,,*/hjˈit͡ʃɛmaj/,,,,,,,,,,,,,,,,,,*/hˌulˈɛna/,,,*/t͡ʃˈɛrma/,,,,,,,,*/zɟˈɛrəfɔ/,,,,*/zɟˈɛmnə/,,,,*/hˈɛʃtəwɔ/,,,,,,,,,,,,,,,*/d͡ʒˈɛpa/,*/dˌuhˈɛcjɔ/,,,,*/drˈɛːnə/,,,,,,,,,,,,,,*/ʎˌɛcˈɛɲə/,,,,,,,,,,,,,,,,,,,,,,,,,,,,,,,,,,,,,,*/mˌɛntˈɔxəɔ/,,,
R239,,,,,,,,,*/ˈie̯xɔn/,,,*/katˈuo̯ɣi/,*/kaʃtˈuo̯n/,,,*/kˌapnˈuo̯n/,,,,,,,,,*/ɡˌulˈuo̯n/,,,,,,,,,,,,,,,,,,,,,,,,,*/ˌaʃpəlːˈuo̯n/,,,,,,,,,,,,,,,,,,,*/sˌiːmmaxˈuo̯rɔn/,,*/hˌiːɟalˠˈuo̯n/,,,,,*/naiʃˈuo̯n/,,,,,,,,,,,,,,,,,,,,*/pˈie̯pãɾ̃a/,,*/plˈyø̯rə/,,,,,,,,,,,,,,,,,,,,,,*/mˈuo̯lˠɔ/
R240,,,,,,,,,,,,,,,,,,,,,,,,,,,,,,,,,,,,,,,,,,,,,,,,,,,,,,,,,,,,,,,,,,,,,,,,,,,,,,,,,,,,,,,,,,,,,,,,,,,,,,,,,,,,,,,,,,,,,,,,
R241,,,,,,*/ˌarːɡʃˈɛnːə/,,,,,,,,,,,,,,,,,,,,,,,,,,,,,,,,,,,,,,,,,,,,,,,,,,,,,,,,,,,,,,,,,,,,,,,,,,,,,,,,,,,,,,,,,,,,,,,,,,,,,,,,,,,,,,,,,,
R242,,,,,,,,,,,*/hˈɛkrɔ/,,,,,,,,,,,*/kˌuːrʃˈɛtɔ/,,,,,,,,,,,,,,,,,,,,,,,,,,,,,,,,,,,,,,,,,,,,,,,,,,,,,,,,,,,,,,,,,,,,,,,*/prˌɛtɔɟˈinnəma/,,,,,*/plˈye̯rə/,,,*/brˈɛtkɔ/,,,*/fˌacˈɛlˠa/,,,,,,,,,,,,,,,,
R243,,,,,,,,,,,,,,,,,,,,,,,,,,,,,,,,,,,,,,,,,,,,,,,,,,,,,,,,,,*/tətrˈanɟʏrɔn/,,,,,,,,,,,,,,*/dəjˈimjɛrɔ/,,,,*/naəʃˈuo̯n/,,,*/ʎəcˈɛɲə/,*/hjəlˠaˈiːɲɔ/,,,,,*/həʎˈicjɛ/,,,,,,,*/prəcˈija/,*/prətɔɟˈinnəma/,*/pərˈaʊ̯ɔ/,,,,,,,,,,,,,*/vəlˈɛnt͡sa/,,,,,,,,,,*/məntˈɔxəɔ/,,,
R244,,,,,,,,,,,,*/kətˈuo̯ɣi/,*/kəʃtˈuo̯n/,*/cˌ?0ʷ?1ə?2t?5/,,,,,,,,,,,,,,*/cˌiːrəʃˈija/,,,,,,,,,,,,,,,,,,,,,,,,,,,,,,,,,,,*/dərːhˈacu/,,,,,,*/sˌiːmməxˈuo̯rɔn/,,*/hˌiːɟəlˠˈuo̯n/,,,,,*/nəəʃˈuo̯n/,,,,*/hjəlˠəˈiːɲɔ/,,,,,,,,,*/rːəɡˈuʃɔ/,,,,*/prətəɟˈinnəma/,,,,*/pˌulːənˈija/,,,,,,,,,,,,,,,,,,,,,,*/mənkənˈa/,
R245,,,,,,,,,,,,,,,,,,,*/kˌuːkˈumbalˠɔ/,,,,,,,,,,,,,,,,,,,,,,,,,,,,,,,,,,,,,,,,,,,,,,,,,,,,,,,,,,,,,,,,,,,,,,,,,,,,,,,,,,,,,,,,,,,,,,,,,,,,,
R246,,,,,,,,,,,,,,*/cˌ?0ʷ?1u?2t?5/,,,,,,,,,,,,,,,,,,,,,,,,,,,,,,,,,,,,,,,,,,,,,,,,,,,,,,,,,,,,,,,,,,,,,,,,,,,,,,,,,,,*/pˌulːunˈija/,,,,,,,,,,,,,,,,,,,,,,,
R247,,,,,,,,,,,,,,,,,,,,,,,,,,,,,,,,,,,,,,,,,,,,,,,,,,,,,,,,,,*/tətrˈanɟʏrun/,,,,,,,,,,,,,,,,,,,,,,,,,,,,,,,,,,,,,,,,,,,,,,,,,,,,,,,,,,,,,,
R248,,,,,,,,,,,,,,,,,,,,,,,,,,,,,,,,,,,,,,,,,,,,,,,,,,,,,,,,,,,,,,,,,,,,,,,,,,,,,,,,,,,,,,,,,,,,,,,,,,,,,,,,,,,,,,,,,,,,,,,,
R249,,,,,,,,,,,,,,,,,,,,,,,,,,,,,,,,,,,,,,,,,,,,,,,,,,,,,,,,,,,,,,,,,,,,,,,,,,,,,,,,,,,,,,,,,,,,,,,,,,,,,,,,,,,,,,,,,,,,,,,,
R250,,,,,,,,,,,,,,,,,,,,,,,,,,,,,,,,,,,,,,,,,,,,,,,,,,,,,,,,,,,,,,,,,,,,,,,,,,,,,,,,,,,,,,,,,,,,,,,,,,,,,,,,,,,,,,,,,,,,,,,,
R251,,,,,,,,,,,,,,,,,,,,,,,,,,,,,,,,,,,,,,,,,,,,,,,,,,,,,,,,,,,,,,,,,,,,,,,,,,,,,,,,,,,,,,,,,,,,,,,,,,,,,,,,,,,,,,,,,,,,,,,,
R252,,,,,,*/ˌarːkʃˈɛnːə/,,,,,,,,,*/kˈafkɔn/,,,,,,,,,,,,,,,,,,,,,,,,,,,,,,,,,,,,,,,,,,,,,,,,,,,,,,,,,,,,,,,,,,,,,,,,,,,,,,,,,,,,,,,,,,,,,,,,,,,,,,,,,
R253,,,,,,,,,,,,,,,,,,,,,,,,,,,,,,,,,,,,,,,,,,,,,,,,,,,,,,,,,,,,,,,,,,,,,,,,,,,,,,,,,,,,,,,,,,,,,,,,,,,,,,,,,,,,,,,,,,,,,,,,
R254,*/hˈafʃɔ/,,,,,,,,,,,,,,,,,,,,,,,,,,,,,,,,,,,,,,,,,,,,,,,,,,,,,*/tˌurˈafʃ/,,,,,,,,,,,,,,,,,,,,,,,,,,,,,,,,,,,,,,,,,,,,,,,,,,,,,,,,,,,,,,,,,,
R255,,,,,,,,,,,,,,,,,,,,,,,,,,,,,,,,,,,,,,,,,,,,,,,,,,,,,,,,,,,,,,,,,,,,,,,,,,,,,,,,,,,,,,,,,,,,,,,,,,,,,,,,,,,,,,,,,,,,,,,,
R256,,,,,,,,,,,,,,,,,,,,,,,,,,,,,,,,,,,,,,,,,,,,,,,,,,,,,,,,,,,,,,,,,,,,,,,,,,,,,,,,,,,,,,,,,,,,,,,,,,,,,,,,,,,,,,,,,,,,,,,,
R257,,,,,,,,,,,,,,,,,,,,,,,,,,,,,,,,,,,,,,,,,,,,,,,,,,,,,,,,,,,,,,,,,,,,,,,,,,,,,,,,,,,,,,,,,,,,,,,,,,,,,,,,,,,,,,,,,,,,,,,,
R258,,,,,,,,,,,,,,*/cˌ?0ʷ?1ə?2t?5/,,,,,,,,,,,,,,,,,,,,,,,,,,,,,,,,,,,,,,,,,,,,,,,,,,,,,,,,,,,,,,,,,,,,,,,,,,,,,,,,,,,,,,,,,,,,,,,,,,,,,,,,,,
R259,,,,,,,,,,,,,,,,,*/kˈandarɔ/,,,,,,,,,,,,,,,,,,,,,,,*/ʃkˌambˈiːnɔ/,,,,,,,,,,,,,,,,,,,,,,,,,,,,,,,,,,,,,,,,,,,,,,,,,,,,,,,,,,,,,,,,,,,,,,,,,,,,,*/məndˈɔxəɔ/,,*/mənɡənˈa/,
R260,,,,,,,,,,,,,,,,,,,,,,,,,,,,,,,,,,,,,,,,,,,,,,,,,,,,,,,,,,,,,,,,,,,,,,,,,,,,,,,,,,,,,,,,,,,,,,,,,,,,,,,,,,,,,,,,,,,,,,,,
R261,,,,,,,,,,,,,,,,,,,,,,,,,,,,,,,,,,,,,,,,,,,,*/ʃˈirəfɔ/,,,,,,,,,,,,,,,,,,,,,,,,,,,,,,,,,,,,,,,,,,,,,,,,,,,,,,,,,,,,,,,,,,,,,,,,,,,,
R262,,,,,,,,,,,,,,,,,,,,,,,,,,,,,,,,,,,,,,,,,,,,,,,,,,,,,,,,,,,,,,,,,,,,,,,,,,,,,,,,,,,,,,,,,,,,,,,,,,,,,,,,,,,,,,,,,,,,,,,,
R263,,,,,,,,,,,,,,,,,,*/kˌalˈuɟəro/,,,,,,,,,,,,,,,,,,,,,,,,,,,,,,,,,,,,,,,,,,,,,,,,,,,,,,,,,,,,,,,,,,,,,,,,,,,,,,,,,,,,,,,,,,,,,,,,,,,,,,
R264,,,,,,,,,,,,,,,,,,,,,,,,,,,,,,,,,,,,,,,,,,,,,,,,,,,,,,,,,,,,,,,,,,,,,,,,,,,,,,,,,,,,,,,,,,,,,,,,,,,,,,,,,,,,,,,,,,,,,,,,
R265,,,,,,,,,,,,,,,,,,,,,,,,,,,,,,,,,,,,,,,,,,,,,,,,,,,,,,,,,,,,,,,,,,,,,,,,,,,,,,,,,,,,,,,,,,,,,,,,,,,,,,,,,,,,,,,,,,,,,,,,
R266,,,,,,,,,,,,,,,,,,,,,,,,,,,,,,,,,,,,,,,,,,,,,,,,,,,,,,,,,,,,,,,,,,,,,,,,,,,,,,,,,,,,,,,,,,,,,,,,,,,,,,,,,,,,,,,,,,,,,,,,
R267,,,,,,,,,,,,,,,,,,,,,,,,,,,,,,,,,,,,,,,,,,,,,,,,,,,,,,,,,,,,,,,,,,,,,,,,,,,,,,,,*/hjəlˠˈiːɲɔ/,,,,,,,,,,,,,,,,,,,,,,,,,,,,,,,,,,,,,,,,
R268,,,,,,,,,,,,,,,,,,,,,,,*/ɡrˌafˈiːn/,,,,,,,,,,,,,,,,,,,,,,,,,,,,,,,,,,,,,,,,,,,,,,,,,,,,,,,,,,,,,,,,,,,,,,,,,,,,,,,,,,*/hˈɔːjɛ/,,,,,,,,,,,,,,,
R269,,,,,,,,,,,,,,,,,,,,,,,,,,,,,,,,,,,,,,,,,,,,,,,,,,,,,,,,,,,,,,,,,,,,,,,,,,,,,,,,,,,,,,,,,,,,,,,,,,,,,,,,,,,,,,,,,,,,,,,,
R270,,,,,,,,,,,,,,,,,,,,,,,,,,,,,,,,,,,,,,,,,,,,,,,,,,,,,,,,,,,,,,,,,,,,,,,,,,,,,,,*/ʎcˈɛɲə/,,,,,,,,,,,,,*/prcˈija/,*/prtəɟˈinnəma/,,,,,,,,,,,,,,,,,,,,,,,,,,,
R271,,*/hˈɛːʎəmma/,,,,,,,,,,,,,,,,,,,,,,,,,,,*/t͡ʃˈɛːrma/,,,,*/ʃˈaːrka/,,*/ʃˈɛːlpɔ/,*/ʃkˈaːlma/,*/zɟˈɛːrəfɔ/,,,,,,,*/ʃˈiːrəfɔ/,,*/ʃtˈyːlˠa/,,*/ʃpˈaːrɡãɾ̃ɔ/,*/ʃpˈaːrta/,,*/ʃpˈɛːlˠajɔ/,,,,,,,,,,,*/dˈiːrːacju/,,,,,,,,,,,,,,,,*/lˈaːrkɔ/,,,,,,,,,,,,,,,,,*/pjˈaːlˠaɡɔ/,,,,*/pˌaʎˈɔːʎɔ/,,,,,*/fˌacˈɛːlˠa/,,*/hˈɔːrɡɔ/,,,,*/mˈaːrarːjɔ/,,,,,*/mˈaːratrjɔ/,,,,,
R272,*/hˈaːfʃɔ/,,,*/ɟjˈeᵝˠːʷʃɛˠ/,,,,*/hjˈiːt͡ʃɛmaj/,,,,,,,*/kˈaːfkɔn/,,,,,*/ɡˌaːʃˈɔːfɔ/,*/kˌuːrtˈɔːʃ/,,,,,,,,,*/ʃtˈɛːfãɾ̃ɔn/,*/cˈɛːfalˠɔn/,,,*/ʃˌyːrˈiːzdɔ/,,,,,,,,,,,*/hˈɛːʃtəwɔ/,,,,,,,,,*/tˌurˈaːfʃ/,*/tˈiːfə/,,,,,,,,,,,,,,,,,,,,,,,,,,,*/rˈaːsɔn/,,,,*/rˈɔːzɔ/,*/rˈuːssɔn/,,*/rːəɡˈuːʃɔ/,,,,,,,,,,,*/prˈaːʃɔ/,,,,,,,,,,,*/mˈaːt͡ʃə/,,,,,,,,,
R273,,,,,*/ˌarsˈɛnikɔ/,,,,*/ˈie̯xɔ/,,,,*/kəʃtˈuo̯/,,*/kˈaːfkɔ/,*/kˌapnˈuo̯/,,,,,,,*/ɡrˌafˈiː/,,*/ɡˌulˈuo̯/,,,,,*/ʃtˈɛːfãɾ̃ɔ/,*/cˈɛːfalˠɔ/,,,,,,,*/ʃkˈamnɔ/,,,,,,,,,,,,*/ˌaʃpəlːˈuo̯/,,,,,,,,*/tətrˈanɟʏru/,,,,,,,,,,,*/sˌiːmməxˈuo̯rɔ/,,*/hˌiːɟəlˠˈuo̯/,,*/θˈamnɔ/,,,*/nəəʃˈuo̯/,,,,,,*/rˈaːsɔ/,,,,,*/rˈuːssɔ/,*/rːˈap/,,,,,,,,,,,,,,,,,,,,,,,,,,,,,,,,
R274,*/hˈaːfʃə/,,,,*/ˌarsˈɛnikə/,,*/ˈaɡrjə/,,*/ˈie̯xə/,*/ʃˈamnə/,*/hˈɛkrə/,,,,*/kˈaːfkə/,,*/kˈandarə/,*/kˌalˈuɟərə/,*/kˌuːkˈumbalˠə/,*/ɡˌaːʃˈɔːfə/,,*/kˌuːrʃˈɛtə/,,,,,,,,*/ʃtˈɛːfãɾ̃ə/,*/cˈɛːfalˠə/,,,*/ʃˌyːrˈiːzdə/,*/ʃˈɛːlpə/,,*/zɟˈɛːrəfə/,*/ʃkˈamnə/,*/ʃkˈapə/,*/ʃkˌambˈiːnə/,,*/ʃcˈiːnə/,*/ʃtˈamnə/,*/ʃˈiːrəfə/,*/hˈɛːʃtəwə/,,*/ʃpˈaːrə/,*/ʃpˈaːrɡãɾ̃ə/,,,*/ʃpˈɛːlˠajə/,,,,,*/tˈɔmɔrə/,*/tˈɔmɔrə/,*/tətrˈanɟʏrə/,,,*/dˌuhˈɛcjə/,*/dˈiːrːacjə/,*/dərːhˈacə/,*/drˈapãɾ̃ə/,,,,*/drˈiwaʃtə/,*/sˌiːmməxˈuo̯rə/,,,*/dəjˈimjɛrə/,*/θˈamnə/,,,,*/lˈakãɾ̃ə/,*/lˈaːrkə/,,*/hjəlˠˈiːɲə/,,*/rˈaːsə/,,,,*/rˈɔːzə/,*/rˈuːssə/,,*/rːəɡˈuːʃə/,,,,,*/pərˈaʊ̯ə/,*/pjˈaːlˠaɡə/,,,,*/pˌaʎˈɔːʎə/,*/prˈaːʃə/,*/brˈɛtkə/,,,,,*/hˈɔːrɡə/,,*/wlˌuɲˈɔtə/,,*/mˈaːrarːjə/,,,*/mˌaʃtˈikãɾ̃ə/,,*/mˈaːratrjə/,*/mˈanɡãɾ̃ə/,*/məndˈɔxəə/,*/mˈitə/,,*/mˈuo̯lˠə/
R275,,,,,,,,,,,,*/kətˈuo̯ɣə/,,,,,,,,,,,,,,,,,,,,,,,,,,,,,,,,,,,,,,,,,,,,,,,,,,,,,,,,,,,,,,,,,,,,,,,,,,,,,,,,,,,,,,,,,,*/brˈajə/,,,,,,,,,,,,,,,,,,
R276,*/hˈaːfʃ/,,,,,*/ˌarːkʃˈɛnː/,*/ˈaɡrj/,,*/ˈie̯x/,*/ʃˈamn/,*/hˈɛkr/,*/kətˈuo̯ɣ/,,,*/kˈaːfk/,,,,,*/ɡˌaːʃˈɔːf/,,*/kˌuːrʃˈɛt/,,,,,,,,,,,,*/ʃˌyːrˈiːzd/,*/ʃˈɛːlp/,,,*/ʃkˈamn/,*/ʃkˈap/,*/ʃkˌambˈiːn/,*/zɟˈɛmn/,*/ʃcˈiːn/,*/ʃtˈamn/,,,,*/ʃpˈaːr/,,,,,,,,*/tˈiːf/,,,,,,*/dˌuhˈɛcj/,,*/dərːhˈac/,,*/drˈɛːn/,*/dʎˈeᵝˠːʷn/,,,*/sˌiːmməxˈuo̯r/,,,,*/θˈamn/,,,,,*/lˈaːrk/,*/ʎcˈɛɲ/,*/hjəlˠˈiːɲ/,,*/rˈaːs/,,,,*/rˈɔːz/,*/rˈuːss/,,*/rːəɡˈuːʃ/,,,,,*/pərˈaʊ̯/,,,,*/plˈye̯r/,*/pˌaʎˈɔːʎ/,*/prˈaːʃ/,*/brˈɛtk/,*/brˈaj/,,,,*/hˈɔːrɡ/,,*/wlˌuɲˈɔt/,,,*/mˈaːt͡ʃ/,,,,,,,*/mˈit/,,*/mˈuo̯lˠ/
R277,,,,,*/ˌarsˈɛɾ̃ikə/,,,,,,,,,,,,,,,,,,,,,*/hˌulˈɛɾ̃a/,,,,,,,,,,,,,,,,,,,,,,,,,,,,,,,,,,,,,,,,,,,,,,,,,,,,,,,,,,,,,,,,,,,,,,,,,,,,,,,,,,,*/wlˈɔɾ̃a/,,,,,*/mˌaɾ̃ˈija/,,,,,*/mənɡəɾ̃ˈa/,
R278,,,,,*/ˌarsˈɛɾ̃ik/,,,,,,,,,,,,*/kˈandar/,*/kˌalˈuɟər/,*/kˌuːkˈumbalˠ/,,,,,,,,,,,*/ʃtˈɛːfãɾ̃/,*/cˈɛːfalˠ/,,,,,,*/zɟˈɛːrəf/,,,,,,,*/ʃˈiːrəf/,*/hˈɛːʃtəw/,,,*/ʃpˈaːrɡãɾ̃/,,,*/ʃpˈɛːlˠaj/,,,,,*/tˈɔmɔr/,*/tˈɔmɔr/,*/tətrˈanɟʏr/,,,,*/dˈiːrːacj/,,*/drˈapãɾ̃/,,,,*/drˈiwaʃt/,,,,*/dəjˈimjɛr/,,,,,*/lˈakãɾ̃/,,,,,,,,,,,,,,,,,,*/pjˈaːlˠaɡ/,,,,,,,,,,,,,,,*/mˈaːrarːj/,,,*/mˌaʃtˈikãɾ̃/,,*/mˈaːratrj/,*/mˈanɡãɾ̃/,*/məndˈɔxə/,,,
R279,,,,,,,,,,,,,,,,,,,,,,,,,,,,,,,,,,,,,,,,,,,,,,,,,,,,,,,,,,,,,,,,,,,,,,,,,,,,,,,,,,,,,,,,,,,,,,,,,,,,,,,,,,,,,,,,,,,,,,,,
R280,,,,,,,,,,,,,,,,,,,,,,,,,,,,,,,,,,,,,,,,,,,,,,,,,,,,,,,,,,,,,,,,,,,,,,,,,,,,,,,,,,,,,,,,,,,,,,,,,,,,,,,,,,,,,,,,,,,,,,,,
R281,,,,,,,,,,,,,,,,,,,,,,,,,,,,,,,,,,,,,,,,,,,,,,,,,,,,,,,,,,,,,,,,,,,,,,,,,,,,,,,,,,,,,,,,,,,,,,,,,,,,,,,,,,,,,,,,,,,,,,,,
R282,,,,,,,,,,,,*/kətˈuo̯/,,,,,,,,,,,,,,,,,,,,,,,,,,,,,,,,,,,,,,,,,,,,,,,,,,,,,,,,,,,,,,,,,,,,,,,*/rˈia/,,,,,,,,,,,,,,,,,,,,,,,,,,,,,,,,,,,,,
R283,,,,,,,,,,,,,,,,,,,,,,,,,,,,*/cˌiːrəʃˈiɛ/,,,,*/kərˈiɛ/,,,,,,,,,,,,,,,,,,,,,,,,,,,,,,,,,,,,,,,,,,,,,,,,,,,,*/rˈicɛ/,*/həʎˈicɛ/,,,,,,,,,,,,*/pˌulːunˈiɛ/,,,,,,,,,,,,,,,,,*/mˌaɾ̃ˈiɛ/,,,,,,
R284,,*/hˈɛːʎəmmə/,*/ˈaɡrə/,,,,,,,,,,,,,,,,,,,,,*/ɡrˈammə/,,*/hˌulˈɛɾ̃ə/,*/kˈanːə/,,*/t͡ʃˈɛːrmə/,,,,*/ʃˈaːrkə/,,,*/ʃkˈaːlmə/,,,,,,,,,,*/ʃtˈyːlˠə/,,,*/ʃpˈaːrtə/,,,*/ʃpˈuɲə/,*/ʃpˈunɟə/,,,,,,*/tˈumbrə/,*/d͡ʒˈɛpə/,,,,,,,,,,*/sxˈimə/,,,,*/ðˈiðə/,*/ðˈijə/,,,,,,*/lˈymə/,,*/rˈiə/,,,,,,,*/pˈaːlə/,*/pˌalˠˈamə/,*/prcˈijə/,*/prtəɟˈinnəmə/,,,*/pˈie̯pãɾ̃ə/,,,,,,,*/brˈukə/,*/fˌacˈɛːlˠə/,,,*/vəlˈɛnt͡sə/,,*/wlˈɔɾ̃ə/,,,*/mˌalˠˈaɡə/,,,,,,,,
R285,,,,,,,,,,,,,,,,,,,,,,,,,,,,,,,,,,,,,,,,,,,,,,,,,,,,,,,,,,,,,,,,,,,,,,,,,,,,,,,,,,,,,,,,,,,,,,,,,,,,,,,,,,,,,,,,,,,,,,,,
R286,,,,,,,,,,,,,,,,,,,,,,,,,,,,,,,,,,,,,,,,,,,,,,,,,,,,,,,,,,,,,,,,,,,,,,,,,,,,,,,,,,,,,,,,,,,,,,,,,,,,,,,,,,,,,,,,,,,,,,,,
R287,,,,,,,,,,*/ʃˈam/,,,,,,,,,,,,,,,,,,,,,,,,,,,,*/ʃkˈam/,,,*/zɟˈɛm/,,*/ʃtˈam/,,,,,,,,,,,,,,,,,,,,,,,,,,,,,,*/θˈam/,,,,,,,,,,,,,,,,,,,,,,,,,,,,,,,,,,,,,,,,,,,,,,,
R288,,*/hˈɛːʎəmːə/,,,,,,,,,,,,,,,,,,,,,,*/ɡrˈamːə/,,,,,,,,,,,,,,,,,,,,,,,,,,,,,,,,,,,,,,,,,,,,,*/sˌiːmːəxˈuo̯r/,,,,,,,,,,,,,,,,,,,,,,,,*/prtəɟˈinːəmə/,,,,,,,,,,,,,,,,,,,,,,,,,,,
R289,,,,,,,,,,,,,,,,,,,,,,,,,,,,,,,,,,,,,,,,,,,,,,,,,,,,,,,,,,,,,,,,,,,,,,,,,,,,,,,,,,,,,,,,,,,,,,,,,,,,,,,,,,,,,,,,,,,,,,,,
R290,,,,,,,,,,,,,,,,,,,,,,,,,,,,,,,,,,,,,,,,,,,,,,,,,,,,,*/ʃpˈuɲɟə/,,,,,*/tətrˈaɲɟʏr/,,,,,,,,,,,,,,,,,,,,,,,,,,,,,,,,,,,,,,,,,,,,,,,,,,,,,,,,,,*/mˈaŋɡãɾ̃/,,,*/məŋɡəɾ̃ˈa/,
R291,,,,,,,,,,,,,,,,,,,,,,,,,,,,*/cˌiːrəʃˈiː/,,,,*/kərˈiː/,,,,,,,,,,,,,,,,,,,,,,,,,,,,,,,,,,,,,,,,,,,,,,,,,,,*/rˈiː/,,,,,,,,,,,,,,*/pˌulːunˈiː/,,,,,,,,,,,,,,,,,*/mˌaɾ̃ˈiː/,,,,,,
R292,,*/hˈɛːʎə̃mːə/,,,*/ˌarsˈɛ̃ɾ̃ik/,*/ˌarːkʃˈɛ̃nː/,,*/hjˈiːt͡ʃɛ̃maj/,,*/ʃˈãm/,,,,,,,*/kˈãndar/,,*/kˌuːkˈũmbalˠ/,,,,,*/ɡrˈãmːə/,,*/hˌulˈɛ̃ɾ̃ə/,*/kˈãnːə/,,,,,,,,,,,*/ʃkˈãm/,,*/ʃkˌãmbˈĩːn/,*/zɟˈɛ̃m/,*/ʃcˈĩːn/,*/ʃtˈãm/,,,,,,,,,*/ʃpˈũɲə/,*/ʃpˈũɲɟə/,,,*/tˈɔ̃mɔr/,*/tˈɔ̃mɔr/,*/tətrˈãɲɟʏr/,*/tˈũmbrə/,,,,,,*/drˈɛ̃ːn/,*/dʎˈeᵝˠːʷ̃n/,*/drˈɔ̃?4ɛˠ/,,*/sˌĩːmːəxˈuo̯r/,*/sxˈĩmə/,,*/dəjˈĩmjɛr/,*/θˈãm/,,,,,,*/ʎcˈɛ̃ɲ/,*/hjəlˠˈĩːɲ/,*/lˈỹmə/,,,,,,,,,,*/pˌalˠˈãmə/,,*/prtəɟˈĩnːə̃mə/,,,,*/pˌulːũnˈiː/,,,,,,,,,,*/vəlˈɛ̃nt͡sə/,*/wlˌũɲˈɔt/,*/wlˈɔ̃ɾ̃ə/,,,,,*/mˌãɾ̃ˈiː/,,*/mˈãŋɡãɾ̃/,*/mə̃ndˈɔxə/,,*/mə̃ŋɡə̃ɾ̃ˈa/,
R293,,,,,,,,,,,,,,,,,,,,,,,,,,,,,,,,,,,,,,,,,,,,,,,,,,,,,,,,,,,,,,,,,,,,,,,,,,,,,,,,,,,,,,,,,,,,,,,,,,,,,,,,,,,*/vəlˈɛ̃t͡sə/,,,,,,,,,,,,,
R294,,,,,,,,,,,,,,,,,,,,,,,,,,,,,,,,,,,,,,,,*/ʃkˌãmbˈĩː/,,*/ʃcˈĩː/,,,,,,,,,,,,,,,,,,,,,,,*/drˈɛ̃ː/,*/dʎˈeᵝˠːʷ̃/,,,,,,,,,,,,,,,,,,,,,,,,,,,,,,,,,,,,,,,,,,,,,,,,,,,,,,
R295,,,,,,,,,,,,,,,,,,,,,,,,,,,,,,,,,,,,,,,,,,,,,,,,,,,,,,,,,,,,,,,,,,,,,,,,,,,,,,,,,,,,,,,,,,,,,,,,,,,,,,,,,,,,,,,,,,,,,,,,
R296,,,,,,,,,,,,,,,,,,,,,,,,,,,,,,,,,,*/ʃˌyːrˈiːd͡ʒd/,,,*/d͡ʒɟˈɛːrəf/,,,,*/d͡ʒɟˈɛ̃m/,,,,,,,,,,,,,,,,,,,,,,,,,,,,,,,,,,,,,,,,,,,,,*/rˈɔːd͡ʒ/,,,,,,,,,,,,,,,,,,,,,,,,,,,,,,,,,,
R297,,,,,,,,*/hjˈiːsɛ̃maj/,,,,,,,,,,,,,,,,,,,,,*/sˈɛːrmə/,,,,,*/ʃˌyːrˈiːzd/,,,*/zɟˈɛːrəf/,,,,*/zɟˈɛ̃m/,,,,,,,,,,,,,,,,,,,*/zˈɛpə/,,,,,,,,,,,,,,,,,,,,,,,,,,*/rˈɔːz/,,,,,,,,,,,,,,,,,,,,,,,,,*/mˈaːs/,,,,,,,,,
R298,,,,,,,,,,,,,,,,,,,,,,,,,,,,,,,,,,,,,,,,,,,,,,,,,,,,,,,,,,,,,,,,,,,,,,,,,,,,,,,,,,,,,,,,,,,,,,,,,,,,,,,,,,,,,,,,,,,,,,,,
R299,,,,,,,,,,,,,,,,,,,,,,,,,,,,,,,,,,,,,,,,,,,,,,,,,,,,,,,,,,,,,,,,,,,,,,,,,,,,*/nəʃˈuo̯/,,,,,,,,,,,,,,,,,,,,,,,,,,,,,,,,,,,,,,,,,,,,
R300,,,,,,,,,,,,,,,,,,,,,,,,,,,,,,,,,,,,,,,,,,,,,,,,,,,,,,,,,,,,,,,,,,,,,,,,,,,,,,,,,,,,,,,,,,,,,,,,,,,,,,,,,,,,,,,,,,,,,,,,
R301,,,,,,,,,,,,,,,,,,,,,,,,,,,,,,,,,,,,,,,,,,,,,,,,,,,,,,,,,,,,,,,,,,,,,,,,,,,,,,,,,,,,,,,,,,,,,,,,,,,,,,,,,,,,,,,,,,,,,,,,
R302,,,,,,,,,,,,,,,,,,,,,,,,,,,,,,,,,,,,,,,,,,,,,,,,,,,,,,,,,,,,,,,,,,,,,,,,,,,,,,,,,,,,,,,,,,,,,,,,,,,,,,,,,,,,,,,,,,,,,,,,
R303,,,,,,,,,,,,,,,,,,,,,,,,,,,,,,,,,,,,,,,,,,,,,,,,,,,,,,,,,,,,,,,,,,,,,,,,,,,,,,,,,,,,,,,,,,,,,,,,,,,,,,,,,,,,,,,,,,,,,,,,
R304,,,,,,,,,,,,,,,,,,,,,,,,,,,,,,,,,,,,,,,,,,,,,,,,,,,,,,,,,,,,,,,,,,,,,,,,,,,,,,,,,,,,,,,,,,,,,,,,,,,,,,,,,,,,,,,,,,,,,,,,
R305,,,,,,,,,*/jˈɛx/,,,,,,,,,,,,,,,,,,,,,,,,,,,,,,,,,,,,,,,,,,,,,,,,,,,,,,,,,,,,,,,,,,,,,,,,,,,,,,,,,,,,,,,,,,,,,,,,,,,,,,,,,,,,,,,
R306,,,,,,,,,,,,,,,,,,,,,,,,,,,,,,,,,,,,,,,,,,,,,,,,,,,,,,,,,,,,,,,,,,,,,,,,,,,,,,,,,,,,,,,,,,,,,,,,,,,,,,,,,,,,,,,,,,,,,,,,
R307,,,,,,,,,,,,,,,,,,,,,,,,,,,,,,,,,,,,,,,,,,,,,,,,,,,,,,,,,,,,,,,,,,,,,,,,,,,,,,,,,,,,,,,,,,,,,,,,,,,,,,,,,,,,,,,,,,,,,,,,
=Late Proto-Albanian III,null*/hˈaːfʃ/,null*/hˈɛːʎə̃mːə/,null*/ˈaɡrə/,null*/ɟjˈeᵝˠːʷʃɛˠ/,null*/ˌarsˈɛ̃ɾ̃ik/,null*/ˌarːkʃˈɛ̃nː/,null*/ˈaɡrj/,null*/hjˈiːsɛ̃maj/,null*/jˈɛx/,null*/ʃˈãm/,null*/hˈɛkr/,null*/kətˈuo̯/,null*/kəʃtˈuo̯/,null*/cˌ?0ʷ?1ə?2t?5/,null*/kˈaːfk/,null*/kˌapnˈuo̯/,null*/kˈãndar/,null*/kˌalˈuɟər/,null*/kˌuːkˈũmbalˠ/,null*/ɡˌaːʃˈɔːf/,null*/kˌuːrtˈɔːʃ/,null*/kˌuːrʃˈɛt/,null*/ɡrˌafˈiː/,null*/ɡrˈãmːə/,null*/ɡˌulˈuo̯/,null*/hˌulˈɛ̃ɾ̃ə/,null*/kˈãnːə/,null*/cˌiːrəʃˈiː/,null*/sˈɛːrmə/,null*/ʃtˈɛːfãɾ̃/,null*/cˈɛːfalˠ/,null*/kərˈiː/,null*/ʃˈaːrkə/,null*/ʃˌyːrˈiːzd/,null*/ʃˈɛːlp/,null*/ʃkˈaːlmə/,null*/zɟˈɛːrəf/,null*/ʃkˈãm/,null*/ʃkˈap/,null*/ʃkˌãmbˈĩː/,null*/zɟˈɛ̃m/,null*/ʃcˈĩː/,null*/ʃtˈãm/,null*/ʃˈiːrəf/,null*/hˈɛːʃtəw/,null*/ʃtˈyːlˠə/,null*/ʃpˈaːr/,null*/ʃpˈaːrɡãɾ̃/,null*/ʃpˈaːrtə/,null*/ˌaʃpəlːˈuo̯/,null*/ʃpˈɛːlˠaj/,null*/ʃpˈũɲə/,null*/ʃpˈũɲɟə/,null*/tˌurˈaːfʃ/,null*/tˈiːf/,null*/tˈɔ̃mɔr/,null*/tˈɔ̃mɔr/,null*/tətrˈãɲɟʏr/,null*/tˈũmbrə/,null*/zˈɛpə/,null*/dˌuhˈɛcj/,null*/dˈiːrːacj/,null*/dərːhˈac/,null*/drˈapãɾ̃/,null*/drˈɛ̃ː/,null*/dʎˈeᵝˠːʷ̃/,null*/drˈɔ̃?4ɛˠ/,null*/drˈiwaʃt/,null*/sˌĩːmːəxˈuo̯r/,null*/sxˈĩmə/,null*/hˌiːɟəlˠˈuo̯/,null*/dəjˈĩmjɛr/,null*/θˈãm/,null*/ðˈiðə/,null*/ðˈijə/,null*/nəʃˈuo̯/,null*/lˈakãɾ̃/,null*/lˈaːrk/,null*/ʎcˈɛ̃ɲ/,null*/hjəlˠˈĩːɲ/,null*/lˈỹmə/,null*/rˈaːs/,null*/rˈiː/,null*/rˈicɛ/,null*/həʎˈicɛ/,null*/rˈɔːz/,null*/rˈuːss/,null*/rːˈap/,null*/rːəɡˈuːʃ/,null*/pˈaːlə/,null*/pˌalˠˈãmə/,null*/prcˈijə/,null*/prtəɟˈĩnːə̃mə/,null*/pərˈaʊ̯/,null*/pjˈaːlˠaɡ/,null*/pˈie̯pãɾ̃ə/,null*/pˌulːũnˈiː/,null*/plˈye̯r/,null*/pˌaʎˈɔːʎ/,null*/prˈaːʃ/,null*/brˈɛtk/,null*/brˈaj/,null*/brˈukə/,null*/fˌacˈɛːlˠə/,null*/hˈɔːjɛ/,null*/hˈɔːrɡ/,null*/vəlˈɛ̃t͡sə/,null*/wlˌũɲˈɔt/,null*/wlˈɔ̃ɾ̃ə/,null*/mˈaːrarːj/,null*/mˈaːs/,null*/mˌalˠˈaɡə/,null*/mˌaʃtˈikãɾ̃/,null*/mˌãɾ̃ˈiː/,null*/mˈaːratrj/,null*/mˈãŋɡãɾ̃/,null*/mə̃ndˈɔxə/,null*/mˈit/,null*/mə̃ŋɡə̃ɾ̃ˈa/,null*/mˈuo̯lˠ/
R308,,,,,,,,,,,,,,,,,,,,,,,,,,,,,,,,,,,,,,,,,,,,,,,,,,,,,,,,,,,,,,,,,,,,,,,,,,,,,,,,,,,,,,,,,,,,,,,,,,,,,,,,,,,,,,,,,,,,,,,,
R309,,,,,,,,,,,,,,,,,,,,,,,,,,,,,,,,,,,,,,,,,,,,,,,,,,,,,,,,,,,,,,,,,,,,,,,,,,,,,,,,,,,,,,,,,,,,,,,,,,,,,,,,,,,,,,,,,,,,,,,,
R310,,,,,,,,,,,,,,,,,,,,,,,,,,,,,,,,,,,,,,,,,,,,,,,,,,,,,,,,,,,,,,,,,,,,,,,,,,,,,,,,,,,,,,,,,,,,,,,,*/pjˈɛpãɾ̃ə/,,,,,,,,,,,,,,,,,,,,,,,,
R311,,,,,,,,,,,,,,,,,,,,,,,,,,,,,,,,,,,,,,,,,,,,,,,,,,,,,,,,,,,,,,,,,,,,,,,,,,,,,,,,,,,,,,,,,,,,,,,,,,,,,,,,,,,,,,,,,,,,,,,,
R312,,,,,,,,,,,,,,,,,,,,,,,,,,,,,,,,,,,,,,,,,,,,,,,,,,,,,,,,,,,,,,,,,,,,,,,,,,,,,,,,,,,,,,,,,,,,,,,,,,,,,,,,,,,,,,,,,,,,,,,,
R313,,,,,,,,,,,,,,,,,,,,,,,,,,,,,,,,,,,,,,,,,,,,,,,,,,,,,,,,,,,,,,,,,,,,,,,,,,,,,,,,,,,,,,,,,,,,,,,,,,,,,,,,,,,,,,,,,,,,,,,,
R314,,,,,,,,,,,,,,,,,,,,,,,,,,,,,,,,,,,,,,,,,,,,,,,,,,,,,,,,,,,,,,,,,,,,,,,,,,,,,,,,,,,,,,,,,,,,,,,,,,,,,,,,,,,,,,,,,,,,,,,,
R315,,,,,,,,,,,,,,,,,,,,,,,,,,,,,,,,,,,,,,,,,,,,,,,,,,,,,,,,,,,,,,,,,,,,,,,,,,,,,,,,,,,,,,,,,,,,,,,,,,,,,,,,,,,,,,,,,,,,,,,,
R316,,,,,,,,,,,,,,,,,,,,,,,,,,,,,,,,,,,,,,,,,,,,,,,,,,,,,,,,,,,,,,,,,,,,,,,,,,,,,,,,,,,,,,,,,,,,,,,,,,,,,,,,,,,,,,,,,,,,,,,,
R317,,,,,,,,,,,,,,,,,,,,,,,,,,,,,,,,,,,,,,,,,,,,,,,,,,,,,,,,,,,,,,,,,,,,,,,,,,,,,,,,,,,,,,,,,,,,,,,,,,,,,,,,,,,,,,,,,,,,,,,,
R318,,,,,,,,,,,,,,,,,,,,,,,,,,,,,,,,,,,,,,,,,,,,,,,,,,,,,,,,,,,,,,,,,,,,,,,,,,,,,,,,,,,,,,,,,,,,,,,,,,,,,,,,,,,,,,,,,,,,,,,,
R319,,,,,,,,,,,,,,,,,,,,,,,,,,,,,,,,,,,,,,,,,,,,,,,,,,,,,,,,,,,,,,,,,,,,,,,,,,,,,,,,,,,,,,,,,,,,,,,,,,,,,,,,,,,,,,,,,,,,,,,,
R320,,,,,,,,,,,,,,,,,,,,,,,,,,,,,,,,,,,,,,,,,,,,,,,,,,,,,,,,,,,,,,,,,,,,,,,,,,,,,,,,,,,,,,,,,,,,,,,,,,,,,,,,,,,,,,,,,,,,,,,,
R321,,,,,,,,,,,,,,,,,,,,,,,,,,,,,,,,,,,,,,,,,,,,,,,,,,,,,,,,,,,,,,,,,,,,,,,,,,,,,,,,,,,,,,,,,,,,,,,,,,,,,,,,,,,,,,,,,,,,,,,,
R322,,,,,,,,,,,,,,,,,,,,,,,,,,,,,,,,,,,,,,,,,,,,,,,,,,,,,,,,,,,,,,,,,,,,,,,,,,,,,,,,,,,,,,,,,,,,,,,,,,,,,,,,,,,,,,,,,,,,,,,,
R323,,,,,,,,,,,,,,,,,,,,,,,,,,,,,,,,,,,,,,,,,,,,,,,,,,,,,,,,,,,,,,,,,,,,,,,,,,,,,,,,,,,,,,,,,,,,,,,,,,,,,,,,,,,,,,,,,,,,,,,,
R324,,,,,,,,,,,,,,,,,,,,,,,,,,,,,,,,,,,,,,,,,,,,,,,,,,,,,,,,,,,,,,,,,,,,,,,,,,,,,,,,,,,,,,,,,,,,,,,,,,,,,,,,,,,,,,,,,,,,,,,,
R325,,,,,,,,,,,,,,,,,,,,,,,,,,,,,,,,,,,,,,,,,,,,,,,,,,,,,,,,,,,,,,,,,,,,,,,,,,,,,,,,,,,,,,,,,,,,,,,,,,,,,,,,,,,,,,,,,,,,,,,,
R326,,,,,,,,,,,,,,,,,,,,,,,,,,,,,,,,,,,,,,,,,,,,,,,,,,,,,,,,,,,,,,,,,,,,,,,,,,,,,,,,,,,,,,,,,,,,,,,,,,,,,,,,,,,,,,,,,,,,,,,,
R327,,,,,,,,,,,,,,,,,,,,,,,,,,,,,,,,,,,,,,,,,,,,,,,,,,,,,,,,,,,,,,,,,,,,,,,,,,,,,,,,,,,,,,,,,,,,,,,,,,,,,,,,,,,,,,,,,,,,,,,,
R328,,,,,,,,,,,,,,,,,,,,,,,,,,,,,,,,,,,,,,,,,,,,,,,,,,,,,,,,,,,,,,,,,,,,,,,,,,,,,,,,,,,,,,,,,,,,,,,,,,,,,,,,,,,,,,,,,,,,,,,,
R329,,,,,,,,,,,,,,,,,,,,,,,,,,,,,,,,,,,,,,,,,,,,,,,,,,,,,,,,,,,,,,,,,,,,,,,,,,,,,,,,,,,,,,,,,,,,,,,,,,,,,,,,,,,,,,,,,,,,,,,,
R330,,,,*/ɟˈeᵝˠːʷʃɛˠ/,,,,,,,,,,,,,,,,,,,,,,,,,,,,,,,,,,,,,,,,,,,,,,,,,,,,,,,,,*/dˌuhˈɛc/,*/dˈiːrːac/,,,,,,,,,,,,,,,,,,,,,,,,,,,,,,,,,,,,,,,,,,,,,,,,,,,,,,,,,,
R331,,,,,,,,,,,,,,,,,,,,,,,,,,,,,,,,,,,,,,,,,,,,,,,,,,,,,,,,,,,,,,,,,,,,,,,,,,,,,,,,,,,,,,,,,,,,,,,,,,,,,,,,,,,,,,,,,,,,,,,,
R332,,,,,,,,,,,,,,,,,,,,,,,,,,,,,,,,,,,,,,,,,,,,,,,,,,,,,,,,,,,,,,,,,,,,,,,,,,,,,,,,,,,,,,,,,,,,,,,,,,,,,,,,,,,,,,,,,,,,,,,,
R333,,,,,,,,,,,,,,,,,,,,,,,,,,,,,,,,,,,,,,,,,,,,,,,,,,,,,,,,,,,,,,,,,,,,,,,,,,,,,,,,,,,,,,,,,,,,,,,,,,,,,,,,,,,,,,,,,,,,,,,,
R334,,,,,,,,,,,,,,,,,,,,,,,,,,,,,,,,,,,,,,,,,,,,,,,,,,,,,,,,,,,,,,,,,,,,,,,,,,,,,,,,,,,,,,,,,,,,,,,,,,,,,,,,,,,,,,,,,,,,,,,,
R335,,,,,,,,,,,,,,,,,,,,,,,,,,,,,,,,,,,,,,,,,,,,,,,,,,,,,,,,,,*/tətrˈãɲɟr/,,,,,,,,,,,,,,,,,,,,,,,,,,,,,,,,,,,,,,,,,,,,,,,,,,,,,,,,,,,,,,
R336,,,,,,,,,,,,,,,,,,,,,,,,,,,,,,,,,,,,,,,,,,,,,,,,,,,,,,,,,,,,,,,,,,,,,,,,,,,,,,,,,,,,,,,,,,,,,,,,,,,,,,,,,,,,,,,,,,,,,,,,
R337,,,,,,,,,,,,,,,,,,,,,,,,,,,,,,,,,,,,,,,,,,,,,,,,,,,,,,,,,,,,,,,,,,,,,,,,,,,,,,,,,,,,,,,,,,,,,,,,,,,,,,,,,,,,,,,,,,,,,,,,
R338,,,,,,,,,,,,,,,,,,,,,,,,,,,,,,,,,,,,,,,,,,,,,,,,,,,,,,,,,,,,,,,,,,,,,,,,,,,,,,,,,,,,,,,,,,,,,,,,,,,,,,,,,,,,,,,,,,,,,,,,
R339,,,,,,,,,,,,,,,,,,*/kˌalˠˈuɟər/,,,,,,,*/ɡˌulˠˈuo̯/,,,,,,,,,,,,,,,,,,,,,,,,,,,,,,,,,,,,,,,,,,,,,,,,,,,,,,,,,,,,,,,,,,,,,,,,,,,,,,,,,,,,,,,,,,,,,,,
R340,,,,,,,*/ˈaɡrː/,,,,,,,,,,,,,,,,,,,,,,,,,,,,,,,,,,,,,,,,,,,,,,,,,,,,,,,,,,,,,,,,,,,,,,,,,,,,,,,,,,,,,,,,,,,,,,,,,,,,,,,,,,,,*/mˈaːratrː/,,,,,
R341,,,*/ˈaɡɾə/,,*/ˌaɾsˈɛ̃ɾ̃ik/,,,,,,*/hˈɛkɾ/,,,,,,*/kˈãndaɾ/,*/kˌalˠˈuɟəɾ/,,,*/kˌuːɾtˈɔːʃ/,*/kˌuːɾʃˈɛt/,*/ɡɾˌafˈiː/,*/ɡɾˈãmːə/,,,,*/cˌiːɾəʃˈiː/,*/sˈɛːɾmə/,,,*/kəɾˈiː/,*/ʃˈaːɾkə/,*/ʃˌyːɾˈiːzd/,,,*/zɟˈɛːɾəf/,,,,,,,*/ʃˈiːɾəf/,,,*/ʃpˈaːɾ/,*/ʃpˈaːɾɡãɾ̃/,*/ʃpˈaːɾtə/,,,,,*/tˌuɾˈaːfʃ/,,*/tˈɔ̃mɔɾ/,*/tˈɔ̃mɔɾ/,*/tətɾˈãɲɟɾ/,*/tˈũmbɾə/,,,,,*/dɾˈapãɾ̃/,*/dɾˈɛ̃ː/,,*/dɾˈɔ̃?4ɛˠ/,*/dɾˈiwaʃt/,*/sˌĩːmːəxˈuo̯ɾ/,,,*/dəjˈĩmjɛɾ/,,,,,,*/lˈaːɾk/,,,,*/ɾˈaːs/,*/ɾˈiː/,*/ɾˈicɛ/,,*/ɾˈɔːz/,*/ɾˈuːss/,,,,,*/pɾcˈijə/,*/pɾtəɟˈĩnːə̃mə/,*/pəɾˈaʊ̯/,,,,*/plˈye̯ɾ/,,*/pɾˈaːʃ/,*/bɾˈɛtk/,*/bɾˈaj/,*/bɾˈukə/,,,*/hˈɔːɾɡ/,,,,*/mˈaːɾarːj/,,,,,*/mˈaːɾatrː/,,,,,
R342,,,,,,*/ˌarkʃˈɛ̃nː/,*/ˈaɡr/,,,,,,,,,,,,,,,,,,,,,,,,,,,,,,,,,,,,,,,,,,,,,,,,,,,,,,,*/dˈiːrac/,*/dərhˈac/,,,,,,,,,,,,,,,,,,,,,,,,,*/rˈap/,*/rəɡˈuːʃ/,,,,,,,,,,,,,,,,,,,,,*/mˈaːɾarj/,,,,,*/mˈaːɾatr/,,,,,
R343,,,,,,,,,,,,,,,,,,,,,,,,,,,,,,,,,,,,,,,,,,,,,,,,,,,,,,,,,,,,,,,,,,,,,,,,,,,,,,,,,,,,,,,,,,,,,,,,,,,,,,,,,,,,,,,,,,,,,,,,
R344,,,*/ˈaɡɾ/,,,,,,,,,,,,,,,,,,,,,,,,,,,,,,,,,,,,,,,,,,,,,,,,,,,,,,,,*/tˈũmbɾ/,,,,,,,,,,,,,,,,,,,,,,,,,,,,,,,,,,,,,,,,,,,,,,,,,,,,,,,,,,,,,
R345,,,,,,,,,,,,,,,,,,,,,,,,,,,,,,,,,,,,,,,,,,,,,,,,,,,,,,,,,,,,,,,,,,,,,,,,,,,,,,,,,,,,,,,,,,,,,,,,,,,,,,,,,,,,,,,,,,,,,,,,
R346,,,,,,,,,,,,,,,,,*/kˈãndɾ/,*/kˌalˠˈuɟɾ/,*/kˌuːkˈũmblˠ/,,,,,,,,,,,,*/cˈɛːflˠ/,,,,,,,,,,,,,,,,,,,,,,,,,*/tˈɔ̃mɾ/,*/tˈɔ̃mɾ/,,,,,,,,,,,,,,,,,,,,,,,,,,,,,,,,,,,,,,,,,,,,,,,,,,,,,,,,,,,,,,,
R347,,,,,,,,,,,,,,,,,,,,,,,,,,,,,,,,,,,,,,,,,,,,,,,,,,,,,,,,,,,,,,,,,,,,,,,,,,,,,,,,,,,,,,,,,,,,,,,,,,,,,,,,,,,,,,,,,,,,,,,,
R348,,,,,,,,,,,,,,,,,,,,,,,,,,,,,,,,,,,,,,,,,,,,,,,,,,,,,,,,,,,,,,,,,,,,,,,,,,,,,,,,,,,,,,,,,,,,,,,,,,,,,,,,,,,,,,,,,,,,,,,,
R349,,,*/ˈaɡɾ̩/,,,,*/ˈaɡr̩/,,,,*/hˈɛkɾ̩/,,,,,,*/kˈãndɾ̩/,*/kˌalˠˈuɟɾ̩/,*/kˌuːkˈũmb?6/,,,,,,,,,,,,*/cˈɛːf?6/,,,,,,,,,,,,,,,,,,,,,,,,,,,*/tətɾˈãɲɟɾ̩/,*/tˈũmbɾ̩/,,,,,,,,,,,,,,,,,,,,,,,,,,,,,,,,,,,,,,,,,,,,,,,,,,,,,,,,*/mˈaːɾatr̩/,,,,,
R350,,,,,,,,,,,,,,,,,,,,,,,,,,,,,,,,,,,,,,,,,,,,,,,,,,,,,,,,,,,,,,,,,,,,,,,,,,,,,,,,,,,,,,,,,,,,*/pɾ̩cˈijə/,*/pɾ̩təɟˈĩnːə̃mə/,,,,,,,,,,,,,,,,,,,,,,,,,,,
R351,,,,,,,,,,,,,,,,,,,,,,,,,,,,,,,,,,,,,,,,,,,,,,,,,,,,,,,,*/tˈɔ̃mɾ̩/,*/tˈɔ̃mɾ̩/,,,,,,,,,,,,,,,,,,,,,,,,,,,,,,,,,,,,,,,,,,,,,,,,,,,,,,,,,,,,,,,
R352,,,,,,,,,,,,,,,,,,,,,,,,,,,,,,,,,,,,,,,,,,,,,,,,,,,,,,,,,,,,,,,,,,,,,,,,,,,,,,,,,,,,,,,,,,,,,,,,,,,,,,,,,,,,,,,,,,,,,,,,
R353,,,,,,,,,,,,,,,,,,,,,,,,,,,,,,,,,,,,,,,,,,,,,,,,,,,,,,,,,,,,,,,,,,,,,,,,,,,,,,,,,,,,,,,,,,,,,,,,,,,,,,,,,,,,,,,,,,,,,,,,
R354,,,,,,,,,,,,,,,,,,,,,,,,,,,,,,,,,,,,,,,,,,,,,,,,,,,,,,,,,,,,,,,,,,,,,,,,,,,,,,,,,,,,,,,,,,,,,,,,,,,,,,,,,,,,,,,,,,,,,,,,
R355,,,,,,,,,,,,,,,,,,,,,,,,,,,,,,,,,,,,,,,,,,,,,,,,,,,,,,,,,,,,,,,,,,,,,,,,,,,,,,,,,,,,,,,,,,,,,,,,,,,,,,,,,,,,,,,,,,,,,,,,
R356,,,,,,,,,,,,,,,,,,,,,,,,,,,,,,,,,,,,,,,,,,,,,,,,,,,,,,,,,,,,,,,,,,,,,,,,,,,,,,,*/lcˈɛ̃ɲ/,,,,,,,,,,,,,,,,,,,,,,,,,,,,,,,,,,,,,,,,,
R357,,,,,,,,,,,,,,,,,,,,,,,,,,,,,,,,,,,,,,,,,,,,,,,,,,,,,,,,,,,,,,,,,,,,,,,,,,,,,,,,,,,,,,,,,,,,,,,,,,,,,,,,,,,,,,,,,,,,,,,,
R358,,,,,,,,,,,,,,,,,,,,,,,,,,,,,,,,,,,,,,,,,,,,,,,,,,,,,,,,,,,,,,,,,,,,,,,,,,,,,,,,,,,,,,,,,,,,,,,,,,,,,,,,,,,,,,,,,,,,,,,,
R359,,,,,,,,,,,,,,,,,,,,,,,,,,,,,,,,,,,,,,,,,,,,,,,,,,,,,,,,,,,,,,,,,,,,,,,,,,,,,,,,,,,,,,,,,,,,,,,,,,,,,,,,,,,,,,,,,,,,,,,,
R360,,,,,,,,,,,,,,,,,,,,,,,,,,,,,,,,,,,,,,,,,,,,,,,,,,,,,,,,,,,,,,,,,,,,,,,,,,,,,,,,,,,,,,,,,,,,,,,,,,,,,,,,,,,,,,,,,,,,,,,,
=Proto-Tosk-SGheg,null*/hˈaːfʃ/,null*/hˈɛːʎə̃mːə/,null*/ˈaɡɾ̩/,null*/ɟˈeᵝˠːʷʃɛˠ/,null*/ˌaɾsˈɛ̃ɾ̃ik/,null*/ˌarkʃˈɛ̃nː/,null*/ˈaɡr̩/,null*/hjˈiːsɛ̃maj/,null*/jˈɛx/,null*/ʃˈãm/,null*/hˈɛkɾ̩/,null*/kətˈuo̯/,null*/kəʃtˈuo̯/,null*/cˌ?0ʷ?1ə?2t?5/,null*/kˈaːfk/,null*/kˌapnˈuo̯/,null*/kˈãndɾ̩/,null*/kˌalˠˈuɟɾ̩/,null*/kˌuːkˈũmb?6/,null*/ɡˌaːʃˈɔːf/,null*/kˌuːɾtˈɔːʃ/,null*/kˌuːɾʃˈɛt/,null*/ɡɾˌafˈiː/,null*/ɡɾˈãmːə/,null*/ɡˌulˠˈuo̯/,null*/hˌulˈɛ̃ɾ̃ə/,null*/kˈãnːə/,null*/cˌiːɾəʃˈiː/,null*/sˈɛːɾmə/,null*/ʃtˈɛːfãɾ̃/,null*/cˈɛːf?6/,null*/kəɾˈiː/,null*/ʃˈaːɾkə/,null*/ʃˌyːɾˈiːzd/,null*/ʃˈɛːlp/,null*/ʃkˈaːlmə/,null*/zɟˈɛːɾəf/,null*/ʃkˈãm/,null*/ʃkˈap/,null*/ʃkˌãmbˈĩː/,null*/zɟˈɛ̃m/,null*/ʃcˈĩː/,null*/ʃtˈãm/,null*/ʃˈiːɾəf/,null*/hˈɛːʃtəw/,null*/ʃtˈyːlˠə/,null*/ʃpˈaːɾ/,null*/ʃpˈaːɾɡãɾ̃/,null*/ʃpˈaːɾtə/,null*/ˌaʃpəlːˈuo̯/,null*/ʃpˈɛːlˠaj/,null*/ʃpˈũɲə/,null*/ʃpˈũɲɟə/,null*/tˌuɾˈaːfʃ/,null*/tˈiːf/,null*/tˈɔ̃mɾ̩/,null*/tˈɔ̃mɾ̩/,null*/tətɾˈãɲɟɾ̩/,null*/tˈũmbɾ̩/,null*/zˈɛpə/,null*/dˌuhˈɛc/,null*/dˈiːrac/,null*/dərhˈac/,null*/dɾˈapãɾ̃/,null*/dɾˈɛ̃ː/,null*/dʎˈeᵝˠːʷ̃/,null*/dɾˈɔ̃?4ɛˠ/,null*/dɾˈiwaʃt/,null*/sˌĩːmːəxˈuo̯ɾ/,null*/sxˈĩmə/,null*/hˌiːɟəlˠˈuo̯/,null*/dəjˈĩmjɛɾ/,null*/θˈãm/,null*/ðˈiðə/,null*/ðˈijə/,null*/nəʃˈuo̯/,null*/lˈakãɾ̃/,null*/lˈaːɾk/,null*/lcˈɛ̃ɲ/,null*/hjəlˠˈĩːɲ/,null*/lˈỹmə/,null*/ɾˈaːs/,null*/ɾˈiː/,null*/ɾˈicɛ/,null*/həʎˈicɛ/,null*/ɾˈɔːz/,null*/ɾˈuːss/,null*/rˈap/,null*/rəɡˈuːʃ/,null*/pˈaːlə/,null*/pˌalˠˈãmə/,null*/pɾ̩cˈijə/,null*/pɾ̩təɟˈĩnːə̃mə/,null*/pəɾˈaʊ̯/,null*/pjˈaːlˠaɡ/,null*/pjˈɛpãɾ̃ə/,null*/pˌulːũnˈiː/,null*/plˈye̯ɾ/,null*/pˌaʎˈɔːʎ/,null*/pɾˈaːʃ/,null*/bɾˈɛtk/,null*/bɾˈaj/,null*/bɾˈukə/,null*/fˌacˈɛːlˠə/,null*/hˈɔːjɛ/,null*/hˈɔːɾɡ/,null*/vəlˈɛ̃t͡sə/,null*/wlˌũɲˈɔt/,null*/wlˈɔ̃ɾ̃ə/,null*/mˈaːɾarj/,null*/mˈaːs/,null*/mˌalˠˈaɡə/,null*/mˌaʃtˈikãɾ̃/,null*/mˌãɾ̃ˈiː/,null*/mˈaːɾatr̩/,null*/mˈãŋɡãɾ̃/,null*/mə̃ndˈɔxə/,null*/mˈit/,null*/mə̃ŋɡə̃ɾ̃ˈa/,null*/mˈuo̯lˠ/
R361,,,,,,,,,,,,*/kətˈua̯/,*/kəʃtˈua̯/,,,*/kˌapnˈua̯/,,,,,,,,,*/ɡˌulˠˈua̯/,,,,,,,,,,,,,,,,,,,,,,,,,*/ˌaʃpəlːˈua̯/,,,,,,,,,,,,,,,,,,,*/sˌĩːmːəxˈua̯ɾ/,,*/hˌiːɟəlˠˈua̯/,,,,,*/nəʃˈua̯/,,,,,,,,,,,,,,,,,,,,,,,,,,,,,,,,,,,,,,,,,,,,*/mˈua̯lˠ/
R362,,,,,,,,,,,,,,,,,,,,,,,,,,,,,,,,,,,,,,,,,,,,,*/hˈɛːʃtəv/,,,,,,,,,,,,,,,,,,,,,,,*/dɾˈivaʃt/,,,,,,,,,,,,,,,,,,,,,,,,,,,,,,,,,,,,,,,,*/vlˌũɲˈɔt/,*/vlˈɔ̃ɾ̃ə/,,,,,,,,,,,
R363,,,,,,,,,*/jˈɛh/,,,,,,,,,,,,,,,,,,,,,,,,,,,,,,,,,,,,,,,,,,,,,,,,,,,,,,,,,,,,*/sˌĩːmːəhˈua̯ɾ/,*/shˈĩmə/,,,,,,,,,,,,,,,,,,,,,,,,,,,,,,,,,,,,,,,,,,,,,,,*/mə̃ndˈɔhə/,,,
R364,,,,,,,,,,,,,,,,,,,,,,,,,,,,,,,,,,,,,,,,,,,,,,,,,,,,,,,,,,,,,,,,,,,,,,,,,,,,,,,,,,,,,,,,,,,,,,,,,,,,,,,,,,,,,,,,,,,,,,,,
R365,,,,,,,,,,,,,,,,,,,,,,,,,,,,,,,,,,,,,,,,,,,,,,,,,,,,,,,,,,,,,,,,,,,,,,,,,,,,,,,,,,,,,,,,,,,,,,,,,,,,,,,,,,,,,,,,,,,,,,,,
R366,,,,,,,,,,,,,*/ɡəʃtˈua̯/,,,,,,,,,,,,,,,,,,,,,,,,,,,,,,,,,,,,,,,,,,,,,,,,,,,,,,,,,,,,,,,,,,,,,,,,,,,,,,,,,,,,,,,,,,,,,,,,,,,,,,,,,,,
R367,,,,,,,,,,,,,,,,,,,,,,,,,,,,,,,,,,,,,,,,,,,,,,,,,,,,,,,,,,,,,,,,,,,,,,,,,,,,,,,,,,,,,,,,,,,,,,,,,,,,,,,,,,,,,,,,,,,,,,,,
R368,,,,,,,,,,,,,,,,,,,,,,,,,,,,,,,,,,,,,,,,,,,,,,,,,,,,,,,,,,,,,,,,,,,,,,,,,,,,,,,,,,,,,,,,,,,,,,,,,,,,,,,,,,,,,,,,,,,,,,,,
R369,,,,,,,,,,,,,,,,,,,,,,,,,,,,,,,,,,,,,,,,,,,,,,,,,,,,,,,,,,,,,,,,,,,,,,,,,,,,,,,,,,,,,,,,,,,,,,,,,,,,,,,,,,,,,,,,,,,,,,,,
R370,,,,,,,,,,,,,,,,,,,,,,,,,,,,,,,,,,,,,,,,,,,,,,,,,,,,,,,,,,,,,,,,,,,,,,,,,,,,,,,,,,,,,,,,,,,,,,,,,,,,,,,,,,,,,,,,,,,,,,,,
R371,,,,,,,,,,,,,,,,,,,,,,,,,,,,,,,,,,,,,,,,,,,,,,,,,,,,,,,,,,,,,,,,,,,,,,,,,,,,,,,,,,,,,,,,,,,,,,,,,,,,,,,,,,,,,,,,,,,,,,,,
R372,,,,,,,,,,,,,,,,,,,,,,,,,,,,,,,,,,,,,,,,,,,,,,,,,,,,,,,,,,,,,,,,,,,,,,,,,,,,,,,,,,,,,,,,,,,,,,,,,,,,,,,,,,,,,,,,,,,,,,,,
R373,,*/hˈɛːʎə̃mə/,,,,*/ˌarkʃˈɛ̃n/,,,,,,,,,,,,,,,,,,*/ɡɾˈãmə/,,,*/kˈãnə/,,,,,,,,,,,,,,,,,,,,,,,,,,,,,,,,,,,,,,,,,,*/sˌĩːməhˈua̯ɾ/,,,,,,,,,,,,,,,,,,,,,,,,*/pɾ̩təɟˈĩnə̃mə/,,,,,,,,,,,,,,,,,,,,,,,,,,,
R374,,,,,*/ˌaɾsˈɛ̃ɾik/,,,,,,,,,,,,,,,,,,,,,*/hˌulˈɛ̃ɾə/,,,,*/ʃtˈɛːfãɾ/,,,,,,,,,,,,,,,,,,*/ʃpˈaːɾɡãɾ/,,,,,,,,,,,,,,,,*/dɾˈapãɾ/,,,,,,,,,,,,,*/lˈakãɾ/,,,,,,,,,,,,,,,,,,,*/pjˈɛpãɾə/,,,,,,,,,,,,,*/vlˈɔ̃ɾə/,,,,*/mˌaʃtˈikãɾ/,*/mˌãɾˈiː/,,*/mˈãŋɡãɾ/,,,*/mə̃ŋɡə̃ɾˈa/,
R375,,,,,,,,,,*/ʃˈə̃m/,,,,,,,*/kˈə̃ndɾ̩/,,,,,,,*/ɡɾˈə̃mə/,,,*/kˈə̃nə/,,,*/ʃtˈɛːfə̃ɾ/,,,,,,,,*/ʃkˈə̃m/,,*/ʃkˌə̃mbˈĩː/,,,*/ʃtˈə̃m/,,,,,*/ʃpˈaːɾɡə̃ɾ/,,,,,,,,,,*/tətɾˈə̃ɲɟɾ̩/,,,,,,*/dɾˈapə̃ɾ/,,,,,,,,,*/θˈə̃m/,,,,*/lˈakə̃ɾ/,,,,,,,,,,,,,,*/pˌalˠˈə̃mə/,,,,,*/pjˈɛpə̃ɾə/,,,,,,,,,,,,,,,,,*/mˌaʃtˈikə̃ɾ/,*/mˌə̃ɾˈiː/,,*/mˈə̃ŋɡə̃ɾ/,,,,
=Proto-Tosk,null*/hˈaːfʃ/,null*/hˈɛːʎə̃mə/,null*/ˈaɡɾ̩/,null*/ɟˈeᵝˠːʷʃɛˠ/,null*/ˌaɾsˈɛ̃ɾik/,null*/ˌarkʃˈɛ̃n/,null*/ˈaɡr̩/,null*/hjˈiːsɛ̃maj/,null*/jˈɛh/,null*/ʃˈə̃m/,null*/hˈɛkɾ̩/,null*/kətˈua̯/,null*/ɡəʃtˈua̯/,null*/cˌ?0ʷ?1ə?2t?5/,null*/kˈaːfk/,null*/kˌapnˈua̯/,null*/kˈə̃ndɾ̩/,null*/kˌalˠˈuɟɾ̩/,null*/kˌuːkˈũmb?6/,null*/ɡˌaːʃˈɔːf/,null*/kˌuːɾtˈɔːʃ/,null*/kˌuːɾʃˈɛt/,null*/ɡɾˌafˈiː/,null*/ɡɾˈə̃mə/,null*/ɡˌulˠˈua̯/,null*/hˌulˈɛ̃ɾə/,null*/kˈə̃nə/,null*/cˌiːɾəʃˈiː/,null*/sˈɛːɾmə/,null*/ʃtˈɛːfə̃ɾ/,null*/cˈɛːf?6/,null*/kəɾˈiː/,null*/ʃˈaːɾkə/,null*/ʃˌyːɾˈiːzd/,null*/ʃˈɛːlp/,null*/ʃkˈaːlmə/,null*/zɟˈɛːɾəf/,null*/ʃkˈə̃m/,null*/ʃkˈap/,null*/ʃkˌə̃mbˈĩː/,null*/zɟˈɛ̃m/,null*/ʃcˈĩː/,null*/ʃtˈə̃m/,null*/ʃˈiːɾəf/,null*/hˈɛːʃtəv/,null*/ʃtˈyːlˠə/,null*/ʃpˈaːɾ/,null*/ʃpˈaːɾɡə̃ɾ/,null*/ʃpˈaːɾtə/,null*/ˌaʃpəlːˈua̯/,null*/ʃpˈɛːlˠaj/,null*/ʃpˈũɲə/,null*/ʃpˈũɲɟə/,null*/tˌuɾˈaːfʃ/,null*/tˈiːf/,null*/tˈɔ̃mɾ̩/,null*/tˈɔ̃mɾ̩/,null*/tətɾˈə̃ɲɟɾ̩/,null*/tˈũmbɾ̩/,null*/zˈɛpə/,null*/dˌuhˈɛc/,null*/dˈiːrac/,null*/dərhˈac/,null*/dɾˈapə̃ɾ/,null*/dɾˈɛ̃ː/,null*/dʎˈeᵝˠːʷ̃/,null*/dɾˈɔ̃?4ɛˠ/,null*/dɾˈivaʃt/,null*/sˌĩːməhˈua̯ɾ/,null*/shˈĩmə/,null*/hˌiːɟəlˠˈua̯/,null*/dəjˈĩmjɛɾ/,null*/θˈə̃m/,null*/ðˈiðə/,null*/ðˈijə/,null*/nəʃˈua̯/,null*/lˈakə̃ɾ/,null*/lˈaːɾk/,null*/lcˈɛ̃ɲ/,null*/hjəlˠˈĩːɲ/,null*/lˈỹmə/,null*/ɾˈaːs/,null*/ɾˈiː/,null*/ɾˈicɛ/,null*/həʎˈicɛ/,null*/ɾˈɔːz/,null*/ɾˈuːss/,null*/rˈap/,null*/rəɡˈuːʃ/,null*/pˈaːlə/,null*/pˌalˠˈə̃mə/,null*/pɾ̩cˈijə/,null*/pɾ̩təɟˈĩnə̃mə/,null*/pəɾˈaʊ̯/,null*/pjˈaːlˠaɡ/,null*/pjˈɛpə̃ɾə/,null*/pˌulːũnˈiː/,null*/plˈye̯ɾ/,null*/pˌaʎˈɔːʎ/,null*/pɾˈaːʃ/,null*/bɾˈɛtk/,null*/bɾˈaj/,null*/bɾˈukə/,null*/fˌacˈɛːlˠə/,null*/hˈɔːjɛ/,null*/hˈɔːɾɡ/,null*/vəlˈɛ̃t͡sə/,null*/vlˌũɲˈɔt/,null*/vlˈɔ̃ɾə/,null*/mˈaːɾarj/,null*/mˈaːs/,null*/mˌalˠˈaɡə/,null*/mˌaʃtˈikə̃ɾ/,null*/mˌə̃ɾˈiː/,null*/mˈaːɾatr̩/,null*/mˈə̃ŋɡə̃ɾ/,null*/mə̃ndˈɔhə/,null*/mˈit/,null*/mə̃ŋɡə̃ɾˈa/,null*/mˈua̯lˠ/
R376,,,,,,,,,,,,,,,,,,,,,,,,,,,,,,,,,,,,,,,,,,,,,,,,,,,,,,,,,,,,,,,,,,,,,,,,,,,,,,,,,,,,,,,,,,,,,,,,,,,,,,,,,,,,,,,,,,,,,,,,
R377,,*/hˈɛːʎmə/,,,,,,,,,,,,,,,,,,,,,,,,,,,,,,,,,,,,,,,,,,,,,,,,,,,,,,,,,,,,,,,,,,,,,,,,,,,,,,,,,,,,,,,,,,,,,,,,,,,,,,,,,,,,,,,,,,,,,,
R378,,,,,,,,,,,,,,,,,,,,,,,,,,,,,,,,,,,,,,,,,,,,,,,,,,,,,,,,,,,,,,,,,,,,,,,,,,,,,,,,,,,,,,,,,,,,,,,,,,,,,,,,,,,,,,,,,,,,,,,,
R379,,,,,,,,,,,,,,,,,,,,,,,,,,,,,,,,,,,,,,,,,,,,,,,,,,,,,,,,,,,,,,,,,,,,,,,,,,,,,,,,,,,,,,,,,,,,,,,,,,,,,,,,,,,,,,,,,,,,,,,,
R380,,,,,*/ˌaɾsˈɛɾik/,*/ˌarkʃˈɛn/,,*/hjˈiːsɛmaj/,,*/ʃˈəm/,,,,,,,*/kˈəndɾ̩/,,*/kˌuːkˈumb?6/,,,,,*/ɡɾˈəmə/,,*/hˌulˈɛɾə/,*/kˈənə/,,,*/ʃtˈɛːfəɾ/,,,,,,,,*/ʃkˈəm/,,*/ʃkˌəmbˈiː/,*/zɟˈɛm/,*/ʃcˈiː/,*/ʃtˈəm/,,,,,*/ʃpˈaːɾɡəɾ/,,,,*/ʃpˈuɲə/,*/ʃpˈuɲɟə/,,,*/tˈɔmɾ̩/,*/tˈɔmɾ̩/,*/tətɾˈəɲɟɾ̩/,*/tˈumbɾ̩/,,,,,*/dɾˈapəɾ/,*/dɾˈɛː/,*/dʎˈeᵝˠːʷ/,*/dɾˈɔ?4ɛˠ/,,*/sˌiːməhˈua̯ɾ/,*/shˈimə/,,*/dəjˈimjɛɾ/,*/θˈəm/,,,,*/lˈakəɾ/,,*/lcˈɛɲ/,*/hjəlˠˈiːɲ/,*/lˈymə/,,,,,,,,,,*/pˌalˠˈəmə/,,*/pɾ̩təɟˈinəmə/,,,*/pjˈɛpəɾə/,*/pˌulːunˈiː/,,,,,,,,,,*/vəlˈɛt͡sə/,*/vlˌuɲˈɔt/,*/vlˈɔɾə/,,,,*/mˌaʃtˈikəɾ/,*/mˌəɾˈiː/,,*/mˈəŋɡəɾ/,*/məndˈɔhə/,,*/məŋɡəɾˈa/,
R381,,,,,,,,,,,,,,,,,,,,,,,,,,,,,,,,,,,,,,,,,,,,,,,,,,,,,,,,,,,,,,,,,,,,,,,,,,,,,,,,,,,,,,,,,,,,,,,,,,,,,,,,,,,,,,,,,,,,,,,,
R382,,*/hˈɛːjmə/,,,,,,,,,,,,,,,,,,,,,,,,,,,,,,,,,,,,,,,,,,,,,,,,,,,,,,,,,,,,,,,,*/djˈeᵝˠːʷ/,,,,,,,,,,,,,,,,,,,*/həjˈicɛ/,,,,,,,,,,,,,,*/pˌajˈɔːj/,,,,,,,,,,,,,,,,,,,,,
R383,,,,,,,,,,,,,,,,,,,,,,,,,,,,,,,,,,,,,,,,,,,,,,,,,,,,,,,,,,,,,,,,,,,,,,,,,,,,,,,,,,,,,,,,,,,,,,,,,,,,,,,,,,,,,,,,,,,,,,,,
R384,,,,,,,,,,,,,,,,,,,,,,,,,,,,,,,,,,,,,,,,,,,,,,,,,,,,,,,,,,,,,,,,,,,,,,,,,,,,,,,,,,,,,,,,,,,,,,,,,,,,,,,,,,,,,,,,,,,,,,,,
R385,,,,,,,,,,,,,,,,,,,,,,,,,,,,,,,,,,,,,,,,,,,,,,,,,,,,,,,,,,,,,,,,,,,,,,,,,,,,,,,,,,,,,,,,,,,,,,,,,,,,,,,,,,,,,,,,,,,,,,,,
R386,,,,,,,,,,,,,,,,,,,,,,,,,,,,,,,,,,,,,,,,,,,,,,,,,,,,,,,,,,,,,,,,,,,,,,,,,,,,,,,,,,,,,,,,,,,,,,,,,,,,,,,,,,,,,,,,,,,,,,,,
R387,,,,,,,,,,,,,,,,,,,,,,,,,,,,,,,,,,,,,,,,,,,,,,,,,,,,,,,,,,,,,,,,,,,,,,,,,,,,,,,,,,,,,,,,,,,,,,,,,,,,,,,,,,,,,,,,,,,,,,,,
R388,,,,,,,,,,,,,,,,,,,,,,,,,,,,,,,,,,,,,,,,,,,,,,,,,,,,,,,,,,,,,,,,,,,,,,,,,,,,,,,,,,,,,,,,,,,,,,,,,,,,,,,,,,,,,,,,,,,,,,,,
R389,*/hˈafʃ/,*/hˈɛjmə/,,*/ɟˈeᵝˠʷʃɛˠ/,,,,*/hjˈisɛmaj/,,,,,,,*/kˈafk/,,,,*/kˌukˈumb?6/,*/ɡˌaʃˈɔf/,*/kˌuɾtˈɔʃ/,*/kˌuɾʃˈɛt/,*/ɡɾˌafˈi/,,,,,*/cˌiɾəʃˈi/,*/sˈɛɾmə/,*/ʃtˈɛfəɾ/,*/cˈɛf?6/,*/kəɾˈi/,*/ʃˈaɾkə/,*/ʃˌyɾˈizd/,*/ʃˈɛlp/,*/ʃkˈalmə/,*/zɟˈɛɾəf/,,,*/ʃkˌəmbˈi/,,*/ʃcˈi/,,*/ʃˈiɾəf/,*/hˈɛʃtəv/,*/ʃtˈylˠə/,*/ʃpˈaɾ/,*/ʃpˈaɾɡəɾ/,*/ʃpˈaɾtə/,*/ˌaʃpəlˈua̯/,*/ʃpˈɛlˠaj/,,,*/tˌuɾˈafʃ/,*/tˈif/,,,,,,,*/dˈirac/,,,*/dɾˈɛ/,*/djˈeᵝˠʷ/,,,*/sˌiməhˈua̯ɾ/,,*/hˌiɟəlˠˈua̯/,,,,,,,*/lˈaɾk/,,*/hjəlˠˈiɲ/,,*/ɾˈas/,*/ɾˈi/,,,*/ɾˈɔz/,*/ɾˈuss/,,*/rəɡˈuʃ/,*/pˈalə/,,,,,*/pjˈalˠaɡ/,,*/pˌulunˈi/,,*/pˌajˈɔj/,*/pɾˈaʃ/,,,,*/fˌacˈɛlˠə/,*/hˈɔjɛ/,*/hˈɔɾɡ/,,,,*/mˈaɾarj/,*/mˈas/,,,*/mˌəɾˈi/,*/mˈaɾatr̩/,,,,,
=Old North Tosk,null*/hˈafʃ/,null*/hˈɛjmə/,null*/ˈaɡɾ̩/,null*/ɟˈeᵝˠʷʃɛˠ/,null*/ˌaɾsˈɛɾik/,null*/ˌarkʃˈɛn/,null*/ˈaɡr̩/,null*/hjˈisɛmaj/,null*/jˈɛh/,null*/ʃˈəm/,null*/hˈɛkɾ̩/,null*/kətˈua̯/,null*/ɡəʃtˈua̯/,null*/cˌ?0ʷ?1ə?2t?5/,null*/kˈafk/,null*/kˌapnˈua̯/,null*/kˈəndɾ̩/,null*/kˌalˠˈuɟɾ̩/,null*/kˌukˈumb?6/,null*/ɡˌaʃˈɔf/,null*/kˌuɾtˈɔʃ/,null*/kˌuɾʃˈɛt/,null*/ɡɾˌafˈi/,null*/ɡɾˈəmə/,null*/ɡˌulˠˈua̯/,null*/hˌulˈɛɾə/,null*/kˈənə/,null*/cˌiɾəʃˈi/,null*/sˈɛɾmə/,null*/ʃtˈɛfəɾ/,null*/cˈɛf?6/,null*/kəɾˈi/,null*/ʃˈaɾkə/,null*/ʃˌyɾˈizd/,null*/ʃˈɛlp/,null*/ʃkˈalmə/,null*/zɟˈɛɾəf/,null*/ʃkˈəm/,null*/ʃkˈap/,null*/ʃkˌəmbˈi/,null*/zɟˈɛm/,null*/ʃcˈi/,null*/ʃtˈəm/,null*/ʃˈiɾəf/,null*/hˈɛʃtəv/,null*/ʃtˈylˠə/,null*/ʃpˈaɾ/,null*/ʃpˈaɾɡəɾ/,null*/ʃpˈaɾtə/,null*/ˌaʃpəlˈua̯/,null*/ʃpˈɛlˠaj/,null*/ʃpˈuɲə/,null*/ʃpˈuɲɟə/,null*/tˌuɾˈafʃ/,null*/tˈif/,null*/tˈɔmɾ̩/,null*/tˈɔmɾ̩/,null*/tətɾˈəɲɟɾ̩/,null*/tˈumbɾ̩/,null*/zˈɛpə/,null*/dˌuhˈɛc/,null*/dˈirac/,null*/dərhˈac/,null*/dɾˈapəɾ/,null*/dɾˈɛ/,null*/djˈeᵝˠʷ/,null*/dɾˈɔ?4ɛˠ/,null*/dɾˈivaʃt/,null*/sˌiməhˈua̯ɾ/,null*/shˈimə/,null*/hˌiɟəlˠˈua̯/,null*/dəjˈimjɛɾ/,null*/θˈəm/,null*/ðˈiðə/,null*/ðˈijə/,null*/nəʃˈua̯/,null*/lˈakəɾ/,null*/lˈaɾk/,null*/lcˈɛɲ/,null*/hjəlˠˈiɲ/,null*/lˈymə/,null*/ɾˈas/,null*/ɾˈi/,null*/ɾˈicɛ/,null*/həjˈicɛ/,null*/ɾˈɔz/,null*/ɾˈuss/,null*/rˈap/,null*/rəɡˈuʃ/,null*/pˈalə/,null*/pˌalˠˈəmə/,null*/pɾ̩cˈijə/,null*/pɾ̩təɟˈinəmə/,null*/pəɾˈaʊ̯/,null*/pjˈalˠaɡ/,null*/pjˈɛpəɾə/,null*/pˌulunˈi/,null*/plˈye̯ɾ/,null*/pˌajˈɔj/,null*/pɾˈaʃ/,null*/bɾˈɛtk/,null*/bɾˈaj/,null*/bɾˈukə/,null*/fˌacˈɛlˠə/,null*/hˈɔjɛ/,null*/hˈɔɾɡ/,null*/vəlˈɛt͡sə/,null*/vlˌuɲˈɔt/,null*/vlˈɔɾə/,null*/mˈaɾarj/,null*/mˈas/,null*/mˌalˠˈaɡə/,null*/mˌaʃtˈikəɾ/,null*/mˌəɾˈi/,null*/mˈaɾatr̩/,null*/mˈəŋɡəɾ/,null*/məndˈɔhə/,null*/mˈit/,null*/məŋɡəɾˈa/,null*/mˈua̯lˠ/
R390,,,,,,,,,,,,,,,,,,,,,,,,,,,,,,,,,,,,,,,,,,,,,,,,,,,,,,,,,,,,,,,,,,,,,,,,,,,,,,,,,,,,,,,,,,,,,,,,,,,,,,,,,,,,,,,,,,,,,,,,
R391,,,,,,,,,,,,,,,,,,,,,,,,,,,,,,,,,,,,,,,,,,,,,,,,,,,,,,,,,,,,,,,,,,,,,,,,,,,,,,,,,,,,,,,,,,,,,,,,,,,,,,,,,,,,,,,,,,,,,,,,
R392,,,*/ˈaɡəɾ/,,,,*/ˈaɡər/,,,,*/hˈɛkəɾ/,,,,,,*/kˈəndəɾ/,*/kˌalˠˈuɟəɾ/,*/kˌukˈumbəlˠ/,,,,,,,,,,,,*/cˈɛfəlˠ/,,,,,,,,,,,,,,,,,,,,,,,,,*/tˈɔməɾ/,*/tˈɔməɾ/,*/tətɾˈəɲɟəɾ/,*/tˈumbəɾ/,,,,,,,,,,,,,,,,,,,,,,,,,,,,,,,,,*/pəɾcˈijə/,*/pəɾtəɟˈinəmə/,,,,,,,,,,,,,,,,,,,,,,*/mˈaɾatər/,,,,,
R393,,,,,,,,,,,,,,,,,,,,,,,,,,,,,,,,,,,,,,,,,,,,,,,,,,,,,,,,,,,,,,,,,,,,,,,,,,,,,,,,,,,,,,,,,,,,,,,,,,,,,,,,,,,,,,,,,,,,,,,,
R394,,,,,,,,,,,,,,,,,,,,,,,,,,,,,,,,,,,,,,,,,,,,,,,,,,,,,,,,,,,,,,,,,,,,,,,,,,,,,,,,,,,,,,,,,,,,,,,,,,,,,,,,,,,,,,,,,,,,,,,,
R395,,,,,,,,,,,,,,,,,,,,,,,,,,,,,,,,,,,,,,,,,,,,,,,,,,,,,,,,,,,,,,,,,,,,,,,,,,,,,,,,,,,,,,,,,,,,,,,,,,,,,,,,,,,,,,,,,,,,,,,,
R396,,,,,,,,,,,,,,,,,,,,,,,,,,,,,,,,,,,,,,,,,,,,,,,,,,,,,,,,,,,,,,,,,,,,,,,,,,,,,,,,,,,,,,,,,,,,,,,,,,,,,,,,,,,,,,,,,,,,,,,,
R397,,,,,,,,,,,,,,,,,,,,,,,,,,,,,,,,,,,,,,,,,,,,,,,,,,,,,,,,,,,,,,,,,,,,,,,,,,,,,,,,,,,,,,,,,,,,,,,,,,,,,,,,,,,,,,,,,,,,,,,,
R398,,,,,,,,,,,,,,,,,,,,,,,,,,,,,,,,,,,,,,,,,,,,,,,,,,,,,,,,,,,,,,,,,,,,,,,,,,,,,,,*/lcˈɛj/,,,,,,,,,,,,,,,,,,,,,,,,,,,,,,,,,,,,,,,,,
R399,,,,,,,,,,,,,,,,,,,,,,,,,,,,,,,,,,,,,,,,,,,,,,,,,,,,,,,,,,,,,,,,,,,,,,,,,,,,,,,,*/hjəlˠˈij/,,,,,,,,,,,,,,,,,,,,,,,,,,,,,,,,,,,,,,,,
R400,,,,,*/aɾsˈɛɾik/,*/arkʃˈɛn/,,,,,,,,*/cyʷ?1ə?2t?5/,,*/kapnˈua̯/,,*/kalˠˈuɟəɾ/,*/kukˈumbəlˠ/,*/ɡaʃˈɔf/,*/kuɾtˈɔʃ/,*/kuɾʃˈɛt/,*/ɡɾafˈi/,,*/ɡulˠˈua̯/,*/hulˈɛɾə/,,*/ciɾəʃˈi/,,,,,,*/ʃyɾˈizd/,,,,,,*/ʃkəmbˈi/,,,,,,,,,,*/aʃpəlˈua̯/,,,,*/tuɾˈafʃ/,,,,,,,*/duhˈɛc/,,,,,,,,*/siməhˈua̯ɾ/,,*/hiɟəlˠˈua̯/,,,,,,,,,,,,,,,,,,,,*/palˠˈəmə/,,,,,,*/pulunˈi/,,*/pajˈɔj/,,,,,*/facˈɛlˠə/,,,,*/vluɲˈɔt/,,,,*/malˠˈaɡə/,*/maʃtˈikəɾ/,*/məɾˈi/,,,,,,
