INPUT,{ABSENT},{ABSENT},{ABSENT},{ABSENT},{ABSENT},{ABSENT},{ABSENT},{ABSENT},{ABSENT},{ABSENT},{ABSENT},{ABSENT},{ABSENT},{ABSENT},{ABSENT},{ABSENT},{ABSENT},{ABSENT},{ABSENT},{ABSENT},{ABSENT},{ABSENT},{ABSENT},{ABSENT},{ABSENT},{ABSENT},{ABSENT},{ABSENT},{ABSENT},{ABSENT},{ABSENT},{ABSENT},{ABSENT},{ABSENT},{ABSENT},{ABSENT},{ABSENT},{ABSENT},{ABSENT},{ABSENT},{ABSENT},{ABSENT},{ABSENT},{ABSENT},{ABSENT},{ABSENT},{ABSENT},{ABSENT},{ABSENT},{ABSENT},{ABSENT},{ABSENT},{ABSENT},{ABSENT},{ABSENT},{ABSENT},{ABSENT},{ABSENT},{ABSENT},{ABSENT},{ABSENT},{ABSENT},{ABSENT},{ABSENT},{ABSENT},{ABSENT},{ABSENT},{ABSENT},{ABSENT},{ABSENT},{ABSENT},{ABSENT},{ABSENT},{ABSENT},{ABSENT},{ABSENT},{ABSENT},{ABSENT},{ABSENT},{ABSENT},{ABSENT},{ABSENT},{ABSENT},{ABSENT},{ABSENT},{ABSENT},{ABSENT},{ABSENT},{ABSENT},{ABSENT},{ABSENT},{ABSENT},{ABSENT},{ABSENT},{ABSENT},{ABSENT},{ABSENT},{ABSENT},{ABSENT},{ABSENT},{ABSENT},{ABSENT},{ABSENT},{ABSENT},{ABSENT},{ABSENT},{ABSENT},{ABSENT},{ABSENT},{ABSENT},{ABSENT},{ABSENT},{ABSENT},{ABSENT},{ABSENT},{ABSENT},{ABSENT},{ABSENT},{ABSENT},{ABSENT},{ABSENT},{ABSENT},{ABSENT},{ABSENT},{ABSENT},{ABSENT},{ABSENT},{ABSENT}
R0,,,,,,,,,,,,,,,,,,,,,,,,,,,,,,,,,,,,,,,,,,,,,,,,,,,,,,,,,,,,,,,,,,,,,,,,,,,,,,,,,,,,,,,,,,,,,,,,,,,,,,,,,,,,,,,,,,,,,,,,,,,,,,,,
R1,,,,,,,,,,,,,,,,,,,,,,,,,,,,,,,,,,,,,,,,,,,,,,,,,,,,,,,,,,,,,,,,,,,,,,,,,,,,,,,,,,,,,,,,,,,,,,,,,,,,,,,,,,,,,,,,,,,,,,,,,,,,,,,,
R2,,,,,,,,,,,,,,,,,,,,,,,,,,,,,,,,,,,,,,,,,,,,,,,,,,,,,,,,,,,,,,,,,,,,,,,,,,,,,,,,,,,,,,,,,,,,,,,,,,,,,,,,,,,,,,,,,,,,,,,,,,,,,,,,
R3,,,,,,,,,,,,,,,,,,,,,,,,,,,,,,,,,,,,,,,,,,,,,,,,,,,,,,,,,,,,,,,,,,,,,,,,,,,,,,,,,,,,,,,,,,,,,,,,,,,,,,,,,,,,,,,,,,,,,,,,,,,,,,,,
R4,,,,,,,,,,,,,,,,,,,,,,,,,,,,,,,,,,,,,,,,,,,,,,,,,,,,,,,,,,,,,,,,,,,,,,,,,,,,,,,,,,,,,,,,,,,,,,,,,,,,,,,,,,,,,,,,,,,,,,,,,,,,,,,,
R5,,,,,,,,,,,,,,,,,,,,,,,,,,,,,,,,,,,,,,,,,,,,,,,,,,,,,,,,,,,,,,,,,,,,,,,,,,,,,,,,,,,,,,,,,,,,,,,,,,,,,,,,,,,,,,,,,,,,,,,,,,,,,,,,
R6,,,,,,,,,,,,,,,,,,,,,,,,,,,,,,,,,,,,,,,,,,,,,,,,,,,,,,,,,,,,,,,,,,,,,,,,,,,,,,,,,,,,,,,,,,,,,,,,,,,,,,,,,,,,,,,,,,,,,,,,,,,,,,,,
R7,,,,,,,,,,,,,,,,,,,,,,,,,,,,,,,,,,,,,,,,,,,,,,,,,,,,,,,,,,,,,,,,,,,,,,,,,,,,,,,,,,,,,,,,,,,,,,,,,,,,,,,,,,,,,,,,,,,,,,,,,,,,,,,,
=Proto-Balkan-Indo-European,null{ABSENT},null{ABSENT},null{ABSENT},null{ABSENT},null{ABSENT},null{ABSENT},null{ABSENT},null{ABSENT},null{ABSENT},null{ABSENT},null{ABSENT},null{ABSENT},null{ABSENT},null{ABSENT},null{ABSENT},null{ABSENT},null{ABSENT},null{ABSENT},null{ABSENT},null{ABSENT},null{ABSENT},null{ABSENT},null{ABSENT},null{ABSENT},null{ABSENT},null{ABSENT},null{ABSENT},null{ABSENT},null{ABSENT},null{ABSENT},null{ABSENT},null{ABSENT},null{ABSENT},null{ABSENT},null{ABSENT},null{ABSENT},null{ABSENT},null{ABSENT},null{ABSENT},null{ABSENT},null{ABSENT},null{ABSENT},null{ABSENT},null{ABSENT},null{ABSENT},null{ABSENT},null{ABSENT},null{ABSENT},null{ABSENT},null{ABSENT},null{ABSENT},null{ABSENT},null{ABSENT},null{ABSENT},null{ABSENT},null{ABSENT},null{ABSENT},null{ABSENT},null{ABSENT},null{ABSENT},null{ABSENT},null{ABSENT},null{ABSENT},null{ABSENT},null{ABSENT},null{ABSENT},null{ABSENT},null{ABSENT},null{ABSENT},null{ABSENT},null{ABSENT},null{ABSENT},null{ABSENT},null{ABSENT},null{ABSENT},null{ABSENT},null{ABSENT},null{ABSENT},null{ABSENT},null{ABSENT},null{ABSENT},null{ABSENT},null{ABSENT},null{ABSENT},null{ABSENT},null{ABSENT},null{ABSENT},null{ABSENT},null{ABSENT},null{ABSENT},null{ABSENT},null{ABSENT},null{ABSENT},null{ABSENT},null{ABSENT},null{ABSENT},null{ABSENT},null{ABSENT},null{ABSENT},null{ABSENT},null{ABSENT},null{ABSENT},null{ABSENT},null{ABSENT},null{ABSENT},null{ABSENT},null{ABSENT},null{ABSENT},null{ABSENT},null{ABSENT},null{ABSENT},null{ABSENT},null{ABSENT},null{ABSENT},null{ABSENT},null{ABSENT},null{ABSENT},null{ABSENT},null{ABSENT},null{ABSENT},null{ABSENT},null{ABSENT},null{ABSENT},null{ABSENT},null{ABSENT},null{ABSENT},null{ABSENT},null{ABSENT}
R8,,,,,,,,,,,,,,,,,,,,,,,,,,,,,,,,,,,,,,,,,,,,,,,,,,,,,,,,,,,,,,,,,,,,,,,,,,,,,,,,,,,,,,,,,,,,,,,,,,,,,,,,,,,,,,,,,,,,,,,,,,,,,,,,
R9,,,,,,,,,,,,,,,,,,,,,,,,,,,,,,,,,,,,,,,,,,,,,,,,,,,,,,,,,,,,,,,,,,,,,,,,,,,,,,,,,,,,,,,,,,,,,,,,,,,,,,,,,,,,,,,,,,,,,,,,,,,,,,,,
R10,,,,,,,,,,,,,,,,,,,,,,,,,,,,,,,,,,,,,,,,,,,,,,,,,,,,,,,,,,,,,,,,,,,,,,,,,,,,,,,,,,,,,,,,,,,,,,,,,,,,,,,,,,,,,,,,,,,,,,,,,,,,,,,,
R11,,,,,,,,,,,,,,,,,,,,,,,,,,,,,,,,,,,,,,,,,,,,,,,,,,,,,,,,,,,,,,,,,,,,,,,,,,,,,,,,,,,,,,,,,,,,,,,,,,,,,,,,,,,,,,,,,,,,,,,,,,,,,,,,
R12,,,,,,,,,,,,,,,,,,,,,,,,,,,,,,,,,,,,,,,,,,,,,,,,,,,,,,,,,,,,,,,,,,,,,,,,,,,,,,,,,,,,,,,,,,,,,,,,,,,,,,,,,,,,,,,,,,,,,,,,,,,,,,,,
R13,,,,,,,,,,,,,,,,,,,,,,,,,,,,,,,,,,,,,,,,,,,,,,,,,,,,,,,,,,,,,,,,,,,,,,,,,,,,,,,,,,,,,,,,,,,,,,,,,,,,,,,,,,,,,,,,,,,,,,,,,,,,,,,,
R14,,,,,,,,,,,,,,,,,,,,,,,,,,,,,,,,,,,,,,,,,,,,,,,,,,,,,,,,,,,,,,,,,,,,,,,,,,,,,,,,,,,,,,,,,,,,,,,,,,,,,,,,,,,,,,,,,,,,,,,,,,,,,,,,
R15,,,,,,,,,,,,,,,,,,,,,,,,,,,,,,,,,,,,,,,,,,,,,,,,,,,,,,,,,,,,,,,,,,,,,,,,,,,,,,,,,,,,,,,,,,,,,,,,,,,,,,,,,,,,,,,,,,,,,,,,,,,,,,,,
R16,,,,,,,,,,,,,,,,,,,,,,,,,,,,,,,,,,,,,,,,,,,,,,,,,,,,,,,,,,,,,,,,,,,,,,,,,,,,,,,,,,,,,,,,,,,,,,,,,,,,,,,,,,,,,,,,,,,,,,,,,,,,,,,,
R17,,,,,,,,,,,,,,,,,,,,,,,,,,,,,,,,,,,,,,,,,,,,,,,,,,,,,,,,,,,,,,,,,,,,,,,,,,,,,,,,,,,,,,,,,,,,,,,,,,,,,,,,,,,,,,,,,,,,,,,,,,,,,,,,
R18,,,,,,,,,,,,,,,,,,,,,,,,,,,,,,,,,,,,,,,,,,,,,,,,,,,,,,,,,,,,,,,,,,,,,,,,,,,,,,,,,,,,,,,,,,,,,,,,,,,,,,,,,,,,,,,,,,,,,,,,,,,,,,,,
R19,,,,,,,,,,,,,,,,,,,,,,,,,,,,,,,,,,,,,,,,,,,,,,,,,,,,,,,,,,,,,,,,,,,,,,,,,,,,,,,,,,,,,,,,,,,,,,,,,,,,,,,,,,,,,,,,,,,,,,,,,,,,,,,,
R20,,,,,,,,,,,,,,,,,,,,,,,,,,,,,,,,,,,,,,,,,,,,,,,,,,,,,,,,,,,,,,,,,,,,,,,,,,,,,,,,,,,,,,,,,,,,,,,,,,,,,,,,,,,,,,,,,,,,,,,,,,,,,,,,
R21,,,,,,,,,,,,,,,,,,,,,,,,,,,,,,,,,,,,,,,,,,,,,,,,,,,,,,,,,,,,,,,,,,,,,,,,,,,,,,,,,,,,,,,,,,,,,,,,,,,,,,,,,,,,,,,,,,,,,,,,,,,,,,,,
R22,,,,,,,,,,,,,,,,,,,,,,,,,,,,,,,,,,,,,,,,,,,,,,,,,,,,,,,,,,,,,,,,,,,,,,,,,,,,,,,,,,,,,,,,,,,,,,,,,,,,,,,,,,,,,,,,,,,,,,,,,,,,,,,,
R23,,,,,,,,,,,,,,,,,,,,,,,,,,,,,,,,,,,,,,,,,,,,,,,,,,,,,,,,,,,,,,,,,,,,,,,,,,,,,,,,,,,,,,,,,,,,,,,,,,,,,,,,,,,,,,,,,,,,,,,,,,,,,,,,
R24,,,,,,,,,,,,,,,,,,,,,,,,,,,,,,,,,,,,,,,,,,,,,,,,,,,,,,,,,,,,,,,,,,,,,,,,,,,,,,,,,,,,,,,,,,,,,,,,,,,,,,,,,,,,,,,,,,,,,,,,,,,,,,,,
R25,,,,,,,,,,,,,,,,,,,,,,,,,,,,,,,,,,,,,,,,,,,,,,,,,,,,,,,,,,,,,,,,,,,,,,,,,,,,,,,,,,,,,,,,,,,,,,,,,,,,,,,,,,,,,,,,,,,,,,,,,,,,,,,,
R26,,,,,,,,,,,,,,,,,,,,,,,,,,,,,,,,,,,,,,,,,,,,,,,,,,,,,,,,,,,,,,,,,,,,,,,,,,,,,,,,,,,,,,,,,,,,,,,,,,,,,,,,,,,,,,,,,,,,,,,,,,,,,,,,
R27,,,,,,,,,,,,,,,,,,,,,,,,,,,,,,,,,,,,,,,,,,,,,,,,,,,,,,,,,,,,,,,,,,,,,,,,,,,,,,,,,,,,,,,,,,,,,,,,,,,,,,,,,,,,,,,,,,,,,,,,,,,,,,,,
R28,,,,,,,,,,,,,,,,,,,,,,,,,,,,,,,,,,,,,,,,,,,,,,,,,,,,,,,,,,,,,,,,,,,,,,,,,,,,,,,,,,,,,,,,,,,,,,,,,,,,,,,,,,,,,,,,,,,,,,,,,,,,,,,,
R29,,,,,,,,,,,,,,,,,,,,,,,,,,,,,,,,,,,,,,,,,,,,,,,,,,,,,,,,,,,,,,,,,,,,,,,,,,,,,,,,,,,,,,,,,,,,,,,,,,,,,,,,,,,,,,,,,,,,,,,,,,,,,,,,
R30,,,,,,,,,,,,,,,,,,,,,,,,,,,,,,,,,,,,,,,,,,,,,,,,,,,,,,,,,,,,,,,,,,,,,,,,,,,,,,,,,,,,,,,,,,,,,,,,,,,,,,,,,,,,,,,,,,,,,,,,,,,,,,,,
R31,,,,,,,,,,,,,,,,,,,,,,,,,,,,,,,,,,,,,,,,,,,,,,,,,,,,,,,,,,,,,,,,,,,,,,,,,,,,,,,,,,,,,,,,,,,,,,,,,,,,,,,,,,,,,,,,,,,,,,,,,,,,,,,,
R32,,,,,,,,,,,,,,,,,,,,,,,,,,,,,,,,,,,,,,,,,,,,,,,,,,,,,,,,,,,,,,,,,,,,,,,,,,,,,,,,,,,,,,,,,,,,,,,,,,,,,,,,,,,,,,,,,,,,,,,,,,,,,,,,
R33,,,,,,,,,,,,,,,,,,,,,,,,,,,,,,,,,,,,,,,,,,,,,,,,,,,,,,,,,,,,,,,,,,,,,,,,,,,,,,,,,,,,,,,,,,,,,,,,,,,,,,,,,,,,,,,,,,,,,,,,,,,,,,,,
R34,,,,,,,,,,,,,,,,,,,,,,,,,,,,,,,,,,,,,,,,,,,,,,,,,,,,,,,,,,,,,,,,,,,,,,,,,,,,,,,,,,,,,,,,,,,,,,,,,,,,,,,,,,,,,,,,,,,,,,,,,,,,,,,,
R35,,,,,,,,,,,,,,,,,,,,,,,,,,,,,,,,,,,,,,,,,,,,,,,,,,,,,,,,,,,,,,,,,,,,,,,,,,,,,,,,,,,,,,,,,,,,,,,,,,,,,,,,,,,,,,,,,,,,,,,,,,,,,,,,
R36,,,,,,,,,,,,,,,,,,,,,,,,,,,,,,,,,,,,,,,,,,,,,,,,,,,,,,,,,,,,,,,,,,,,,,,,,,,,,,,,,,,,,,,,,,,,,,,,,,,,,,,,,,,,,,,,,,,,,,,,,,,,,,,,
R37,,,,,,,,,,,,,,,,,,,,,,,,,,,,,,,,,,,,,,,,,,,,,,,,,,,,,,,,,,,,,,,,,,,,,,,,,,,,,,,,,,,,,,,,,,,,,,,,,,,,,,,,,,,,,,,,,,,,,,,,,,,,,,,,
R38,,,,,,,,,,,,,,,,,,,,,,,,,,,,,,,,,,,,,,,,,,,,,,,,,,,,,,,,,,,,,,,,,,,,,,,,,,,,,,,,,,,,,,,,,,,,,,,,,,,,,,,,,,,,,,,,,,,,,,,,,,,,,,,,
R39,,,,,,,,,,,,,,,,,,,,,,,,,,,,,,,,,,,,,,,,,,,,,,,,,,,,,,,,,,,,,,,,,,,,,,,,,,,,,,,,,,,,,,,,,,,,,,,,,,,,,,,,,,,,,,,,,,,,,,,,,,,,,,,,
R40,,,,,,,,,,,,,,,,,,,,,,,,,,,,,,,,,,,,,,,,,,,,,,,,,,,,,,,,,,,,,,,,,,,,,,,,,,,,,,,,,,,,,,,,,,,,,,,,,,,,,,,,,,,,,,,,,,,,,,,,,,,,,,,,
R41,,,,,,,,,,,,,,,,,,,,,,,,,,,,,,,,,,,,,,,,,,,,,,,,,,,,,,,,,,,,,,,,,,,,,,,,,,,,,,,,,,,,,,,,,,,,,,,,,,,,,,,,,,,,,,,,,,,,,,,,,,,,,,,,
R42,,,,,,,,,,,,,,,,,,,,,,,,,,,,,,,,,,,,,,,,,,,,,,,,,,,,,,,,,,,,,,,,,,,,,,,,,,,,,,,,,,,,,,,,,,,,,,,,,,,,,,,,,,,,,,,,,,,,,,,,,,,,,,,,
R43,,,,,,,,,,,,,,,,,,,,,,,,,,,,,,,,,,,,,,,,,,,,,,,,,,,,,,,,,,,,,,,,,,,,,,,,,,,,,,,,,,,,,,,,,,,,,,,,,,,,,,,,,,,,,,,,,,,,,,,,,,,,,,,,
R44,,,,,,,,,,,,,,,,,,,,,,,,,,,,,,,,,,,,,,,,,,,,,,,,,,,,,,,,,,,,,,,,,,,,,,,,,,,,,,,,,,,,,,,,,,,,,,,,,,,,,,,,,,,,,,,,,,,,,,,,,,,,,,,,
R45,,,,,,,,,,,,,,,,,,,,,,,,,,,,,,,,,,,,,,,,,,,,,,,,,,,,,,,,,,,,,,,,,,,,,,,,,,,,,,,,,,,,,,,,,,,,,,,,,,,,,,,,,,,,,,,,,,,,,,,,,,,,,,,,
R46,,,,,,,,,,,,,,,,,,,,,,,,,,,,,,,,,,,,,,,,,,,,,,,,,,,,,,,,,,,,,,,,,,,,,,,,,,,,,,,,,,,,,,,,,,,,,,,,,,,,,,,,,,,,,,,,,,,,,,,,,,,,,,,,
R47,,,,,,,,,,,,,,,,,,,,,,,,,,,,,,,,,,,,,,,,,,,,,,,,,,,,,,,,,,,,,,,,,,,,,,,,,,,,,,,,,,,,,,,,,,,,,,,,,,,,,,,,,,,,,,,,,,,,,,,,,,,,,,,,
=Archaic Proto-Albanian,null{ABSENT},null{ABSENT},null{ABSENT},null{ABSENT},null{ABSENT},null{ABSENT},null{ABSENT},null{ABSENT},null{ABSENT},null{ABSENT},null{ABSENT},null{ABSENT},null{ABSENT},null{ABSENT},null{ABSENT},null{ABSENT},null{ABSENT},null{ABSENT},null{ABSENT},null{ABSENT},null{ABSENT},null{ABSENT},null{ABSENT},null{ABSENT},null{ABSENT},null{ABSENT},null{ABSENT},null{ABSENT},null{ABSENT},null{ABSENT},null{ABSENT},null{ABSENT},null{ABSENT},null{ABSENT},null{ABSENT},null{ABSENT},null{ABSENT},null{ABSENT},null{ABSENT},null{ABSENT},null{ABSENT},null{ABSENT},null{ABSENT},null{ABSENT},null{ABSENT},null{ABSENT},null{ABSENT},null{ABSENT},null{ABSENT},null{ABSENT},null{ABSENT},null{ABSENT},null{ABSENT},null{ABSENT},null{ABSENT},null{ABSENT},null{ABSENT},null{ABSENT},null{ABSENT},null{ABSENT},null{ABSENT},null{ABSENT},null{ABSENT},null{ABSENT},null{ABSENT},null{ABSENT},null{ABSENT},null{ABSENT},null{ABSENT},null{ABSENT},null{ABSENT},null{ABSENT},null{ABSENT},null{ABSENT},null{ABSENT},null{ABSENT},null{ABSENT},null{ABSENT},null{ABSENT},null{ABSENT},null{ABSENT},null{ABSENT},null{ABSENT},null{ABSENT},null{ABSENT},null{ABSENT},null{ABSENT},null{ABSENT},null{ABSENT},null{ABSENT},null{ABSENT},null{ABSENT},null{ABSENT},null{ABSENT},null{ABSENT},null{ABSENT},null{ABSENT},null{ABSENT},null{ABSENT},null{ABSENT},null{ABSENT},null{ABSENT},null{ABSENT},null{ABSENT},null{ABSENT},null{ABSENT},null{ABSENT},null{ABSENT},null{ABSENT},null{ABSENT},null{ABSENT},null{ABSENT},null{ABSENT},null{ABSENT},null{ABSENT},null{ABSENT},null{ABSENT},null{ABSENT},null{ABSENT},null{ABSENT},null{ABSENT},null{ABSENT},null{ABSENT},null{ABSENT},null{ABSENT},null{ABSENT},null{ABSENT},null{ABSENT}
R48,,,,,,,*/ɦˌɑːˈerɑ/,,,,,*/ɦˈejsɑmmon/,,,,*/kˌɑpnˈon/,,,,*/ɡˌɑwsˈɑːfon/,,,*/ɡrˈɑmmɑ/,,*/ɦˌɔːlˈenɑː/,*/kˌerɑsˈiːɑ/,,,,,,*/sˈɑrkon/,,*/sˈɑːsis/,*/skˈɑlmɑːn/,*/skˈɑripʰɑ/,,*/skˌɑmpˈiːnon/,*/skˈɑːpon/,,,*/stˈɑmnon/,*/stˈeripʰɑ/,,*/spˈɑron/,*/spˈɑrɡɑnon/,*/spˈɑrtɑ/,*/spˈɛːlɑiɑ/,*/ɦˌɑspellˈon/,*/spˈonɟɑ/,*/tʰˈipʰɑːn/,*/tˈomɑːron/,,,,*/tʰˈumbrɑː/,,*/dˌurrhˈɑcum/,*/drˈɑpɑnon/,*/drˈiwɑston/,,,,*/ɦˌɑjɟɑlˈon/,*/diˈɑːmeron/,,,,*/hˌɑjd͡zˈiːd͡zɑː/,,,,*/nɑiːssˈon/,,*/lˈɑkʰɑnon/,,,*/lˌekˈɑnɛːn/,,*/ɦelɑiwˈɑːnioː/,*/lˈuːmɑ/,,,*/ɦˌɑrˈenton/,,,,,,,*/pˈɑwlɑ/,,,,*/pˌerˈɑɔː/,,,*/pˈelɑɡon/,,,,,,*/prˈɑson/,*/brˈoːtɑkon/,*/brˈukɑː/,,,,,,,,,,,,*/mˈɑrɑdrion/,*/mˈɑtɛː/,*/mˌɑlˈɑɡɑː/,*/mˌɑstˈikʰinon/,*/mˌɑnˈiːɑ/,*/mˈɑrɑdriɑ/,*/mˈɑnɡɑnon/,,*/mˈitɑ/,*/mˌɑːkʰɑnˈɑː/,*/mˈɑːlɑ/
R49,,,,,,,*/ɦˌɑː̹ˈerɑ/,,,,,,,,,,,,,*/ɡˌɑwsˈɑː̹fon/,,,,,*/ɦˌɔːlˈenɑː̹/,,,,,,,,,*/sˈɑː̹sis/,*/skˈɑlmɑː̹n/,,,,*/skˈɑː̹pon/,,,,,,,,,,,,*/tʰˈipʰɑː̹n/,*/tˈomɑː̹ron/,,,,*/tʰˈumbrɑː̹/,,,,,,,,,*/diˈɑː̹meron/,,,,*/hˌɑjd͡zˈiːd͡zɑː̹/,,,,,,,,,,,*/ɦelɑiwˈɑː̹nioː/,,,,,,,,,,,,,,,,,,,,,,,,,,*/brˈukɑː̹/,,,,,,,,,,,,,,*/mˌɑlˈɑɡɑː̹/,,,,,,,*/mˌɑː̹kʰɑnˈɑː̹/,*/mˈɑː̹lɑ/
R50,,,,,,,,,,,,,,,,,,,,,,,,,,,,,,,,,,,,,,,,,,,,,,,,,,,,,,,,,,,,,,,,,,,,,,,,,,,,,,,,,,,,,,,,,,,,,,,,,,,,,,,,,,,,,,,,,,,,,,,,,,,,,,,,
R51,,,,,,,,,,,,,,,,,,,,,,,,,,,,,,,,,,,,,,,,,,,,,,,,,,,,,,,,,,,,,,,,,,,,,,,,,,,,,,,,,,,,,,,,,,,,,,,,,,,,,,,,,,,,,,,,,,,,,,,,,,,,,,,,
R52,,,,,,,,,,,,,,,,,,,,,,,,,,,,,,,,,,,,,,,,,,,,,,,,,,,,,,,,,,,,,,,,,,,,,,,,,,,,,,,,,,,,,,,,,,,,,,,,,,,,,,,,,,,,,,,,,,,,,,,,,,,,,,,,
R53,,,,,,,,,,,,,,,,,,,,,,,,,,,,,,,,,,,,,,,,,,,,,,,,,,,,,,,,,,,,,,,,,,,,,,,,,,,,,,,,,,,,*/ɦˌɑrˈennon/,,,,,,,,,,,,,,,,,,,,,,,,,,,,,,,,,,,,,,,,,,,,
R54,,,,,,,,,,,,,,,,,,,,,,,,,,,,,,,,,,,,,,,,,,,,,,,,,,,,,,,,,,,,,,,,,,,,,,,,,,,,,,,,,,,,,,,,,,,,,,,,,,,,,,,,,,,,,,,,,,,,,,,,,,,,,,,,
R55,,,,,,,,,,,,,,,,,,,,,,,,,,,,,,,,,,,,,,,,,,,,,,,,,,,,,,,,,,,,,,,,,,,,,,,,,,,,,,,,,,,,,,,,,,,,,,,,,,,,,,,,,,,,,,,,,,,,,,,,,,,,,,,,
R56,,,,,,,,,,,,,,,,,,,,,,,,,,,,,,,,,,,,,,,,,,,,,,,,,,,,,,,,,,,,,,,,,,,,,,,,,,,,,,,,,,,,,,,,,,,,,,,,,,,,,,,,,,,,,,,,,,,,,,,,,,,,,,,,
R57,,,,,,,,,,,,,,,,,,,,,,,,,,,,,,,,,*/sˌyːrˈiːttiːoː/,*/sˈɑː̹siːs/,,*/skˈɑriːpʰɑ/,,,,,,,*/stˈeriːpʰɑ/,,,,,*/spˈɛːlɑiːɑ/,,,*/tʰˈiːpʰɑː̹n/,,,,*/trˌɑntˈɑfyːllɔn/,,,,,*/drˈiːwɑston/,,,,,*/diːˈɑː̹meron/,,,,,,,,,,,,,,,*/ɦelɑiːwˈɑː̹niːoː/,,,,,,,,,,,,,,,,,,,,,,,,,,,,,,,,,,,,,,*/mˈɑrɑdriːon/,,,*/mˌɑstˈiːkʰiːnon/,,*/mˈɑrɑdriːɑ/,,,*/mˈiːtɑ/,,
R58,,,,,,,*/ˌɑː̹ˈerɑ/,,*/ˈɛːremon/,,,*/ˈejsɑmmon/,,,,,,,,,,,,,*/ˌɔːlˈenɑː̹/,,,,,,,,,,,,,,,,,,,,,,,,*/ˌɑspellˈon/,,,,,,,,,,,,,,,*/ˌɑjɟɑlˈon/,,,,,,,,,,,,,,,,*/elɑiːwˈɑː̹niːoː/,,,,*/ˌɑrˈennon/,,,,,,,,,,,,,,,,,,,,,,,,,,,*/ˈorɡon/,*/ˈorfɑnon/,,,,,,,,,,,,,,,,
=Classical Proto-Albanian,null{ABSENT},null{ABSENT},null{ABSENT},null{ABSENT},null{ABSENT},null{ABSENT},null*/ˌɑː̹ˈerɑ/,null{ABSENT},null*/ˈɛːremon/,null{ABSENT},null{ABSENT},null*/ˈejsɑmmon/,null{ABSENT},null{ABSENT},null{ABSENT},null*/kˌɑpnˈon/,null*/kˈɑntʰɑron/,null{ABSENT},null*/kˌokkˈumɛːlon/,null*/ɡˌɑwsˈɑː̹fon/,null*/kˌorsɔːtˈon/,null{ABSENT},null*/ɡrˈɑmmɑ/,null*/ɡˌɔːlˈoːn/,null*/ˌɔːlˈenɑː̹/,null*/kˌerɑsˈiːɑ/,null*/tˈermon/,null{ABSENT},null{ABSENT},null{ABSENT},null{ABSENT},null*/sˈɑrkon/,null*/sˌyːrˈiːttiːoː/,null*/sˈɑː̹siːs/,null*/skˈɑlmɑː̹n/,null*/skˈɑriːpʰɑ/,null{ABSENT},null*/skˌɑmpˈiːnon/,null*/skˈɑː̹pon/,null{ABSENT},null*/skʰˈiːnon/,null*/stˈɑmnon/,null*/stˈeriːpʰɑ/,null{ABSENT},null*/spˈɑron/,null*/spˈɑrɡɑnon/,null*/spˈɑrtɑ/,null*/spˈɛːlɑiːɑ/,null*/ˌɑspellˈon/,null*/spˈonɟɑ/,null*/tʰˈiːpʰɑː̹n/,null*/tˈomɑː̹ron/,null{ABSENT},null{ABSENT},null*/trˌɑntˈɑfyːllɔn/,null*/tʰˈumbrɑː̹/,null*/dˈepon/,null*/dˌurrhˈɑcum/,null*/drˈɑpɑnon/,null*/drˈiːwɑston/,null{ABSENT},null{ABSENT},null{ABSENT},null*/ˌɑjɟɑlˈon/,null*/diːˈɑː̹meron/,null{ABSENT},null{ABSENT},null{ABSENT},null*/hˌɑjd͡zˈiːd͡zɑː̹/,null{ABSENT},null{ABSENT},null{ABSENT},null*/nɑiːssˈon/,null{ABSENT},null*/lˈɑkʰɑnon/,null{ABSENT},null{ABSENT},null*/lˌekˈɑnɛːn/,null{ABSENT},null*/elɑiːwˈɑː̹niːoː/,null*/lˈuːmɑ/,null{ABSENT},null{ABSENT},null*/ˌɑrˈennon/,null{ABSENT},null{ABSENT},null{ABSENT},null{ABSENT},null{ABSENT},null{ABSENT},null*/pˈɑwlɑ/,null{ABSENT},null{ABSENT},null{ABSENT},null*/pˌerˈɑɔː/,null{ABSENT},null{ABSENT},null*/pˈelɑɡon/,null{ABSENT},null*/pʰˌɑlˈɑnɡon/,null*/pʰˌɑlˈɑnɡɑ/,null{ABSENT},null{ABSENT},null*/prˈɑson/,null*/brˈoːtɑkon/,null*/brˈukɑː̹/,null{ABSENT},null{ABSENT},null{ABSENT},null{ABSENT},null*/ˈorɡon/,null*/ˈorfɑnon/,null{ABSENT},null{ABSENT},null{ABSENT},null{ABSENT},null{ABSENT},null*/mˈɑrɑdriːon/,null*/mˈɑtɛː/,null*/mˌɑlˈɑɡɑː̹/,null*/mˌɑstˈiːkʰiːnon/,null*/mˌɑnˈiːɑ/,null*/mˈɑrɑdriːɑ/,null*/mˈɑnɡɑnon/,null{ABSENT},null*/mˈiːtɑ/,null*/mˌɑː̹kʰɑnˈɑː̹/,null*/mˈɑː̹lɑ/
R59,,,,,,,,,,,,,,,,,,,,,,,,,,,,,,,,,*/sˌiːrˈiːttiːoː/,,,,,,,,,,,,,,,,,,,,,,*/trˌɑntˈɑfiːllɔn/,,,,,,,,,,,,,,,,,,,,,,,,,,,,,,,,,,,,,,,,,,,,,,,,,,,,,,,,,,,,,,,,,,,,,,,,,
R60,,,,,,,,,,,,,,,,,,,,,,,,,,,,,,,,,,,,,,,,,,,,,,,,,,,,,,,,,,,,,,,,,,,,,,,,,,,,,,,,,,,,,,,,,,,,,,,,,,,,,,,,,,,,,,,,,,,,,,,,,,,,,,,,
R61,,,,,,,,,,,,,,,,,,,,,,,,,,,,,,,,,,,,,,,,,,,,,,,,,,,,,,,,,,,,,,,,,,,,,,,,,,,,,,,,,,,,,,,,,,,,,,,,,,,,,,,,,,,,,,,,,,,,,,,,,,,,,,,,
R62,,,,,,,,,,,,,,,,,,,,,,,,,,,,,,,,,,,,,,,,,,,,,,,,,,,,,,,,,,,,,,,,,,,,,,,,,,,,,,,,,,,,,,,,,,,,,,,,,,,,,,,,,,,,,,,,,,,,,,,,,,,,,,,,
R63,,,,,,,,,,,,,,,,,,,,,,,,,,,,,,,,,,*/sˈɑː̹siː/,,,,,,,,,,,,,,,,,,,,,,,,,,,,,,,,,,,,,,,,,,,,,,,,,,,,,,,,,,,,,,,,,,,,,,,,,,,,,,,,,,,,,,,,,,,,,,
R64,,,,,,,,,,,,,,,,,,,,,,,,,,,,,,,,,,,,,,,,,,,,,,,,,,,,,,,,,,,,,,,,,,,,,,,,,,,,,,,,,,,,,,,,,,,,,,,,,,,,,,,,,,,,,,,,,,,,,,,,,,,,,,,,
R65,,,,,,,,,,,,,,,,,,,,,,,,,,,,,,,,,,,,,,,,,,,,,,,,,,,,,,,,,,,,,,,,,,,,,,,,,,,,,,,,,,,,,,,,,,,,,,,,,,,,,,,,,,,,,,,,,,,,,,,,,,,,,,,,
R66,,,,,,,,,,,,,,,,,,,,,,,,,,,,,,,,,,,,,,,,,,,,,,,,,,,,,,,,,,*/dˌurːhˈɑcum/,,,,,,,,,,,,,,,,,,,,,,,,,,,,,,,,,,,,,,,,,,,,,,,,,,,,,,,,,,,,,,,,,,,,,,
R67,,,,,,,,,,,,,,,,,,,,,,,,,,,,,,,,,,,,,,,,,,,,,,,,,,,,,,,,,,,,,,,,,,,,,,,,,,,,,,,,,,,,,,,,,,,,,,,,,,,,,,,,,,,,,,,,,,,,,,,,,,,,,,,,
R68,,,,,,,,,,,,,,,,,,,,,,,,,,,,,,,,,*/sˌiːrˈiːttjoː/,,,,,,,,,,,,,,,*/spˈɛːlɑjɑ/,,,,,,,,,,,,,,,,,*/djˈɑː̹meron/,,,,,,,,,,,,,,,*/elɑiːwˈɑː̹njoː/,,,,,,,,,,,,,,,,,,,,,,,,,,,,,,,,,,,,,,*/mˈɑrɑdrjon/,,,,,*/mˈɑrɑdrjɑ/,,,,,
R69,,,,,,,,,,,,,,,,,,,,,,,,,*/ˌɔːʎˈenɑː̹/,,,,,,,,,,,,,,,,,,,,,,,,,,,,,,,,,,,,,,,,,,,,,,,,,,,,,,,,,,,,,,,,,,,,,,,,,,,,,,,,,,,,,,,,,,,,,,,,,,,,,,,
R70,,,,,,,,,,,,,,,,,,,,,,,,,,,,,,,,,,,,,,,,,,,,,,,,,,,,,,,,,,,,,,,,,,,,,,,,,,,,,,,,,,,,,,,,,,,,,,,,,,,,,,,,,,,,,,,,,,,,,,,,,,,,,,,,
R71,,,,,,,,,,,,,,,,,,,*/kˌokkˈumɛːlːon/,,,,,*/ɡˌɔːlːˈoːn/,,,,,,,,,,,,,,,,,,,,,,,,*/spˈɛːlːɑjɑ/,,,,,,,,,,,,,,,,*/ˌɑjɟɑlːˈon/,,,,,,,,,,,,,,,,*/elːɑiːwˈɑː̹njoː/,,,,,,,,,,,,,,,,,,*/pˈelːɑɡon/,,*/pʰˌɑlːˈɑnɡon/,*/pʰˌɑlːˈɑnɡɑ/,,,,,,,,,,,,,,,,,,,*/mˌɑlːˈɑɡɑː̹/,,,,,,,,*/mˈɑː̹lːɑ/
R72,,,,,,,,,,,,,,,,,,,,,,,,,,,,,,,,,,,,,,,,,,,,,,,,,*/ˌɑspelˈon/,,,,,,*/trˌɑntˈɑfiːlɔn/,,,,,,,,,,,,,,,,,,,,,,,,,,,,,,,,,,,,,,,,,,,,,,,,,,,,,,,,,,,,,,,,,,,,,,,,,
R73,,,,,,,,,,,,,,,,,,,,,,,,,,,,,,,,,,,,,,,,,,,,,,,,,,,,,,,,,,,,,,,,,,,,,,,,,,,,,,,,,,,,,,,,,,,,,,,,,,,,,,,,,,,,,,,,,,,,,,,,,,,,,,,,
R74,,,,,,,,,,,,,,,,,,,,,,,,,,,,,,,,,,,*/skˈɑlːɑː̹n/,,,,,,,,,,,,,,,,,,,,,,,,,,,,,,,,,,,,,,,,,,,,,,,,,,,,,,,,,,,,,,,,,,,,,,,,,,,,,,,,,,,,,,,,,,,,,
R75,,,,,,,,,,,,,,,,,,,,,,,,,,,,,,,,,,,,,,,,,,,,,,,,,,,,,,,,,,,,,,,,,,,,,,,,,,,,,,,,*/elːɑiːwˈɑː̹ɲoː/,,,,,,,,,,,,,,,,,,,,,,,,,,,,,,,,,,,,,,,,,,,,,,,,
R76,,,,,,,,,,,,,,,,,,,,,,,,,,,,,,,,,,,,,,,,,,,,,,,,,,,,,,,,,,,,,,,,,,,,,,,,,,,,,,,,,,,,,,,,,,,,,,,,,,,,,,,,,,,,,,,,,,,,,,,,,,,,,,,,
R77,,,,,,,,,,,,,,,,,,,,,,,,,,,,,,,,,,,,,,,,,,,,,,,,,,,,,,,,,,,,,,,,,,,,,,,,,,,,,,,,,,,,,,,,,,,,,,,,,,,,,,,,,,,,,,,,,,,,,,,,,,,,,,,,
R78,,,,,,,,,,,,,,,,,,,,,,,,,,,,,,,,,,,,,,,,,,,,,,,,,,,,,,,,,,,,,,,,,,,,,,,,,,,,,,,,,,,,,,,,,,,,,,,,,,,,,,,,,,,,,,,,,,,,,,,,,,,,,,,,
R79,,,,,,,,,,,,,,,,,,,,,,,,,,,,,,,,,,,,,,,,,,,,,,,,,,,,,,,,,,,,*/drˈiːɑston/,,,,,,,,,,,,,,,,,,,,*/elːɑiːˈɑː̹ɲoː/,,,,,,,,,,,,,,,,,,,,,,,,,,,,,,,,,,,,,,,,,,,,,,,,
R80,,,,,,,,,,,,,,,,,,,,,,,,,,,,,,,,,,,,,,,,,,,,,,,,,,,,,,,,,,,,,,,,,,,,,,,,,,,,,,,,,,,,,,,,,,,,,,,,,,,,,,,,,,,,,,,,,,,,,,,,,,,,,,,,
R81,,,,,,,*/wˌɑː̹ˈerɑ/,,,,,,,,,,,,,,,,,,*/wˌɔːʎˈenɑː̹/,,,,,,,,,,,,,,,,,,,,,,,,,,,,,,,,,,,,,,,,,,,,,,,,,,,,,,,,,,,,,,,,,,,,,,,,,,,,,,,,,,,,,,,,,,,,,,,,,,,,,,,
R82,,,,,,,*/βˌɑː̹ˈerɑ/,,,,,,,,,,,,,,,,,,*/βˌɔːʎˈenɑː̹/,,,,,,,,,,,,,,,,,,,,,,,,,,,,,,,,,,,,,,,,,,,,,,,,,,,,,,,,,,,,,,,,,,,,,,,,,,,,,,,,,,,,,,,,,,,,,,,,,,,,,,,
R83,,,,,,,,,,,,,,,,,,,,,,,,,,,,,,,,,,,,,,,,,,,,,,,,,,,,,,,,,,,,,,,,,,,,,,,,,,,,,,,,,,,,,,,,,,,,,,,,,,,,,,,,,,,,,,,,,,,,,,,,,,,,,,,,
R84,,,,,,,,,,,,,,,,,,,,,,,,,,,,,,,,,,,,,,,,,,,,,,,,,,,,,,,,,,,,,,,,,,,,,,,,,,,,,,,,,,,,,,,,,,,,,,,,,,,,,,,,,,,,,,,,,,,,,,,,,,,,,,,,
R85,,,,,,,,,,,,,,,,,,,,,,,,,,,,,,,,,,,,,,,,,,,,,,,,,,,,,,,,,,,,,,,,,,,,,,,,,,,,,,,,,,,,*/ˌɑrˈenːon/,,,,,,,,,,,,,,,,,,,,,,,,,,,,,,,,,,,,,,,,,,,,
R86,,,,,,,,,,,,,,,,,,,,,,,,,,,,,,,,,,,,,,,,,,,,,,,,,,,,,,,,,,,,,,,,,,,,,,,,,,,,,,,,,,,,,,,,,,,,,,,,,,,,,,,,,,,,,,,,,,,,,,,,,,,,,,,,
R87,,,,,,,,,*/ˈɛːremo/,,,*/ˈejsɑmmo/,,,,,*/kˈɑntʰɑro/,,*/kˌokkˈumɛːlːo/,*/ɡˌɑwsˈɑː̹fo/,,,,,,,*/tˈermo/,,,,,*/sˈɑrko/,,,*/skˈɑlːɑː̹/,,,*/skˌɑmpˈiːno/,*/skˈɑː̹po/,,*/skʰˈiːno/,*/stˈɑmno/,,,*/spˈɑro/,*/spˈɑrɡɑno/,,,,,*/tʰˈiːpʰɑː̹/,*/tˈomɑː̹ro/,,,*/trˌɑntˈɑfiːlɔ/,,*/dˈepo/,*/dˌurːhˈɑcu/,*/drˈɑpɑno/,*/drˈiːɑsto/,,,,,*/djˈɑː̹mero/,,,,,,,,,,*/lˈɑkʰɑno/,,,*/lˌekˈɑnɛː/,,,,,,*/ˌɑrˈenːo/,,,,,,,,,,,,,,*/pˈelːɑɡo/,,*/pʰˌɑlːˈɑnɡo/,,,,*/prˈɑso/,*/brˈoːtɑko/,,,,,,*/ˈorɡo/,*/ˈorfɑno/,,,,,,*/mˈɑrɑdrjo/,,,*/mˌɑstˈiːkʰiːno/,,,*/mˈɑnɡɑno/,,,,
R88,,,,,,,,,*/ˈɛːrəmo/,,,*/ˈejsəmmo/,,,,,*/kˈɑntʰəro/,,*/kˌokkˈuməlːo/,,,,,,,,,,,,,,,,,*/skˈɑrəpʰɑ/,,,,,,,*/stˈerəpʰɑ/,,,*/spˈɑrɡəno/,,*/spˈɛːlːəjɑ/,,,,*/tˈoməro/,,,*/trˌɑntˈɑfəlɔ/,,,,*/drˈɑpəno/,*/drˈiːəsto/,,,,,*/djˈɑː̹məro/,,,,,,,,,,*/lˈɑkʰəno/,,,,,,,,,,,,,,,,,,,,,,,*/pˈelːəɡo/,,,,,,,*/brˈoːtəko/,,,,,,,*/ˈorfəno/,,,,,,*/mˈɑrədrjo/,,,*/mˌɑstˈiːkʰəno/,,*/mˈɑrədrjɑ/,*/mˈɑnɡəno/,,,,
=Middle Proto-Albanian I,null{ABSENT},null{ABSENT},null{ABSENT},null{ABSENT},null{ABSENT},null{ABSENT},null*/βˌɑː̹ˈerɑ/,null{ABSENT},null*/ˈɛːrəmo/,null{ABSENT},null{ABSENT},null*/ˈejsəmmo/,null{ABSENT},null{ABSENT},null{ABSENT},null*/kˌɑpnˈon/,null*/kˈɑntʰəro/,null{ABSENT},null*/kˌokkˈuməlːo/,null*/ɡˌɑwsˈɑː̹fo/,null*/kˌorsɔːtˈon/,null{ABSENT},null*/ɡrˈɑmmɑ/,null*/ɡˌɔːlːˈoːn/,null*/βˌɔːʎˈenɑː̹/,null*/kˌerɑsˈiːɑ/,null*/tˈermo/,null{ABSENT},null{ABSENT},null{ABSENT},null{ABSENT},null*/sˈɑrko/,null*/sˌiːrˈiːttjoː/,null*/sˈɑː̹siː/,null*/skˈɑlːɑː̹/,null*/skˈɑrəpʰɑ/,null{ABSENT},null*/skˌɑmpˈiːno/,null*/skˈɑː̹po/,null{ABSENT},null*/skʰˈiːno/,null*/stˈɑmno/,null*/stˈerəpʰɑ/,null{ABSENT},null*/spˈɑro/,null*/spˈɑrɡəno/,null*/spˈɑrtɑ/,null*/spˈɛːlːəjɑ/,null*/ˌɑspelˈon/,null*/spˈonɟɑ/,null*/tʰˈiːpʰɑː̹/,null*/tˈoməro/,null{ABSENT},null{ABSENT},null*/trˌɑntˈɑfəlɔ/,null*/tʰˈumbrɑː̹/,null*/dˈepo/,null*/dˌurːhˈɑcu/,null*/drˈɑpəno/,null*/drˈiːəsto/,null{ABSENT},null{ABSENT},null{ABSENT},null*/ˌɑjɟɑlːˈon/,null*/djˈɑː̹məro/,null{ABSENT},null{ABSENT},null{ABSENT},null*/hˌɑjd͡zˈiːd͡zɑː̹/,null{ABSENT},null{ABSENT},null{ABSENT},null*/nɑiːssˈon/,null{ABSENT},null*/lˈɑkʰəno/,null{ABSENT},null{ABSENT},null*/lˌekˈɑnɛː/,null{ABSENT},null*/elːɑiːˈɑː̹ɲoː/,null*/lˈuːmɑ/,null{ABSENT},null{ABSENT},null*/ˌɑrˈenːo/,null{ABSENT},null{ABSENT},null{ABSENT},null{ABSENT},null{ABSENT},null{ABSENT},null*/pˈɑwlɑ/,null{ABSENT},null{ABSENT},null{ABSENT},null*/pˌerˈɑɔː/,null{ABSENT},null{ABSENT},null*/pˈelːəɡo/,null{ABSENT},null*/pʰˌɑlːˈɑnɡo/,null*/pʰˌɑlːˈɑnɡɑ/,null{ABSENT},null{ABSENT},null*/prˈɑso/,null*/brˈoːtəko/,null*/brˈukɑː̹/,null{ABSENT},null{ABSENT},null{ABSENT},null{ABSENT},null*/ˈorɡo/,null*/ˈorfəno/,null{ABSENT},null{ABSENT},null{ABSENT},null{ABSENT},null{ABSENT},null*/mˈɑrədrjo/,null*/mˈɑtɛː/,null*/mˌɑlːˈɑɡɑː̹/,null*/mˌɑstˈiːkʰəno/,null*/mˌɑnˈiːɑ/,null*/mˈɑrədrjɑ/,null*/mˈɑnɡəno/,null{ABSENT},null*/mˈiːtɑ/,null*/mˌɑː̹kʰɑnˈɑː̹/,null*/mˈɑː̹lːɑ/
R89,,,,,,,,,,,,,*/ˈɔkron/,,,,*/kˈɑntəro/,,,,,,,,,,,,,,*/kˈylɔn/,,,,,*/skˈɑrəpɑ/,,,,,*/skˈiːno/,,*/stˈerəpɑ/,,,,,,,,*/tˈiːpɑː̹/,,,,,*/tˈumbrɑː̹/,,,,,,,,,,,,,,,,,,,*/lˈɑkəno/,*/lˈabrikon/,,,,,,,,,,,,,,,,,,,,,,,,*/pˌɑlːˈɑnɡo/,*/pˌɑlːˈɑnɡɑ/,,,,,,,,,,,,,,,,,,,,*/mˌɑstˈiːkəno/,,,,,,*/mˌɑː̹kɑnˈɑː̹/,
R90,,,,,,,,,,*/jˌɔðˈɛfɔ/,*/jˌɔðˈifɔ/,,,,,,,,,,,,,,,,,,,,,,,,,,,,,,,,,,,,,,,,,,,,,,,,,,,,,,,*/jɔðˈɛfɔ/,,,*/hˌɑjðˈiːðɑː̹/,,,,,,,,,,,,,,,,,,,,,,,,,,,,,,,,,,,,,,,,,,,,,,,,,,,,,,,,,,,
R91,,,,,,,,,*/ˈɛːrmo/,,,*/ˈejsmmo/,,,,,*/kˈɑntro/,,*/kˌokkˈumlːo/,,,,,,,,,,,,,,,,,*/skˈɑrpɑ/,,,,,,,*/stˈerpɑ/,,,*/spˈɑrɡno/,,*/spˈɛːlːjɑ/,,,,*/tˈomro/,,,*/trˌɑntˈɑflɔ/,,,,*/drˈɑpno/,*/drˈiːsto/,,,,,*/djˈɑː̹mro/,,,,,,,,,,*/lˈɑkno/,,,,,,,,,,,,,,,,,,,,,,,*/pˈelːɡo/,,,,,,,*/brˈoːtko/,,,,,,,*/ˈorfno/,,,,,,*/mˈɑrdrjo/,,,*/mˌɑstˈiːkno/,,*/mˈɑrdrjɑ/,*/mˈɑnɡno/,,,,
R92,,,,,,,,,,,,,,,,,,,,,,,,,,,,,,,,,,,,,,,,,,,,,,,,,,,,,,,,,,,,,,,,,,,,,,,,,,,,,,,,,,,,,,,,,,,,,,,,*/pˌeˈɑːnɑ/,,,,,,,,,,,,,,,,,,,,,,,,,,,,,,,,
R93,,,,,,,,,,,,,,,,,,,,,,,,,,,,,,,,,,,,,,,,,,,,,,,,,,,,,,,,,,,,,,,,,,,,,,,,,,,,,,,,,,,,,,,,,,,,,,,,,,,,,,,,,,,,,,,,,,,,,,*/mˈɑrðrjo/,,,,,*/mˈɑrðrjɑ/,,,,,
R94,,,,,,,,,,,,,,,,,,,,,,,,,,,,,,,,,,,,,,,,,,,,,,,,,,,,,,,,,,,,,,,,,,,,,,,,,,,,,,,,,,,,,,,,,,,,,,,,,,,,,,,,,,,,,,,,,,,,,,,,,,,,,,,,
R95,,,,,,,,,,,,,,,,,,,,,,,,,,,,,,,,,,,,,,,,,,,,,,,,,,,,,,,,,,,,,,,,,,,,,,,,,,,,,,,,,,,,,,,,,,,,,,,,,,,,,,,,,,,,,,,,,,,,,,,,,,,,,,,,
R96,,,,,,,,,,,,,,,,,,,,,,,,,,,,,,,,,,,,,,,,,,,,,,,,,,,,,,,,,,,,,,,,,,,,,,,,,,,,,,,,,,,,,,,,,,,,,,,,,,,,,,,,,,,,,,,,,,,,,,,,,,,,,,,,
R97,,,,,,,,,,,,,,,,,,,,,,,,*/ɡˌɔːlːˈɒːn/,,,,,,,,,,,,,,,,,,,,,,,,,,,,,,,,,,,,,,,,,,,,,,,,,,,,,,,,,,,,,,,,,,,,,,,,,,,,,,,,,,,,,,,,,,,,,,,,,,,,,,,,
R98,,,,,,,,,,,,,,,,,,,,,,,,,,,,,,,,,,,,,,,,,,,,,,,,,,,,,,,,,,,,,,,,,,,,,,,,,,,,,,,,,,,,,,,,,,,,,,,,,,,,,,,,,,,,,,,,,,,,,,,,,,,,,,,,
R99,,,,,,,,,,,,,,,,,,,,,,,,,,,,,,,,,,,,,,,,,,,,,,,,,,,,,,,,,,,,,,,,,,,,,,,,,,,,,,,,,,,,,,,,,,,,,,,,,,,,,,,,,,,,,,,,,,,,,,,,,,,,,,,,
R100,,,,,,,,,,,,,,,,,,,,,*/kˌorsœːtˈon/,,,*/ɡˌœːlːˈɒːn/,*/βˌœːʎˈenɑː̹/,,,,,,,,*/sˌiːrˈiːttjøː/,,,,,,,,,,,,,,,,,,,,,,,,,,,,,,,,,,,,,,,,,,,,,,,*/elːɑiːˈɑː̹ɲøː/,*/lˈyːmɑ/,,,,,,,,,,,,*/prˌœːtɔɡˈɛnnɛːmɑ/,,*/pˌerˈɑœː/,,,,,,,,,,*/brˈøːtko/,,,,,,,,,,,,,,,,,,,,,,,
R101,,,,,,,,,,,,,,,,,,,,,,,,,,,,,,,,,,,,,,,,,,,,,,,,,,,,,,,,,,,,,,,,*/ˌeːɟɑlːˈon/,,,,,*/hˌeːðˈiːðɑː̹/,,,,,,,,,,,,,,,,,,,,,,,,,,,,,,,,,,,,,,,,,,,,,,,,,,,,,,,,,,,
R102,,,,,,,*/βˌʌː̹ˈerɑ/,,,,,,,,,,,,,*/ɡˌɑwsˈʌː̹fo/,,,,*/ɡˌœːlːˈɔːn/,*/βˌœːʎˈenʌː̹/,,,,,,,,,*/sˈʌː̹siː/,*/skˈɑlːʌː̹/,,,,*/skˈʌː̹po/,,,,,,,,,,,,*/tˈiːpʌː̹/,,,,,*/tˈumbrʌː̹/,,,,,,,,,*/djˈʌː̹mro/,,,,*/hˌeːðˈiːðʌː̹/,,,,,,,,,,,*/elːɑiːˈʌː̹ɲøː/,,,,,,,,,,,,,,,,,,,,,,,,,,*/brˈukʌː̹/,,,,,,,,,,,,,,*/mˌɑlːˈɑɡʌː̹/,,,,,,,*/mˌʌː̹kɑnˈʌː̹/,*/mˈʌː̹lːɑ/
R103,,,,,,*/ˈɑɡrɪɔn/,*/βˌʌː̹ˈɛrɑ/,,*/ˈɛːrmɔ/,,*/jˌɔðˈɪfɔ/,*/ˈɛjsmmɔ/,*/ˈɔkrɔn/,,,*/kˌɑpnˈɔn/,*/kˈɑntrɔ/,,*/kˌɔkkˈʊmlːɔ/,*/ɡˌɑwsˈʌː̹fɔ/,*/kˌɔrsœːtˈɔn/,,,,*/βˌœːʎˈɛnʌː̹/,*/kˌɛrɑsˈiːɑ/,*/tˈɛrmɔ/,,,,*/kˈʏlɔn/,*/sˈɑrkɔ/,,,,,,*/skˌɑmpˈiːnɔ/,*/skˈʌː̹pɔ/,*/skˈɑmnɪ/,*/skˈiːnɔ/,*/stˈɑmnɔ/,*/stˈɛrpɑ/,*/stˈʏlɑ/,*/spˈɑrɔ/,*/spˈɑrɡnɔ/,,,*/ˌɑspɛlˈɔn/,*/spˈɔnɟɑ/,,*/tˈɔmrɔ/,,*/tˌɛtrˈɑnɡʊrɔn/,,*/tˈʊmbrʌː̹/,*/dˈɛpɔ/,*/dˌʊrːhˈɑcʊ/,*/drˈɑpnɔ/,*/drˈiːstɔ/,,,,*/ˌeːɟɑlːˈɔn/,*/djˈʌː̹mrɔ/,,,,,,,,*/nɑiːssˈɔn/,,*/lˈɑknɔ/,*/lˈabrɪkɔn/,*/ˌɛlɛmˈɔsɪnɑ/,*/lˌɛkˈɑnɛː/,,*/ɛlːɑiːˈʌː̹ɲøː/,,*/lˌɪβˈɑðɪ/,,*/ˌɑrˈɛnːɔ/,,,,,*/rˈɑpɪn/,,,*/prˌʏkˈɪɑ/,,*/prˌɪnˈɑrɔ/,*/pˌɛrˈɑœː/,*/pˌɛˈɑːnɑ/,,*/pˈɛlːɡɔ/,,*/pˌɑlːˈɑnɡɔ/,,,*/pˌarˈɛːlɔn/,*/prˈɑsɔ/,*/brˈøːtkɔ/,*/brˈʊkʌː̹/,,*/fˌɑkɪˈɔlɑ/,,,*/ˈɔrɡɔ/,*/ˈɔrfnɔ/,,,,,*/ˌɑmˈɑːrɑkɪ/,*/mˈɑrðrjɔ/,,,*/mˌɑstˈiːknɔ/,,,*/mˈɑnɡnɔ/,*/mˌɛtˈɔxɪɔ/,,,
R104,,,,,,,*/βˌʌ̹ˈɛrɑ/,*/ˈɛxɔn/,*/ˈɛrmɔ/,,,,,,,,,,,*/ɡˌɑwsˈʌ̹fɔ/,*/kˌɔrsœtˈɔn/,,,*/ɡˌœlːˈɔn/,*/βˌœʎˈɛnʌ̹/,*/kˌɛrɑsˈiɑ/,,,,,,,*/sˌirˈittjø/,*/sˈʌ̹si/,*/skˈɑlːʌ̹/,,,*/skˌɑmpˈinɔ/,*/skˈʌ̹pɔ/,,*/skˈinɔ/,,,,,,,*/spˈɛlːjɑ/,,,*/tˈipʌ̹/,,,,,*/tˈʊmbrʌ̹/,,,,*/drˈistɔ/,,,,*/ˌeɟɑlːˈɔn/,*/djˈʌ̹mrɔ/,,,,*/hˌeðˈiðʌ̹/,,,,*/nɑissˈɔn/,,,,,*/lˌɛkˈɑnɛ/,,*/ɛlːɑiˈʌ̹ɲø/,*/lˈymɑ/,,,,,,,,,,,,*/prˌœtɔɡˈɛnnɛmɑ/,,*/pˌɛrˈɑœ/,*/pˌɛˈɑnɑ/,,,,,,,*/pˌarˈɛlɔn/,,*/brˈøtkɔ/,*/brˈʊkʌ̹/,,,,,,,,,,,*/ˌɑmˈɑrɑkɪ/,,*/mˈɑtɛ/,*/mˌɑlːˈɑɡʌ̹/,*/mˌɑstˈiknɔ/,*/mˌɑnˈiɑ/,,,,*/mˈitɑ/,*/mˌʌ̹kɑnˈʌ̹/,*/mˈʌ̹lːɑ/
R105,,,,,,,,,,,,,,,,,,,,,,,,,,,,,,,,,,,,,,,,,,,,,,,,,,,,,,,,,,,,,,,,,,,,,,,,,,,,,,,,,,,,,,,,,,,,,,,,,,,,,,,,,,,,,,,,,,,,,,,,,,,,,,,,
R106,,,,,,*/ˈɑɡrɪon/,*/βˌɤ̹ˈɛrɑ/,*/ˈɛxon/,*/ˈɛrmo/,*/jˌoðˈɛfo/,*/jˌoðˈɪfo/,*/ˈɛjsmmo/,*/ˈokron/,,,*/kˌɑpnˈon/,*/kˈɑntro/,*/kˌɑlˈoɡɛro/,*/kˌokkˈumlːo/,*/ɡˌɑwsˈɤ̹fo/,*/kˌorsœtˈon/,,,*/ɡˌœlːˈon/,*/βˌœʎˈɛnɤ̹/,,*/tˈɛrmo/,*/stˈɛfɑnon/,*/kˈɛfɑlon/,,*/kˈʏlon/,*/sˈɑrko/,,*/sˈɤ̹si/,*/skˈɑlːɤ̹/,,*/skˈɑmnon/,*/skˌɑmpˈino/,*/skˈɤ̹po/,,*/skˈino/,*/stˈɑmno/,,,*/spˈɑro/,*/spˈɑrɡno/,,,*/ˌɑspɛlˈon/,*/spˈonɟɑ/,*/tˈipɤ̹/,*/tˈomro/,,*/tˌɛtrˈɑnɡuron/,*/trˌɑntˈɑflo/,*/tˈumbrɤ̹/,*/dˈɛpo/,*/dˌurːhˈɑcu/,*/drˈɑpno/,*/drˈisto/,,,,*/ˌeɟɑlːˈon/,*/djˈɤ̹mro/,*/joðˈɛfo/,,,*/hˌeðˈiðɤ̹/,,,*/ˌɑnˌɑfˈorɑ/,*/nɑissˈon/,,*/lˈɑkno/,*/lˈabrɪkon/,*/ˌɛlɛmˈosɪnɑ/,,,*/ɛlːɑiˈɤ̹ɲø/,,,,*/ˌɑrˈɛnːo/,,,,,,*/rˈoɣɑ/,,,*/prˌœtoɡˈɛnnɛmɑ/,*/prˌɪnˈɑro/,,,,*/pˈɛlːɡo/,,*/pˌɑlːˈɑnɡo/,,,*/pˌarˈɛlon/,*/prˈɑso/,*/brˈøtko/,*/brˈukɤ̹/,,*/fˌɑkɪˈolɑ/,,,*/ˈorɡo/,*/ˈorfno/,,,,,,*/mˈɑrðrjo/,,*/mˌɑlːˈɑɡɤ̹/,*/mˌɑstˈikno/,,,*/mˈɑnɡno/,*/mˌɛtˈoxɪo/,,*/mˌɤ̹kɑnˈɤ̹/,*/mˈɤ̹lːɑ/
R107,,,,,,*/ˈɑɡreon/,,,,,*/jˌoðˈefo/,,,,,,,,,,,,,,,,,,,,*/kˈølon/,,,,,,,,,*/skˈɑmne/,,,,*/stˈølɑ/,,,,,,,,,,,,,,,,,,,,,,,,,,,,,,,,*/lˈabrekon/,*/ˌɛlɛmˈosenɑ/,,,,,*/lˌeβˈɑðe/,,,,,,,*/rˈɑpen/,,,*/prˌøkˈeɑ/,,*/prˌenˈɑro/,,,,,,,,,,,,,,*/fˌɑkeˈolɑ/,,,,,,,,,*/ˌɑmˈɑrɑke/,,,,,,,,*/mˌɛtˈoxeo/,,,
=Middle Proto-Albanian II,null{ABSENT},null{ABSENT},null{ABSENT},null{ABSENT},null{ABSENT},null*/ˈɑɡreon/,null*/βˌɤ̹ˈɛrɑ/,null*/ˈɛxon/,null*/ˈɛrmo/,null*/jˌoðˈɛfo/,null*/jˌoðˈefo/,null*/ˈɛjsmmo/,null*/ˈokron/,null{ABSENT},null{ABSENT},null*/kˌɑpnˈon/,null*/kˈɑntro/,null*/kˌɑlˈoɡɛro/,null*/kˌokkˈumlːo/,null*/ɡˌɑwsˈɤ̹fo/,null*/kˌorsœtˈon/,null{ABSENT},null*/ɡrˈɑmmɑ/,null*/ɡˌœlːˈon/,null*/βˌœʎˈɛnɤ̹/,null*/kˌɛrɑsˈiɑ/,null*/tˈɛrmo/,null*/stˈɛfɑnon/,null*/kˈɛfɑlon/,null{ABSENT},null*/kˈølon/,null*/sˈɑrko/,null*/sˌirˈittjø/,null*/sˈɤ̹si/,null*/skˈɑlːɤ̹/,null*/skˈɑrpɑ/,null*/skˈɑmnon/,null*/skˌɑmpˈino/,null*/skˈɤ̹po/,null*/skˈɑmne/,null*/skˈino/,null*/stˈɑmno/,null*/stˈɛrpɑ/,null*/stˈølɑ/,null*/spˈɑro/,null*/spˈɑrɡno/,null*/spˈɑrtɑ/,null*/spˈɛlːjɑ/,null*/ˌɑspɛlˈon/,null*/spˈonɟɑ/,null*/tˈipɤ̹/,null*/tˈomro/,null{ABSENT},null*/tˌɛtrˈɑnɡuron/,null*/trˌɑntˈɑflo/,null*/tˈumbrɤ̹/,null*/dˈɛpo/,null*/dˌurːhˈɑcu/,null*/drˈɑpno/,null*/drˈisto/,null{ABSENT},null{ABSENT},null{ABSENT},null*/ˌeɟɑlːˈon/,null*/djˈɤ̹mro/,null*/joðˈɛfo/,null{ABSENT},null{ABSENT},null*/hˌeðˈiðɤ̹/,null{ABSENT},null{ABSENT},null*/ˌɑnˌɑfˈorɑ/,null*/nɑissˈon/,null{ABSENT},null*/lˈɑkno/,null*/lˈabrekon/,null*/ˌɛlɛmˈosenɑ/,null*/lˌɛkˈɑnɛ/,null{ABSENT},null*/ɛlːɑiˈɤ̹ɲø/,null*/lˈymɑ/,null*/lˌeβˈɑðe/,null{ABSENT},null*/ˌɑrˈɛnːo/,null{ABSENT},null{ABSENT},null{ABSENT},null{ABSENT},null*/rˈɑpen/,null*/rˈoɣɑ/,null*/pˈɑwlɑ/,null*/prˌøkˈeɑ/,null*/prˌœtoɡˈɛnnɛmɑ/,null*/prˌenˈɑro/,null*/pˌɛrˈɑœ/,null*/pˌɛˈɑnɑ/,null{ABSENT},null*/pˈɛlːɡo/,null*/plˈɑɣjɑ/,null*/pˌɑlːˈɑnɡo/,null*/pˌɑlːˈɑnɡɑ/,null{ABSENT},null*/pˌarˈɛlon/,null*/prˈɑso/,null*/brˈøtko/,null*/brˈukɤ̹/,null{ABSENT},null*/fˌɑkeˈolɑ/,null{ABSENT},null{ABSENT},null*/ˈorɡo/,null*/ˈorfno/,null{ABSENT},null{ABSENT},null{ABSENT},null{ABSENT},null*/ˌɑmˈɑrɑke/,null*/mˈɑrðrjo/,null*/mˈɑtɛ/,null*/mˌɑlːˈɑɡɤ̹/,null*/mˌɑstˈikno/,null*/mˌɑnˈiɑ/,null*/mˈɑrðrjɑ/,null*/mˈɑnɡno/,null*/mˌɛtˈoxeo/,null*/mˈitɑ/,null*/mˌɤ̹kɑnˈɤ̹/,null*/mˈɤ̹lːɑ/
R108,,,,,,*/ˈeɡreon/,,,,,,*/ˈijsmmo/,,,,,,*/kˌɑlˈøɡɛro/,,,,,,,,,,,,,,,,,,,,,,*/skˈemne/,,,,,,,,*/spˈilːjɑ/,,,,,,,,,,,,,,,,,,,,,,,,,,,,,*/ˌɛlɛmˈøsenɑ/,*/lˌɛkˈenɛ/,,,,*/lˌeβˈeðe/,,,,,,,*/rˈepen/,,,,*/prˌœtoɡˈinnɛmɑ/,,,,,,*/plˈeɣjɑ/,,,,,,,,,,,,,,,,,,,*/mˈerðrjo/,*/mˈetɛ/,,,,*/mˈerðrjɑ/,,*/mˌɛtˈøxeo/,,,
R109,,,,,,,,,,,,,,,,,,,,,,,,,,,,,,,,,,,,,,,,,,,,,,,,,,,,,,,,,,,,,,,,,,,,,,,,,,,,,,,,,,,,,,,,,,,,,,,,,,,,,,,,,,,,,,,,,,,,,,,,,,,,,,,,
R110,,,,,,,,,,,,,,,,,,,,,,,,,,,,,,,,,,,,,,,,,,,,,,,,,,,,,,,,,,,,,,,,,,,,,,,,,,,,,,,,,,,,,,,,,,,,,,,,,,,,,,,,,,,,,,,,,,,,,,,,,,,,,,,,
R111,,,,,,,,,,,,,,,,,,,,,,,,,,,,,,,,,,,,,,,,,,,,,,,,,,,,,,,,,,,,,,,,,,,,,,,,,,,,,,,,,,,,,,,,,,,,,,,,,,,,,,,,,,,,,,,,,,,,,,,,,,,,,,,,
R112,,,,,,,,,,,,,,,,,,,,,,,,,,,,,,,,,,,,,,,,,,,,,,,,,,,,,,,,,,,,,,,,,,,,,,,,,,,,,,,,,,,,,,,,,,,,,,,,,,,,,,,,,,,,,,,,,,,,,,,,,,,,,,,,
R113,,,,,,,,,,,,,,,,,,,,,,,,,,,,,,,,,,,,,,,,,,,,,,,,,,,,,,,,,,,,,,,,,,,,,,,,,,,,,,,,,,,,,,,,,,,,,,,,,,,,,,,,,,,,,,,,,,,,,,,,,,,,,,,,
R114,,,,,,,,,,,,,,,,*/kˌɑpnˈuo̯n/,,,,,*/kˌorsœtˈuo̯n/,,,*/ɡˌœlːˈuo̯n/,,,,,,,,,,,,,,,,,,,,,,,,,*/ˌɑspɛlˈuo̯n/,,,,,,,,,,,,,,,*/ˌeɟɑlːˈuo̯n/,,,,,,,,,*/nɑissˈuo̯n/,,,,,,,,,,,,,,,,,,,,,,,,,,,,,,,,,,,,,,,,,,,,,,,,,,,,,,,
R115,,,,,,,,,,,,,,,,,,,,,,,,,,,,,,,,,,,,,,,,,,,,,,,,,,,,,,,,,,,,,,,,,,,,,,,,,,,,,,,,,,,,,,,,,,,,,,,,,,,,,,,,,,,,,,,,,,,,,,,,,,,,,,,,
R116,,,,,,,*/βˌɤ̹jˈɛrɑ/,*/jˈɛxon/,*/jˈɛrmo/,*/jˌoðjˈɛfo/,,,,,,,,,,,,,,,*/βˌœʎjˈɛnɤ̹/,,*/tjˈɛrmo/,*/stjˈɛfɑnon/,*/kjˈɛfɑlon/,,,,,,,,,,,,,,*/stjˈɛrpɑ/,,,,,,,,,,,,,,*/djˈɛpo/,,,,,,,,,*/joðjˈɛfo/,,,,,,,,,,,,,,,,,,*/ˌɑrjˈɛnːo/,,,,,,,,,,,,,,*/pjˈɛlːɡo/,,,,,*/pˌarjˈɛlon/,,,,,,,,,,,,,,,,,,,,,,,,,
R117,,,,,,,,,,,,,,,,,,,,,,,,,,,,,,,,,,,,,,,,,,,,,,,,,,,,,,,,,,,,,,,,,,,,,,,,,,,,,,,,,,,,,,,,,,,,,,,,,,,,,,,,,,,,,,,,,,,,,,,,,,,,,,,,
R118,,,,,,,,,,,,,,,,,,,,,,,,,,,,,,,,,,,,,,,,,,,,,,,,,,,,,,,,,,,,,,,,,,,,,,,,,,,,,,,,,,,,,,,,,,,,,,,,,,,,,,,,,,,,,,,*/ˈuo̯rɡo/,*/ˈuo̯rfno/,,,,,,,,,,,,,,,,
R119,,,,,,,,,,,,,,,,,,,,,,,,,,,,,,,,,,,,,,,,,,,,,,,,,,,,,,,,,,,,,,,,,,,,,,,,,,,,,,,,,,,,,,,,,,,,,,,,,,,,,,,,,,,,,,,,,,,,,,,,,,,,,,,,
R120,,,,,,,,,,,,,,,,,,,,,,,,,,,,,,,,,,,,,,,,,,,,,,,,,,,,,,,,,,,,,,,,,,,,,,,,,,,,,,,,,,,,,,,,,,,,,,,,,,,,,,,,,,,,,,,,,,,,,,,,,,,,,,,,
R121,,,,,,,,,,,,,,,,,,,,,,,,,,,,,,,,,,,,,,,,,,,,,,,,,,,,,,,,,,,,,,,,,,,,,,,,,,,,,,,,,,,,,,,,,,,,,,,,,,,,,,,,,,,,,,,,,,,,,,,,,,,,,,,,
R122,,,,,,,,,,,,,,,,,,,,*/ɡˌɑsˈɤ̹fo/,,,,,,,,,,,,,,,,,,,,,,,,,,,,,,,,,,,,,,,,,,,,,,,,,,,,,,,,,,,,,,,,,,,,,,,*/pˈɑlɑ/,,,,,,,,,,,,,,,,,,,,,,,,,,,,,,,,,,,,,
R123,,,,,,,,,,,,,,,,,,*/kˌɑlˈeɡɛro/,,,*/kˌorsɛtˈuo̯n/,,,*/ɡˌɛlːˈuo̯n/,*/βˌɛʎjˈɛnɤ̹/,,,,,,*/kˈelon/,,*/sˌirˈittje/,,,,,,,,,,,*/stˈelɑ/,,,,,,,,,,,,,,,,,,,,,,,,,,,,,,,,,*/ˌɛlɛmˈesenɑ/,,,*/ɛlːɑiˈɤ̹ɲe/,,,,,,,,,,,,*/prˌekˈeɑ/,*/prˌɛtoɡˈinnɛmɑ/,,*/pˌɛrˈɑɛ/,,,,,,,,,,*/brˈetko/,,,,,,,,,,,,,,,,,,,,*/mˌɛtˈexeo/,,,
R124,,,,,,*/ˈɛɡrɛɔn/,*/βˌʌ̹jˈɛrɑ/,*/jˈɛxɔn/,*/jˈɛrmɔ/,*/jˌɔðjˈɛfɔ/,*/jˌɔðˈɛfɔ/,*/ˈijsmmɔ/,*/ˈɔkrɔn/,,,,*/kˈɑntrɔ/,*/kˌɑlˈɛɡɛrɔ/,*/kˌɔkkˈumlːɔ/,*/ɡˌɑsˈʌ̹fɔ/,*/kˌɔrsɛtˈuo̯n/,,,,*/βˌɛʎjˈɛnʌ̹/,,*/tjˈɛrmɔ/,*/stjˈɛfɑnɔn/,*/kjˈɛfɑlɔn/,,*/kˈɛlɔn/,*/sˈɑrkɔ/,*/sˌirˈittjɛ/,*/sˈʌ̹si/,*/skˈɑlːʌ̹/,,*/skˈɑmnɔn/,*/skˌɑmpˈinɔ/,*/skˈʌ̹pɔ/,*/skˈɛmnɛ/,*/skˈinɔ/,*/stˈɑmnɔ/,,*/stˈɛlɑ/,*/spˈɑrɔ/,*/spˈɑrɡnɔ/,,,,*/spˈɔnɟɑ/,*/tˈipʌ̹/,*/tˈɔmrɔ/,,*/tˌɛtrˈɑnɡurɔn/,*/trˌɑntˈɑflɔ/,*/tˈumbrʌ̹/,*/djˈɛpɔ/,,*/drˈɑpnɔ/,*/drˈistɔ/,,,,*/ˌɛɟɑlːˈuo̯n/,*/djˈʌ̹mrɔ/,*/jɔðjˈɛfɔ/,,,*/hˌɛðˈiðʌ̹/,,,*/ˌɑnˌɑfˈɔrɑ/,,,*/lˈɑknɔ/,*/lˈabrɛkɔn/,*/ˌɛlɛmˈɛsɛnɑ/,*/lˌɛkˈɛnɛ/,,*/ɛlːɑiˈʌ̹ɲɛ/,,*/lˌɛβˈɛðɛ/,,*/ˌɑrjˈɛnːɔ/,,,,,*/rˈɛpɛn/,*/rˈɔɣɑ/,,*/prˌɛkˈɛɑ/,*/prˌɛtɔɡˈinnɛmɑ/,*/prˌɛnˈɑrɔ/,,,,*/pjˈɛlːɡɔ/,*/plˈɛɣjɑ/,*/pˌɑlːˈɑnɡɔ/,,,*/pˌarjˈɛlɔn/,*/prˈɑsɔ/,*/brˈɛtkɔ/,*/brˈukʌ̹/,,*/fˌɑkɛˈɔlɑ/,,,*/ˈuo̯rɡɔ/,*/ˈuo̯rfnɔ/,,,,,*/ˌɑmˈɑrɑkɛ/,*/mˈɛrðrjɔ/,*/mˈɛtɛ/,*/mˌɑlːˈɑɡʌ̹/,*/mˌɑstˈiknɔ/,,*/mˈɛrðrjɑ/,*/mˈɑnɡnɔ/,*/mˌɛtˈɛxɛɔ/,,*/mˌʌ̹kɑnˈʌ̹/,*/mˈʌ̹lːɑ/
R125,,,,,,,,,,,,,,,,,,,,,,,,,,,,,,,,,,,,,,,,,,,,,,,,,*/spɛlˈuo̯n/,,,,,,,,,,,,,,,*/ɟɑlːˈuo̯n/,,,,,,,,*/nˌɑfˈɔrɑ/,,,,,*/lɛmˈɛsɛnɑ/,,,*/lːɑiˈʌ̹ɲɛ/,,,,*/rjˈɛnːɔ/,,,,,,,,,,,,,,,,,,,,,,,,,,,,,,,,,*/mˈɑrɑkɛ/,,,,,,,,,,,
R126,,,,,,,,,,,,,,,,,,,,,,,,,,,,,,,,,,,,,,,,,,,,,,,,,,,,,,,,,,,,,,,,,,,,,,,,,,,,,,,,,,,,,,,,,,,,,,,,,,,,,,,,,,,,,,,,,,,,,,,,,,,,,,,,
R127,,,,,,,*/βəjˈɛrɑ/,,,*/jəðjˈɛfɔ/,*/jəðˈɛfɔ/,,,,,*/kəpnˈuo̯n/,,*/kəlˈɛɡɛrɔ/,*/kəkkˈumlːɔ/,*/ɡəsˈʌ̹fɔ/,*/kərsətˈuo̯n/,,,*/ɡəlːˈuo̯n/,*/βəʎjˈɛnʌ̹/,*/kərəsˈiɑ/,,,,,,,*/sərˈittjɛ/,,,,,*/skəmpˈinɔ/,,,,,,,,,,,*/spəlˈuo̯n/,,,,,*/tətrˈɑnɡurɔn/,*/trəntˈɑflɔ/,,,*/dərːhˈɑcu/,,,,,,*/ɟəlːˈuo̯n/,,*/jəðjˈɛfɔ/,,,*/həðˈiðʌ̹/,,,*/nəfˈɔrɑ/,*/nəəssˈuo̯n/,,,,*/ləmˈɛsɛnɑ/,*/ləkˈɛnɛ/,,*/lːəəˈʌ̹ɲɛ/,,*/ləβˈɛðɛ/,,,,,,,,,,*/prəkˈɛɑ/,*/prətəɡˈinnɛmɑ/,*/prənˈɑrɔ/,*/pərˈɑɛ/,*/pəˈɑnɑ/,,,,*/pəlːˈɑnɡɔ/,*/pəlːˈɑnɡɑ/,,*/pərjˈɛlɔn/,,,,,*/fəkəˈɔlɑ/,,,,,,,,,,,,*/məlːˈɑɡʌ̹/,*/məstˈiknɔ/,*/mənˈiɑ/,,,*/mətˈɛxɛɔ/,,*/məkənˈʌ̹/,
R128,,,,,,,,,,,,,,,,,,,,,,,,,,,,,,,,,,,,,,,,,,,,,,,,,,,,,,,,,,,,,,,,,,,,,,,,,,,,,,,,,,,,,,,,,,,,,,,,,,,,,,,,,,,,,,,,,,,,,,,,,,,,,,,,
R129,,,,,,,,,,,,,,,,,,,,,,,,,,,,,,,,,,,,,,,,,,,,,,,,,,,,,,,,,,,,,,,,,,,,,,,,,,,,,,,,,,,,,,,,,,,,,,,,,,,,,,,,,,,,,,,,,,,,,,,,,,,,,,,,
=Late Proto-Albanian I,null{ABSENT},null{ABSENT},null{ABSENT},null{ABSENT},null{ABSENT},null*/ˈɛɡrɛɔn/,null*/βəjˈɛrɑ/,null*/jˈɛxɔn/,null*/jˈɛrmɔ/,null*/jəðjˈɛfɔ/,null*/jəðˈɛfɔ/,null*/ˈijsmmɔ/,null*/ˈɔkrɔn/,null{ABSENT},null{ABSENT},null*/kəpnˈuo̯n/,null*/kˈɑntrɔ/,null*/kəlˈɛɡɛrɔ/,null*/kəkkˈumlːɔ/,null*/ɡəsˈʌ̹fɔ/,null*/kərsətˈuo̯n/,null{ABSENT},null*/ɡrˈɑmmɑ/,null*/ɡəlːˈuo̯n/,null*/βəʎjˈɛnʌ̹/,null*/kərəsˈiɑ/,null*/tjˈɛrmɔ/,null*/stjˈɛfɑnɔn/,null*/kjˈɛfɑlɔn/,null{ABSENT},null*/kˈɛlɔn/,null*/sˈɑrkɔ/,null*/sərˈittjɛ/,null*/sˈʌ̹si/,null*/skˈɑlːʌ̹/,null*/skˈɑrpɑ/,null*/skˈɑmnɔn/,null*/skəmpˈinɔ/,null*/skˈʌ̹pɔ/,null*/skˈɛmnɛ/,null*/skˈinɔ/,null*/stˈɑmnɔ/,null*/stjˈɛrpɑ/,null*/stˈɛlɑ/,null*/spˈɑrɔ/,null*/spˈɑrɡnɔ/,null*/spˈɑrtɑ/,null*/spˈilːjɑ/,null*/spəlˈuo̯n/,null*/spˈɔnɟɑ/,null*/tˈipʌ̹/,null*/tˈɔmrɔ/,null{ABSENT},null*/tətrˈɑnɡurɔn/,null*/trəntˈɑflɔ/,null*/tˈumbrʌ̹/,null*/djˈɛpɔ/,null*/dərːhˈɑcu/,null*/drˈɑpnɔ/,null*/drˈistɔ/,null{ABSENT},null{ABSENT},null{ABSENT},null*/ɟəlːˈuo̯n/,null*/djˈʌ̹mrɔ/,null*/jəðjˈɛfɔ/,null{ABSENT},null{ABSENT},null*/həðˈiðʌ̹/,null{ABSENT},null{ABSENT},null*/nəfˈɔrɑ/,null*/nəəssˈuo̯n/,null{ABSENT},null*/lˈɑknɔ/,null*/lˈabrɛkɔn/,null*/ləmˈɛsɛnɑ/,null*/ləkˈɛnɛ/,null{ABSENT},null*/lːəəˈʌ̹ɲɛ/,null*/lˈymɑ/,null*/ləβˈɛðɛ/,null{ABSENT},null*/rjˈɛnːɔ/,null{ABSENT},null{ABSENT},null{ABSENT},null{ABSENT},null*/rˈɛpɛn/,null*/rˈɔɣɑ/,null*/pˈɑlɑ/,null*/prəkˈɛɑ/,null*/prətəɡˈinnɛmɑ/,null*/prənˈɑrɔ/,null*/pərˈɑɛ/,null*/pəˈɑnɑ/,null{ABSENT},null*/pjˈɛlːɡɔ/,null*/plˈɛɣjɑ/,null*/pəlːˈɑnɡɔ/,null*/pəlːˈɑnɡɑ/,null{ABSENT},null*/pərjˈɛlɔn/,null*/prˈɑsɔ/,null*/brˈɛtkɔ/,null*/brˈukʌ̹/,null{ABSENT},null*/fəkəˈɔlɑ/,null{ABSENT},null{ABSENT},null*/ˈuo̯rɡɔ/,null*/ˈuo̯rfnɔ/,null{ABSENT},null{ABSENT},null{ABSENT},null{ABSENT},null*/mˈɑrɑkɛ/,null*/mˈɛrðrjɔ/,null*/mˈɛtɛ/,null*/məlːˈɑɡʌ̹/,null*/məstˈiknɔ/,null*/mənˈiɑ/,null*/mˈɛrðrjɑ/,null*/mˈɑnɡnɔ/,null*/mətˈɛxɛɔ/,null*/mˈitɑ/,null*/məkənˈʌ̹/,null*/mˈʌ̹lːɑ/
R130,,,,,,,,,,,,,,,,,,,,,,,,,,,,,,,,,,,,,,,,,,,,,,,,,,,,,,,,,,,,,,,,,,,,,,,,,,,,,,,,,,,,,,,,,,,,,,,,,,,,,,,,,,,,,,,,,,,,,,,,,,,,,,,,
R131,,,,,,,,,,,,,,,,,,,,,,,,,,,,,,,,,,,,,,,,,,,,,,,,,,,,,,,,,,,,,,,,,,,,,,,,,,,,,,,,,,,,,,,,,,,,,,,,,,,,,,,,,,,,,,,,,,,,,,,,,,,,,,,,
R132,,,,,,,,,,,,,,,,,,,,,,,,,,,,,,,,,,,,,,,,,,,,,,,,,,,,,,,,,,,,,,,,,,,,,,,,,,,,,,,,,,,,,,,,,,,,,,,,,,,,,,,,,,,,,,,,,,,,,,,,,,,,,,,,
R133,,,,,,,,,,,,,,,,,,,,,,,,,,,,,,,,,,,,,,,,,,,,,,,,,,,,,,,,,,,,,,,,,,,,,,,,,,,,,,,,,,,,,,,,,,,,,,,,,,,,,,,,,,,,,,,,,,,,,,,,,,,,,,,,
R134,,,,,,,,,,,,,,,,,,,,,,,,,,,,,,,,,,,,,,,,,,,,,,,,,,,,,,,*/trəndˈɑflɔ/,,,,,,,,,,,,,,,,,,,,,,,,,,,,,,,,,,,,,,,,,,,,,,,,,,,,,,,,,,,,,,,,,,,,,,,,,
R135,,,,,,,,,,,,,,,,,*/kˈɑndrɔ/,,,,,,,,,,,,,,,,,,,,,,,,,,,,,,,,,,,,,,,,,,,,,,,,,,,,,,,,,,,,,,,,,,,,,,,,,,,,,,,,,,,,,,,,,,,,,,,,,,,,,,,,,,,,,,,
R136,,,,,,,,,,,,,,,,,,,,,,,,,,,,,,,,,,,,,,*/skəmbˈinɔ/,,,,,,,,,,,,,,,,,,,,,,,,,,,,,,,,,,,,,,,,,,,,,,,,,,,,,,,,,,,,,,,,,,,,,,,,,,,,,,,,,,,,,,,,,,
R137,,,,,,,,,,,,,,,,,,,,,,,,,,,,,,,,,,,,,,,,,,,,,,,,,,,,,,,,,,,,,,,,,,,,,,,,,,,,,,,,,,,,,,,,,,,,,,,,,,,,,,,,,,,,,,,,,,,,,,,,,,,,,,,,
R138,,,,,,,,,,,,,,,,,,,,,,,,,,,,,,,,,,,,,,,,,,,,,,,,,,,,,,,,,,,,,,,,,,,,,,,,,,,,,,,,,,,,,,,,,,,,,,,,,,,,,,,,,,,,,,,,,,,,,,,,,,,,,,,,
R139,,,,,,,,,,,,,,,,,,*/kəlˈɛɟɛrɔ/,,,,,,,,,,,*/cjˈɛfɑlɔn/,,*/cˈɛlɔn/,,,,,,,,,*/scˈɛmnɛ/,*/scˈinɔ/,,,,,,,,,,,,,,,,,,,,,,,,,,,,,,,,,,,,,*/ləcˈɛnɛ/,,,,,,,,,,,,,,*/prəcˈɛɑ/,*/prətəɟˈinnɛmɑ/,,,,,,,,,,,,,,,,,,,,,,,,*/mˈɑrɑcɛ/,,,,,,,,,,,
R140,,,,,,,,,,,,*/ˈijʃmmɔ/,,,,,,,,*/ɡəʃˈʌ̹fɔ/,*/kərʃətˈuo̯n/,,,,,*/kərəʃˈiɑ/,,*/ʃtjˈɛfɑnɔn/,,,,*/ʃˈɑrkɔ/,*/ʃərˈittjɛ/,*/ʃˈʌ̹ʃi/,*/ʃkˈɑlːʌ̹/,*/ʃkˈɑrpɑ/,*/ʃkˈɑmnɔn/,*/ʃkəmbˈinɔ/,*/ʃkˈʌ̹pɔ/,*/ʃcˈɛmnɛ/,*/ʃcˈinɔ/,*/ʃtˈɑmnɔ/,*/ʃtjˈɛrpɑ/,*/ʃtˈɛlɑ/,*/ʃpˈɑrɔ/,*/ʃpˈɑrɡnɔ/,*/ʃpˈɑrtɑ/,*/ʃpˈilːjɑ/,*/ʃpəlˈuo̯n/,*/ʃpˈɔnɟɑ/,,,,,,,,,,*/drˈiʃtɔ/,,,,,,,,,,,,,*/nəəʃʃˈuo̯n/,,,,*/ləmˈɛʃɛnɑ/,,,,,,,,,,,,,,,,,,,,,,,,,,,*/prˈɑʃɔ/,,,,,,,,,,,,,,,,,*/məʃtˈiknɔ/,,,,,,,
R141,,,,,,,,,,,,,,,,,,,,,,,,,,,,,,,,,,,,,,,,,,,,,,,,,,,,,,,,,,,,,,,,,,,,,,,,,,,,,,,,,,,,,,,,,,,,,,,,,,,,,,,,,,,,,,,,,,,,,,,,,,,,,,,,
R142,,,,,,,,,,,,,,,,,,,,,,,,,,,,,,,,,,,,,,,,,,,,,,,,,,,,,,,,,,,,,,,,,,,,,,,,,,,,,,,,,,,,,,,,,,,,,,,,,,,,,,,,,,,,,,,,,,,,,,,,,,,,,,,,
R143,,,,,,,,,,,,,,,,,,,,,,,,,,,,,,,,,,,,,,,,,,,,,,,,,,,,,,,,,,,,,,,,,,,,,,,,,,,,,,,,,,,,,,,,,,,,,,,,,,,,,,,,,,,,,,,,,,,,,,,,,,,,,,,,
R144,,,,,,,,,,,,,,,,,,,,,,,,,,,,,,,,,,,,,,,,,,,,,,,,,,,,,,,,,,,,,,,,,,,,,,,,,,,,,,,,,,,,,,,,,,,,,,,,,,,,,,,,,,,,,,,,,,,,,,,,,,,,,,,,
R145,,,,,,,,,,,,,,,,,,,,,,,,,,,*/?0ˈɛrmɔ/,*/ʃ?0ˈɛfɑnɔn/,,,,,*/ʃərˈit?0ɛ/,,,,,,,,,,*/ʃ?0ˈɛrpɑ/,,,,,,,,,,,,,,*/?0̬ˈɛpɔ/,,,,,,,,*/?0̬ˈʌ̹mrɔ/,,,,,,,,,,,,,,,,,,,,,,,,,,,,,,,,,,,,,,,,,,,,,,,,,,,,,,,,,,,,,,,
R146,,,,,,,,,,,,,,,,,,,,,,,,,,,*/?1ˈɛrmɔ/,*/ʃ?1ˈɛfɑnɔn/,,,,,*/ʃərˈit?1ɛ/,,,,,,,,,,*/ʃ?1ˈɛrpɑ/,,,,,,,,,,,,,,*/?1̬ˈɛpɔ/,,,,,,,,*/?1̬ˈʌ̹mrɔ/,,,,,,,,,,,,,,,,,,,,,,,,,,,,,,,,,,,,,,,,,,,,,,,,,,,,,,,,,,,,,,,
=Late Proto-Albanian II,null{ABSENT},null{ABSENT},null{ABSENT},null{ABSENT},null{ABSENT},null*/ˈɛɡrɛɔn/,null*/βəjˈɛrɑ/,null*/jˈɛxɔn/,null*/jˈɛrmɔ/,null*/jəðjˈɛfɔ/,null*/jəðˈɛfɔ/,null*/ˈijʃmmɔ/,null*/ˈɔkrɔn/,null{ABSENT},null{ABSENT},null*/kəpnˈuo̯n/,null*/kˈɑndrɔ/,null*/kəlˈɛɟɛrɔ/,null*/kəkkˈumlːɔ/,null*/ɡəʃˈʌ̹fɔ/,null*/kərʃətˈuo̯n/,null{ABSENT},null*/ɡrˈɑmmɑ/,null*/ɡəlːˈuo̯n/,null*/βəʎjˈɛnʌ̹/,null*/kərəʃˈiɑ/,null*/?1ˈɛrmɔ/,null*/ʃ?1ˈɛfɑnɔn/,null*/cjˈɛfɑlɔn/,null{ABSENT},null*/cˈɛlɔn/,null*/ʃˈɑrkɔ/,null*/ʃərˈit?1ɛ/,null*/ʃˈʌ̹ʃi/,null*/ʃkˈɑlːʌ̹/,null*/ʃkˈɑrpɑ/,null*/ʃkˈɑmnɔn/,null*/ʃkəmbˈinɔ/,null*/ʃkˈʌ̹pɔ/,null*/ʃcˈɛmnɛ/,null*/ʃcˈinɔ/,null*/ʃtˈɑmnɔ/,null*/ʃ?1ˈɛrpɑ/,null*/ʃtˈɛlɑ/,null*/ʃpˈɑrɔ/,null*/ʃpˈɑrɡnɔ/,null*/ʃpˈɑrtɑ/,null*/ʃpˈilːjɑ/,null*/ʃpəlˈuo̯n/,null*/ʃpˈɔnɟɑ/,null*/tˈipʌ̹/,null*/tˈɔmrɔ/,null{ABSENT},null*/tətrˈɑnɡurɔn/,null*/trəndˈɑflɔ/,null*/tˈumbrʌ̹/,null*/?1̬ˈɛpɔ/,null*/dərːhˈɑcu/,null*/drˈɑpnɔ/,null*/drˈiʃtɔ/,null{ABSENT},null{ABSENT},null{ABSENT},null*/ɟəlːˈuo̯n/,null*/?1̬ˈʌ̹mrɔ/,null*/jəðjˈɛfɔ/,null{ABSENT},null{ABSENT},null*/həðˈiðʌ̹/,null{ABSENT},null{ABSENT},null*/nəfˈɔrɑ/,null*/nəəʃʃˈuo̯n/,null{ABSENT},null*/lˈɑknɔ/,null*/lˈabrɛkɔn/,null*/ləmˈɛʃɛnɑ/,null*/ləcˈɛnɛ/,null{ABSENT},null*/lːəəˈʌ̹ɲɛ/,null*/lˈymɑ/,null*/ləβˈɛðɛ/,null{ABSENT},null*/rjˈɛnːɔ/,null{ABSENT},null{ABSENT},null{ABSENT},null{ABSENT},null*/rˈɛpɛn/,null*/rˈɔɣɑ/,null*/pˈɑlɑ/,null*/prəcˈɛɑ/,null*/prətəɟˈinnɛmɑ/,null*/prənˈɑrɔ/,null*/pərˈɑɛ/,null*/pəˈɑnɑ/,null{ABSENT},null*/pjˈɛlːɡɔ/,null*/plˈɛɣjɑ/,null*/pəlːˈɑnɡɔ/,null*/pəlːˈɑnɡɑ/,null{ABSENT},null*/pərjˈɛlɔn/,null*/prˈɑʃɔ/,null*/brˈɛtkɔ/,null*/brˈukʌ̹/,null{ABSENT},null*/fəkəˈɔlɑ/,null{ABSENT},null{ABSENT},null*/ˈuo̯rɡɔ/,null*/ˈuo̯rfnɔ/,null{ABSENT},null{ABSENT},null{ABSENT},null{ABSENT},null*/mˈɑrɑcɛ/,null*/mˈɛrðrjɔ/,null*/mˈɛtɛ/,null*/məlːˈɑɡʌ̹/,null*/məʃtˈiknɔ/,null*/mənˈiɑ/,null*/mˈɛrðrjɑ/,null*/mˈɑnɡnɔ/,null*/mətˈɛxɛɔ/,null*/mˈitɑ/,null*/məkənˈʌ̹/,null*/mˈʌ̹lːɑ/
R147,,,,,,,,,,,,,,,,,,,,,,,,,,,,,,,,,,,,,,,,,,,,,,,,,,,,,,,,,,,,,,,,,,,,,,,,,,,,,,,,,,,,,,,,,,,,,,,,,,,,,,,,,,,,,,,,,,,,,,,,,,,,,,,,
=Late Proto-Albanian III,null*/ˌaɣjˈazma/,null*/ˌavlˈi/,null*/ˈalima/,null*/ˈamja/,null*/ˌarsˈɛnɪka/,null*/ˈɛɡrɛɔn/,null*/βəjˈɛrɑ/,null*/jˈɛxɔn/,null*/jˈɛrmɔ/,null*/jəðjˈɛfɔ/,null*/jəðˈɛfɔ/,null*/ˈijʃmmɔ/,null*/ˈɔkrɔn/,null*/kˌalɔɣˈɛːrɔ/,null*/kˌatˈɔːɣɪ/,null*/kəpnˈuo̯n/,null*/kˈɑndrɔ/,null*/kəlˈɛɟɛrɔ/,null*/kəkkˈumlːɔ/,null*/ɡəʃˈʌ̹fɔ/,null*/kərʃətˈuo̯n/,null*/ɡrˌafˈɛjɔn/,null*/ɡrˈɑmmɑ/,null*/ɡəlːˈuo̯n/,null*/βəʎjˈɛnʌ̹/,null*/kərəʃˈiɑ/,null*/?1ˈɛrmɔ/,null*/ʃ?1ˈɛfɑnɔn/,null*/cjˈɛfɑlɔn/,null*/kˌiːrˈiːɑ/,null*/cˈɛlɔn/,null*/ʃˈɑrkɔ/,null*/ʃərˈit?1ɛ/,null*/ʃˈʌ̹ʃi/,null*/ʃkˈɑlːʌ̹/,null*/ʃkˈɑrpɑ/,null*/ʃkˈɑmnɔn/,null*/ʃkəmbˈinɔ/,null*/ʃkˈʌ̹pɔ/,null*/ʃcˈɛmnɛ/,null*/ʃcˈinɔ/,null*/ʃtˈɑmnɔ/,null*/ʃ?1ˈɛrpɑ/,null*/ʃtˈɛlɑ/,null*/ʃpˈɑrɔ/,null*/ʃpˈɑrɡnɔ/,null*/ʃpˈɑrtɑ/,null*/ʃpˈilːjɑ/,null*/ʃpəlˈuo̯n/,null*/ʃpˈɔnɟɑ/,null*/tˈipʌ̹/,null*/tˈɔmrɔ/,null*/tˈuvla/,null*/tətrˈɑnɡurɔn/,null*/trəndˈɑflɔ/,null*/tˈumbrʌ̹/,null*/?1̬ˈɛpɔ/,null*/dərːhˈɑcu/,null*/drˈɑpnɔ/,null*/drˈiʃtɔ/,null*/t͡sˌarˈuxja/,null*/sˌimmaxˈɔːrɔn/,null*/sxˈima/,null*/ɟəlːˈuo̯n/,null*/?1̬ˈʌ̹mrɔ/,null*/jəðjˈɛfɔ/,null*/θˈamna/,null*/ðjˈakɔn/,null*/həðˈiðʌ̹/,null*/ðˈiskɔ/,null*/ðˈɔmɔ/,null*/nəfˈɔrɑ/,null*/nəəʃʃˈuo̯n/,null*/lˌanɡˈɔː/,null*/lˈɑknɔ/,null*/lˈabrɛkɔn/,null*/ləmˈɛʃɛnɑ/,null*/ləcˈɛnɛ/,null*/lˌivˈaðja/,null*/lːəəˈʌ̹ɲɛ/,null*/lˈymɑ/,null*/ləβˈɛðɛ/,null*/rˈasa/,null*/rjˈɛnːɔ/,null*/rˈiɣa/,null*/rˈikja/,null*/rˈɔza/,null*/rˈussɔn/,null*/rˈɛpɛn/,null*/rˈɔɣɑ/,null*/pˈɑlɑ/,null*/prəcˈɛɑ/,null*/prətəɟˈinnɛmɑ/,null*/prənˈɑrɔ/,null*/pərˈɑɛ/,null*/pəˈɑnɑ/,null*/pˌɛtˈavrɔ/,null*/pjˈɛlːɡɔ/,null*/plˈɛɣjɑ/,null*/pəlːˈɑnɡɔ/,null*/pəlːˈɑnɡɑ/,null*/plˈɔːrɪ/,null*/pərjˈɛlɔn/,null*/prˈɑʃɔ/,null*/brˈɛtkɔ/,null*/brˈukʌ̹/,null*/fˌakjˈɔlɪ/,null*/fəkəˈɔlɑ/,null*/flˌamˈuːrɪ/,null*/frˌant͡sˈɔla/,null*/ˈuo̯rɡɔ/,null*/ˈuo̯rfnɔ/,null*/vˌɛlˈɛnt͡sa/,null*/mˌaɡˈiːa/,null*/mˌanuʃˈakja/,null*/mˌantˈilja/,null*/mˈɑrɑcɛ/,null*/mˈɛrðrjɔ/,null*/mˈɛtɛ/,null*/məlːˈɑɡʌ̹/,null*/məʃtˈiknɔ/,null*/mənˈiɑ/,null*/mˈɛrðrjɑ/,null*/mˈɑnɡnɔ/,null*/mətˈɛxɛɔ/,null*/mˈitɑ/,null*/məkənˈʌ̹/,null*/mˈʌ̹lːɑ/
R148,,,,,,,*/βəjˈɛra/,,,,,,,,,,*/kˈandrɔ/,,,,,,*/ɡrˈamma/,,,*/kərəʃˈia/,,*/ʃ?1ˈɛfanɔn/,*/cjˈɛfalɔn/,*/kˌiːrˈiːa/,,*/ʃˈarkɔ/,,,*/ʃkˈalːʌ̹/,*/ʃkˈarpa/,*/ʃkˈamnɔn/,,,,,*/ʃtˈamnɔ/,*/ʃ?1ˈɛrpa/,*/ʃtˈɛla/,*/ʃpˈarɔ/,*/ʃpˈarɡnɔ/,*/ʃpˈarta/,*/ʃpˈilːja/,,*/ʃpˈɔnɟa/,,,,*/tətrˈanɡurɔn/,*/trəndˈaflɔ/,,,*/dərːhˈacu/,*/drˈapnɔ/,,,,,,,,,,,,,*/nəfˈɔra/,,,*/lˈaknɔ/,,*/ləmˈɛʃɛna/,,,,*/lˈyma/,,,,,,,,,*/rˈɔɣa/,*/pˈala/,*/prəcˈɛa/,*/prətəɟˈinnɛma/,*/prənˈarɔ/,*/pərˈaɛ/,*/pəˈana/,,,*/plˈɛɣja/,*/pəlːˈanɡɔ/,*/pəlːˈanɡa/,,,*/prˈaʃɔ/,,,,*/fəkəˈɔla/,,,,,,,,,*/mˈaracɛ/,,,*/məlːˈaɡʌ̹/,,*/mənˈia/,*/mˈɛrðrja/,*/mˈanɡnɔ/,,*/mˈita/,,*/mˈʌ̹lːa/
R149,,,,,,,*/vəjˈɛra/,,,,,,,,,,,,,,,,,,*/vəʎjˈɛnʌ̹/,,,,,,,,,,,,,,,,,,,,,,,,,,,,,,,,,,,,,,,,,,,,,,,,,,,,,,,,,*/ləvˈɛðɛ/,,,,,,,,,,,,,,,,,,,,,,,,,,,,,,,,,,,,,,,,,,,,,,
R150,,,,,,,,,,,,,,,,,,,,,,,,,,,,,,,,,,,,,,,,,,,,,,,,,,,,,,,,,,,,,,,,,,,,,,,,,,,,,,,,,,,,,,,,,,,,,,,,,,,,,,,,,,,,,,,,,,,,,,,,,,,,,,,,
R151,*/ˌaɡjˈazma/,,,,,,,,,,,,,*/kˌalɔɡˈɛːrɔ/,*/kˌatˈɔːɡɪ/,,,,,,,,,,,,,,,,,,,,,,,,,,,,,,,,,,,,,,,,,,,,,,,,,,,,,,,,,,,,,,,,,,,,,,*/rˈiɡa/,,,,,*/rˈɔɡa/,,,,,,,,,*/plˈɛɡja/,,,,,,,,,,,,,,,,,,,,,,,,,,,,,
R152,,,,,*/ˌarsˈɛnka/,,,,,,,,,,*/kˌatˈɔːɡ/,,,,,,,,,,,,,,,,,,,,,,,,,,,,,,,,,,,,,,,,,,,,,,,,,,,,,,,,,,,,,,,,,,,,,,,,,,,,,,,,,,,,,,,*/plˈɔːr/,,,,,*/fˌakjˈɔl/,,*/flˌamˈuːr/,,,,,,,,,,,,,,,,,,,
R153,,,,,,,,,,,,,,,,,,,,,,,,,,,,,,,,,,,,,,,,,,,,,,,,,,,,,,,,,,,,,,,,,,,,,,,,,,,,,,,,,,,,,,,,,,,,,,,,,,,,,,,,,,,,,,,,,,,,,,,,,,,,,,,,
R154,,,,,,,,,,,,,,,,,,,,,,,,,,,,,,,,,,,,,,,,,,,,,,,,,,,,,,,,,,,,,,,,,,,,,,,,,,,,,,,,,,,,,,,,,,,,,,,,,,,,,,,,,,,,,,,,,,,,,,,,,,,,,,,,
R155,,,,,,,,,,,,,,,,,,,,,,,,,,,,,,,,,,,,,,,,,,,,,,,,,,,,,,,,,,,,,,,,,,,,,,,,,,,,,,,,,,,,,,,,,,,,,,,,,,,,,,,,,,,,,,,,,,,,,,,,,,,,,,,,
R156,,,,,,,,,,,,,,,,,,,,,,,,,,,,,,,,,,,,,,,,,,,,,,,,,,,,,,,,,,,,,,,,,,,,,,,,,,,,,,,,,,,,,,,,,,,,,,,,,,,,,,,,,,,,,,,,,,,,,,,,,,,,,,,,
R157,,,,,,,,,*/jˈɛrm/,*/jəðjˈɛf/,*/jəðˈɛf/,*/ˈijʃmm/,,*/kˌalɔɡˈɛːr/,,,*/kˈandr/,*/kəlˈɛɟɛr/,*/kəkkˈumlː/,*/ɡəʃˈʌ̹f/,,,,,*/vəʎjˈɛn/,,*/?1ˈɛrm/,,,,,*/ʃˈark/,*/ʃərˈit?1/,*/ʃˈʌ̹ʃ/,*/ʃkˈalː/,,,*/ʃkəmbˈin/,*/ʃkˈʌ̹p/,*/ʃcˈɛmn/,*/ʃcˈin/,*/ʃtˈamn/,,,*/ʃpˈar/,*/ʃpˈarɡn/,,,,,*/tˈip/,*/tˈɔmr/,,,*/trəndˈafl/,*/tˈumbr/,*/?1̬ˈɛp/,*/dərːhˈac/,*/drˈapn/,*/drˈiʃt/,,,,,*/?1̬ˈʌ̹mr/,*/jəðjˈɛf/,,,*/həðˈið/,*/ðˈisk/,*/ðˈɔm/,,,,*/lˈakn/,,,*/ləcˈɛn/,,*/lːəəˈʌ̹ɲ/,,*/ləvˈɛð/,,*/rjˈɛnː/,,,,,,,,,,*/prənˈar/,*/pərˈa/,,*/pˌɛtˈavr/,*/pjˈɛlːɡ/,,*/pəlːˈanɡ/,,,,*/prˈaʃ/,*/brˈɛtk/,*/brˈuk/,,,,,*/ˈuo̯rɡ/,*/ˈuo̯rfn/,,,,,*/mˈarac/,*/mˈɛrðrj/,*/mˈɛt/,*/məlːˈaɡ/,*/məʃtˈikn/,,,*/mˈanɡn/,*/mətˈɛxɛ/,,,
R158,,,,*/ˈamɛ/,,,,,,,,,,,,,,,,,,,,,,,,,,,,,,,,,,,,,,,,,,,,*/ʃpˈilːɛ/,,,,,,,,,,,,,*/t͡sˌarˈuxɛ/,,,,,,,,,,,,,,,,,,*/lˌivˈaðɛ/,,,,,,,*/rˈikɛ/,,,,,,,,,,,,,*/plˈɛɡɛ/,,,,,,,,,,,,,,,,*/mˌanuʃˈakɛ/,*/mˌantˈilɛ/,,,,,,,*/mˈɛrðrɛ/,,,,,
R159,*/ˌaɡjˈazmə/,,*/ˈalimə/,,*/ˌarsˈɛnkə/,,*/vəjˈɛrə/,,,,,,,,,,,,,,,,*/ɡrˈammə/,,,*/kərəʃˈiə/,,,,*/kˌiːrˈiːə/,,,,,,*/ʃkˈarpə/,,,,,,,*/ʃ?1ˈɛrpə/,*/ʃtˈɛlə/,,,*/ʃpˈartə/,,,*/ʃpˈɔnɟə/,,,*/tˈuvlə/,,,,,,,,,,*/sxˈimə/,,,,*/θˈamnə/,,,,,*/nəfˈɔrə/,,,,,*/ləmˈɛʃɛnə/,,,,*/lˈymə/,,*/rˈasə/,,*/rˈiɡə/,,*/rˈɔzə/,,,*/rˈɔɡə/,*/pˈalə/,*/prəcˈɛə/,*/prətəɟˈinnɛmə/,,,*/pəˈanə/,,,,,*/pəlːˈanɡə/,,,,,,,*/fəkəˈɔlə/,,*/frˌant͡sˈɔlə/,,,*/vˌɛlˈɛnt͡sə/,*/mˌaɡˈiːə/,,,,,,,,*/mənˈiə/,,,,*/mˈitə/,,*/mˈʌ̹lːə/
R160,,,,,,,,,,,,,,,,,,,,,,,,,,,,,,,,,,,,,,,,,,,,,,,,,,,,,,,,,,,,,,,,,,,,,,,,,,,,,,,,,,,,,,,,,,,,,,,,,,,,,,,,,,,,,,,,,,,,,,,,,,,,,,,,
R161,,,,,,,,,,,,,,,,,,,,,,,,,,,,,,,,,,,,,,,,,,,,,,,,,,,,,,,,,,,,,,,,,,,,,,,,,,,,,,,,,,,,,,,,,,,,,,,,,,,,,,,,,,,,,,,,,,,,,,,,,,,,,,,,
R162,,,,,,,,,,,,,,,,,,,,,,,,,,,,,,,,,,,,,,,,,,,,,,,,,,,,,,,,,,,,,,,,,,,,,,,,,,,,,,,,*/lːəˈʌː̹ɲ/,,,,,,,,,,,,,,,,*/pˈaːnə/,,,,,,,,,,,,*/fəkˈɔːlə/,,,,,,,,,,,,,,,,,,,,
R163,,,,,,,,,,,,,,,,,,,,,,,,,,,,,,,,,,,,,,,,,,,,,,,,,,,,,,,,,,,,,,,,,,,,,,,,,,,,,,,,,,,,,,,,,,,,,,,,,,,,,,,,,,,,,,,,,,,,,,,,,,,,,,,,
R164,,,,,,,,,,,,,,,,,,,,,,,,,,,,,,,,,,,,,,,,,,,,,,,,,,,,,,,,,,,,,,,,,,,,,,,,,,,,,,,,,,,,,,,,,,,,,,,,,,,,,,,,,,,,,,,,,,,,,,,,,,,,,,,,
R165,,,,,,,,,,,,,,,,,,,,,,,,,,,,,,,,,,,,,,,,,,,,,,,,,,,,,,,,,,,,,,,,,,,,,,,,,,,,,,*/lcˈɛn/,,,,,,,,,,,,,,*/prcˈɛə/,*/prtəɟˈinnɛmə/,,,,,,,,,,,,,,,,,,,,,,,,,,,,,,,,*/mtˈɛxɛ/,,*/mkənˈʌ̹/,
R166,,,*/ˈaːlimə/,*/ˈaːmɛ/,*/ˌarsˈɛːnkə/,,*/vəjˈɛːrə/,,*/jˈɛːrm/,,,,,,,,*/kˈaːndr/,,*/kəkkˈuːmlː/,,,,*/ɡrˈaːmmə/,,*/vəʎjˈɛːn/,,*/?1ˈɛːrm/,,,,*/cˈɛːlɔn/,*/ʃˈaːrk/,,,*/ʃkˈaːlː/,*/ʃkˈaːrpə/,*/ʃkˈaːmnɔn/,*/ʃkəmbˈiːn/,,*/ʃcˈɛːmn/,*/ʃcˈiːn/,*/ʃtˈaːmn/,*/ʃ?1ˈɛːrpə/,*/ʃtˈɛːlə/,*/ʃpˈaːr/,*/ʃpˈaːrɡn/,*/ʃpˈaːrtə/,*/ʃpˈiːlːɛ/,,*/ʃpˈɔːnɟə/,,*/tˈɔːmr/,,*/tətrˈaːnɡurɔn/,,*/tˈuːmbr/,,,,,,,*/sxˈiːmə/,,*/?1̬ˈʌː̹mr/,,*/θˈaːmnə/,,,,*/ðˈɔːm/,*/nəfˈɔːrə/,,,,,,*/lcˈɛːn/,,,*/lˈyːmə/,,,*/rjˈɛːnː/,,,,,,,*/pˈaːlə/,,*/prtəɟˈiːnnɛmə/,*/prənˈaːr/,,,,*/pjˈɛːlːɡ/,,*/pəlːˈaːnɡ/,*/pəlːˈaːnɡə/,,*/pərjˈɛːlɔn/,,,,*/fˌakjˈɔːl/,,,*/frˌant͡sˈɔːlə/,,,*/vˌɛlˈɛːnt͡sə/,,,*/mˌantˈiːlɛ/,*/mˈaːrac/,*/mˈɛːrðrj/,,,,,*/mˈɛːrðrɛ/,*/mˈaːnɡn/,,,,*/mˈʌː̹lːə/
R167,*/ˌaɡjˈaːzmə/,,,,,,,,,*/jəðjˈɛːf/,*/jəðˈɛːf/,,,,,,,,,*/ɡəʃˈʌː̹f/,,,,,,,,*/ʃ?1ˈɛːfanɔn/,*/cjˈɛːfalɔn/,,,,,*/ʃˈʌː̹ʃ/,,,,,,,,,,,,,,,,,,,*/tˈuːvlə/,,*/trəndˈaːfl/,,,,,*/drˈiːʃt/,,,,,,*/jəðjˈɛːf/,,,,*/ðˈiːsk/,,,,,,,*/ləmˈɛːʃɛnə/,,,,,,*/rˈaːsə/,,,,*/rˈɔːzə/,*/rˈuːssɔn/,,,,,,,,,*/pˌɛtˈaːvr/,,,,,,,*/prˈaːʃ/,,,,,,,,,,,,,,,,,,,,,,,,
R168,,,,,,,,,,,,,,,,,,,,,,,,,,*/kərəʃˈiː/,,,,*/kˌiːrˈiː/,,,,,,,,,,,,,,,,,,,,,,,,,,,,,,,,,,,,,,,,,,,,,,,,,,,,,,,,,,,,,,*/prcˈɛː/,,,,,,,,,,,,,,,,,,,,,,*/mˌaɡˈiː/,,,,,,,,*/mənˈiː/,,,,,,
R169,,,,,,,,,*/jˈɛːrmb/,,,*/ˈijʃmmb/,,,,,,,,,,,,,,,*/?1ˈɛːrmb/,,,,,,,,,,,,,,,,,,,,,,,,,,,,,,,,,,,,,,,,,,,,*/ðˈɔːmb/,,,,,,,,,,,,,,,,,,,,,,,,,,,,,,,,,,,,,,,,,,,,,,,,,,,,,,,,,
R170,,,*/ˈaːlĩmə/,*/ˈãːmɛ/,*/ˌarsˈɛ̃ːnkə/,*/ˈɛɡrɛɔ̃n/,,*/jˈɛxɔ̃n/,,,,,*/ˈɔkrɔ̃n/,,,,*/kˈãːndr/,,*/kəkkˈũːmlː/,,,*/ɡrˌafˈɛjɔ̃n/,*/ɡrˈãːmmə/,,*/vəʎjˈɛ̃ːn/,,,*/ʃ?1ˈɛːfãnɔ̃n/,*/cjˈɛːfalɔ̃n/,,*/cˈɛːlɔ̃n/,,,,,,*/ʃkˈãːmnɔ̃n/,*/ʃkə̃mbˈĩːn/,,*/ʃcˈɛ̃ːmn/,*/ʃcˈĩːn/,*/ʃtˈãːmn/,,,,,,,,*/ʃpˈɔ̃ːnɟə/,,*/tˈɔ̃ːmr/,,*/tətrˈãːnɡurɔ̃n/,*/trə̃ndˈaːfl/,*/tˈũːmbr/,,,,,,*/sˌĩmmaxˈɔːrɔ̃n/,*/sxˈĩːmə/,,*/?1̬ˈʌː̹̃mr/,,*/θˈãːmnə/,*/ðjˈakɔ̃n/,,,*/ðˈɔ̃ːmb/,,,*/lˌãnɡˈɔː/,,*/lˈabrɛkɔ̃n/,*/lə̃mˈɛːʃɛ̃nə/,*/lcˈɛ̃ːn/,,*/lːəˈʌː̹̃ɲ/,*/lˈỹːmə/,,,*/rjˈɛ̃ːnː/,,,,*/rˈuːssɔ̃n/,*/rˈɛpɛ̃n/,,,,*/prtəɟˈĩːnnɛ̃mə/,*/prə̃nˈaːr/,,*/pˈãːnə/,,,,*/pəlːˈãːnɡ/,*/pəlːˈãːnɡə/,,*/pərjˈɛːlɔ̃n/,,,,,,*/flˌãmˈuːr/,*/frˌãnt͡sˈɔːlə/,,,*/vˌɛlˈɛ̃ːnt͡sə/,,*/mˌãnuʃˈakɛ/,*/mˌãntˈiːlɛ/,,,,,,*/mə̃nˈiː/,,*/mˈãːnɡn/,,,*/mkə̃nˈʌ̹/,
R171,,,,,,,,,,,,,,,,,,,,,,,,,,,,,,,,,,,,,,,,,,,,,,,,,,,,,,,,,,,,,,,,,,,,,,,,,,,,,,,,,,,,,,,,,,,,,,,,,,,,,,,,,,,,,,*/frˌãt͡sˈɔːlə/,,,*/vˌɛlˈɛ̃ːt͡sə/,,,,,,,,,,,,,,,
R172,,,,,,*/ˈɛɡrɛɔ̃/,,*/jˈɛxɔ̃/,,,,,*/ˈɔkrɔ̃/,,,,,,,,,*/ɡrˌafˈɛjɔ̃/,,,*/vəʎjˈɛ̃ː/,,,*/ʃ?1ˈɛːfãnɔ̃/,*/cjˈɛːfalɔ̃/,,*/cˈɛːlɔ̃/,,,,,,*/ʃkˈãːmnɔ̃/,*/ʃkə̃mbˈĩː/,,,*/ʃcˈĩː/,,,,,,,,,,,,,*/tətrˈãːnɡurɔ̃/,,,,,,,,*/sˌĩmmaxˈɔːrɔ̃/,,,,,,*/ðjˈakɔ̃/,,,,,,,,*/lˈabrɛkɔ̃/,,*/lcˈɛ̃ː/,,,,,,,,,,*/rˈuːssɔ̃/,*/rˈɛpɛ̃/,,,,,,,,,,,,,,*/pərjˈɛːlɔ̃/,,,,,,,,,,,,,,,,,,,,,,,,,
R173,*/hˌaɡjˈaːzmə/,*/hˌavlˈi/,*/hˈaːlĩmə/,*/hˈãːmɛ/,*/hˌarsˈɛ̃ːnkə/,*/hˈɛɡrɛɔ̃/,,,,,,*/hˈijʃmmb/,*/hˈɔkrɔ̃/,,,,,,,,,,,,,,,,,,,,,,,,,,,,,,,,,,,,,,,,,,,,,,,,,,,,,,,,,,,,,,,,,,,,,,,,,,,,,,,,,,,,,,,,,,,,,,,,,,*/hˈuo̯rɡ/,*/hˈuo̯rfn/,,,,,,,,,,,,,,,,
R174,,,,,,,,,,,,,,,,,,,,,,,,,,,,,,,,,,,,,,,,,,,,,,,,,,,,,,,,,,,,,,,,,,,,,,,,,,,,,,,,,,,,,,,,,,,,,,,,,,,,,,,,,,,,,,,,,,,,,,,,,,,,,,,,
R175,,,,,,,,,,,,,,,,,,,,,,,,,,,,,,,,,,,,,,,,,,,,,,,,,,,,,,,,,,,,,,,,,,,,,,,,,,,,,,,,,,,,,,,,,,,,,,,,,,,,,,,,,,,,,,,,,,,,,,,,,,,,,,,,
R176,,,,,,,,,,,,*/hˈijʒmmb/,,,,,,,,,,,,,,,,,,,,,,,,,,,,,,,,,,,,,,,,,,,,,,,,,,,,,,,,,,,,,,,,,,,,,,,,,,,,,,,,,,,,,,,,,,,,,,,,,,,,,,,,,,,,,,,,,,,,
R177,,,,,,,,,,,,,,,,,,,,,,,,,,,,,,,,,,,,,,,,,,,,,,,,,,,,,,,,,,,,,,,,,,,,,,,,,,,,,,,,,,,,,,,,,,,,,,,,,,,,,,,,,,,,,,,,,,,,,,,,,,,,,,,,
R178,,,,,,,,,,,,,,,,,,,,,,,,,,,,,,,,,,,,,,,,,,,,,,,,,,,,,,,,,,,,,,,,,,,,,,,,,,,,,,,,,,,,,,,,,,,,,,,,,,,,,,,,,,,,,,,,,,,,,,,,,,,,,,,,
~Proto-Tosk-SGheg,null*/hˌaɡjˈaːzmə/,null*/hˌavlˈi/,null*/hˈaːlĩmə/,null*/hˈãːmɛ/,null*/hˌarsˈɛ̃ːnkə/,null*/hˈɛɡrɛɔ̃/,null*/vəjˈɛːrə/,null*/jˈɛxɔ̃/,null*/jˈɛːrmb/,null*/jəðjˈɛːf/,null*/jəðˈɛːf/,null*/hˈijʒmmb/,null*/hˈɔkrɔ̃/,null*/kˌalɔɡˈɛːr/,null*/kˌatˈɔːɡ/,null*/kəpnˈuo̯n/,null*/kˈãːndr/,null*/kəlˈɛɟɛr/,null*/kəkkˈũːmlː/,null*/ɡəʃˈʌː̹f/,null*/kərʃətˈuo̯n/,null*/ɡrˌafˈɛjɔ̃/,null*/ɡrˈãːmmə/,null*/ɡəlːˈuo̯n/,null*/vəʎjˈɛ̃ː/,null*/kərəʃˈiː/,null*/?1ˈɛːrmb/,null*/ʃ?1ˈɛːfãnɔ̃/,null*/cjˈɛːfalɔ̃/,null*/kˌiːrˈiː/,null*/cˈɛːlɔ̃/,null*/ʃˈaːrk/,null*/ʃərˈit?1/,null*/ʃˈʌː̹ʃ/,null*/ʃkˈaːlː/,null*/ʃkˈaːrpə/,null*/ʃkˈãːmnɔ̃/,null*/ʃkə̃mbˈĩː/,null*/ʃkˈʌ̹p/,null*/ʃcˈɛ̃ːmn/,null*/ʃcˈĩː/,null*/ʃtˈãːmn/,null*/ʃ?1ˈɛːrpə/,null*/ʃtˈɛːlə/,null*/ʃpˈaːr/,null*/ʃpˈaːrɡn/,null*/ʃpˈaːrtə/,null*/ʃpˈiːlːɛ/,null*/ʃpəlˈuo̯n/,null*/ʃpˈɔ̃ːnɟə/,null*/tˈip/,null*/tˈɔ̃ːmr/,null*/tˈuːvlə/,null*/tətrˈãːnɡurɔ̃/,null*/trə̃ndˈaːfl/,null*/tˈũːmbr/,null*/?1̬ˈɛp/,null*/dərːhˈac/,null*/drˈapn/,null*/drˈiːʃt/,null*/t͡sˌarˈuxɛ/,null*/sˌĩmmaxˈɔːrɔ̃/,null*/sxˈĩːmə/,null*/ɟəlːˈuo̯n/,null*/?1̬ˈʌː̹̃mr/,null*/jəðjˈɛːf/,null*/θˈãːmnə/,null*/ðjˈakɔ̃/,null*/həðˈið/,null*/ðˈiːsk/,null*/ðˈɔ̃ːmb/,null*/nəfˈɔːrə/,null*/nəəʃʃˈuo̯n/,null*/lˌãnɡˈɔː/,null*/lˈakn/,null*/lˈabrɛkɔ̃/,null*/lə̃mˈɛːʃɛ̃nə/,null*/lcˈɛ̃ː/,null*/lˌivˈaðɛ/,null*/lːəˈʌː̹̃ɲ/,null*/lˈỹːmə/,null*/ləvˈɛð/,null*/rˈaːsə/,null*/rjˈɛ̃ːnː/,null*/rˈiɡə/,null*/rˈikɛ/,null*/rˈɔːzə/,null*/rˈuːssɔ̃/,null*/rˈɛpɛ̃/,null*/rˈɔɡə/,null*/pˈaːlə/,null*/prcˈɛː/,null*/prtəɟˈĩːnnɛ̃mə/,null*/prə̃nˈaːr/,null*/pərˈa/,null*/pˈãːnə/,null*/pˌɛtˈaːvr/,null*/pjˈɛːlːɡ/,null*/plˈɛɡɛ/,null*/pəlːˈãːnɡ/,null*/pəlːˈãːnɡə/,null*/plˈɔːr/,null*/pərjˈɛːlɔ̃/,null*/prˈaːʃ/,null*/brˈɛtk/,null*/brˈuk/,null*/fˌakjˈɔːl/,null*/fəkˈɔːlə/,null*/flˌãmˈuːr/,null*/frˌãt͡sˈɔːlə/,null*/hˈuo̯rɡ/,null*/hˈuo̯rfn/,null*/vˌɛlˈɛ̃ːt͡sə/,null*/mˌaɡˈiː/,null*/mˌãnuʃˈakɛ/,null*/mˌãntˈiːlɛ/,null*/mˈaːrac/,null*/mˈɛːrðrj/,null*/mˈɛt/,null*/məlːˈaɡ/,null*/məʃtˈikn/,null*/mə̃nˈiː/,null*/mˈɛːrðrɛ/,null*/mˈãːnɡn/,null*/mtˈɛxɛ/,null*/mˈitə/,null*/mkə̃nˈʌ̹/,null*/mˈʌː̹lːə/
R179,,,,,,,,*/jˈɛhɔ̃/,,,,,,,,,,,,,,,,,,,,,,,,,,,,,,,,,,,,,,,,,,,,,,,,,,,,,*/t͡sˌarˈuhɛ/,*/sˌĩmmahˈɔːrɔ̃/,*/shˈĩːmə/,,,,,,,,,,,,,,,,,,,,,,,,,,,,,,,,,,,,,,,,,,,,,,,,,,,,,,,,,,,,,,*/mtˈɛhɛ/,,,
R180,*/hˌaɡjˈaːzmbə/,,*/hˈaːlĩmbə/,*/hˈãːmbɛ/,,,,,,,,,,,,,,,,,,,*/ɡrˈãːmmbə/,,,,,,,,,,,,,,,,,,,,,,,,,,,,,,,,,,,,,,,*/sˌĩmmbahˈɔːrɔ̃/,*/shˈĩːmbə/,,,,,,,,,,,,,,,,,,*/lˈỹːmbə/,,,,,,,,,,,,*/prtəɟˈĩːnnɛ̃mbə/,,,,,,,,,,,,,,,,,,,,,,,,,,,*/mbəlːˈaɡ/,*/mbəʃtˈikn/,*/mbə̃nˈiː/,,,,,,
R181,,,,,,,,,,,,,,,,,,,,,,,,,,,,*/ʃ?1ˈɛːfãrɔ̃/,,,,,,,,,,,,,,,,,,,,,,,,,,,,,,,,,,,,,,,,,,,,,,,,,*/lə̃mˈɛːʃɛ̃rə/,,,,,,,,,,,,,,,,,*/prə̃rˈaːr/,,*/pˈãːrə/,,,,,,,,,,,,,,,,,,,*/mˌãruʃˈakɛ/,,,,,,,*/mbə̃rˈiː/,,,,,*/mkə̃rˈʌ̹/,
R182,,,,,,,,,,,,,,,,,,,,,,,,,,,,,,,,,,,,,,,,,,,,,,,,,,,,,,,,,,,,,,,,,,,,,,,,,,,,,,,,,,,,,,,,,,,,,,,,,,,,,,,,,,,,,,,,,,,,,,,,,,,,,,,,
R183,,,,,,,,,,,,,,,,,,,*/kəkkˈũːmlˠ/,,,,,*/ɡəlˠˈuo̯n/,,,,,,,,,,,*/ʃkˈaːlˠ/,,,,,,,,,,,,,*/ʃpˈiːlˠɛ/,,,,,,,,,,,,,,,,*/ɟəlˠˈuo̯n/,,,,,,,,,,,,,,,,*/lˠəˈʌː̹̃ɲ/,,,,,,,,,,,,,,,,,,*/pjˈɛːlˠɡ/,,*/pəlˠˈãːnɡ/,*/pəlˠˈãːnɡə/,,,,,,,,,,,,,,,,,,,*/mbəlˠˈaɡ/,,,,,,,,*/mˈʌː̹lˠə/
R184,,,,,,,,,,,,,,,,,,,,,,,,,,,,,,,,,,,,,,,,,,,,,,,,,,,,,,,,,,,,,,,,,,,,,,,,,,,,,,,,,,,,*/rjˈɛ̃ːn/,,,,,,,,,,,,,,,,,,,,,,,,,,,,,,,,,,,,,,,,,,,,
R185,,,,,*/hˌaɾsˈɛ̃ːnkə/,*/hˈɛɡɾɛɔ̃/,*/vəjˈɛːɾə/,,*/jˈɛːɾmb/,,,,*/hˈɔkɾɔ̃/,*/kˌalɔɡˈɛːɾ/,,,*/kˈãːndɾ/,*/kəlˈɛɟɛɾ/,,,*/kəɾʃətˈuo̯n/,*/ɡɾˌafˈɛjɔ̃/,*/ɡɾˈãːmmbə/,,,*/kəɾəʃˈiː/,*/?1ˈɛːɾmb/,*/ʃ?1ˈɛːfãɾɔ̃/,,*/kˌiːɾˈiː/,,*/ʃˈaːɾk/,*/ʃəɾˈit?1/,,,*/ʃkˈaːɾpə/,,,,,,,*/ʃ?1ˈɛːɾpə/,,*/ʃpˈaːɾ/,*/ʃpˈaːɾɡn/,*/ʃpˈaːɾtə/,,,,,*/tˈɔ̃ːmɾ/,,*/tətɾˈãːnɡuɾɔ̃/,*/tɾə̃ndˈaːfl/,*/tˈũːmbɾ/,,,*/dɾˈapn/,*/dɾˈiːʃt/,*/t͡sˌaɾˈuhɛ/,*/sˌĩmmbahˈɔːɾɔ̃/,,,*/?1̬ˈʌː̹̃mɾ/,,,,,,,*/nəfˈɔːɾə/,,,,*/lˈabɾɛkɔ̃/,*/lə̃mˈɛːʃɛ̃ɾə/,,,,,,*/ɾˈaːsə/,*/ɾjˈɛ̃ːn/,*/ɾˈiɡə/,*/ɾˈikɛ/,*/ɾˈɔːzə/,*/ɾˈuːssɔ̃/,*/ɾˈɛpɛ̃/,*/ɾˈɔɡə/,,*/pɾcˈɛː/,*/pɾtəɟˈĩːnnɛ̃mbə/,*/pɾə̃ɾˈaːɾ/,*/pəɾˈa/,*/pˈãːɾə/,*/pˌɛtˈaːvɾ/,,,,,*/plˈɔːɾ/,*/pəɾjˈɛːlɔ̃/,*/pɾˈaːʃ/,*/bɾˈɛtk/,*/bɾˈuk/,,,*/flˌãmˈuːɾ/,*/fɾˌãt͡sˈɔːlə/,*/hˈuo̯ɾɡ/,*/hˈuo̯ɾfn/,,,*/mˌãɾuʃˈakɛ/,,*/mˈaːɾac/,*/mˈɛːɾðɾj/,,,,*/mbə̃ɾˈiː/,*/mˈɛːɾðɾɛ/,,,,*/mkə̃ɾˈʌ̹/,
R186,,,,,,,,,,,,,,,,,,,,,,,,,,,,,,,,,,,,,,,,,,,,,,,,,,,,,,,,,,*/dərhˈac/,,,,,,,,,,,,,,,,,,,,,,,,,,,,,,,,,,,,,,,,,,,,,,,,,,,,,,,,,,,,,,,,,,,,,,
R187,,,,*/hˈəːmbɛ/,,,,,,,,,,,,,*/kˈəːndɾ/,,,,,,*/ɡɾˈəːmmbə/,,,,,*/ʃ?1ˈɛːfə̃ɾɔ̃/,,,,,,,,,*/ʃkˈəːmnɔ̃/,,,,,*/ʃtˈəːmn/,,,,,,,,,,,,*/tətɾˈəːnɡuɾɔ̃/,,,,,,,,,,,,,*/θˈəːmnə/,,,,,,,*/lˌə̃nɡˈɔː/,,,,,,,,,,,,,,,,,,,,,,*/pˈəːɾə/,,,,*/pəlˠˈəːnɡ/,*/pəlˠˈəːnɡə/,,,,,,,,*/flˌə̃mˈuːɾ/,*/fɾˌə̃t͡sˈɔːlə/,,,,,*/mˌə̃ɾuʃˈakɛ/,*/mˌə̃ntˈiːlɛ/,,,,,,,,*/mˈəːnɡn/,,,,
R188,,,,,,,,,,,,,,,,*/kəpnˈua̯n/,,,,,*/kəɾʃətˈua̯n/,,,*/ɡəlˠˈua̯n/,,,,,,,,,,,,,,,,,,,,,,,,,*/ʃpəlˈua̯n/,,,,,,,,,,,,,,,*/ɟəlˠˈua̯n/,,,,,,,,,*/nəəʃʃˈua̯n/,,,,,,,,,,,,,,,,,,,,,,,,,,,,,,,,,,,,,,*/hˈua̯ɾɡ/,*/hˈua̯ɾfn/,,,,,,,,,,,,,,,,
=Proto-Tosk,null*/hˌaɡjˈaːzmbə/,null*/hˌavlˈi/,null*/hˈaːlĩmbə/,null*/hˈəːmbɛ/,null*/hˌaɾsˈɛ̃ːnkə/,null*/hˈɛɡɾɛɔ̃/,null*/vəjˈɛːɾə/,null*/jˈɛhɔ̃/,null*/jˈɛːɾmb/,null*/jəðjˈɛːf/,null*/jəðˈɛːf/,null*/hˈijʒmmb/,null*/hˈɔkɾɔ̃/,null*/kˌalɔɡˈɛːɾ/,null*/kˌatˈɔːɡ/,null*/kəpnˈua̯n/,null*/kˈəːndɾ/,null*/kəlˈɛɟɛɾ/,null*/kəkkˈũːmlˠ/,null*/ɡəʃˈʌː̹f/,null*/kəɾʃətˈua̯n/,null*/ɡɾˌafˈɛjɔ̃/,null*/ɡɾˈəːmmbə/,null*/ɡəlˠˈua̯n/,null*/vəʎjˈɛ̃ː/,null*/kəɾəʃˈiː/,null*/?1ˈɛːɾmb/,null*/ʃ?1ˈɛːfə̃ɾɔ̃/,null*/cjˈɛːfalɔ̃/,null*/kˌiːɾˈiː/,null*/cˈɛːlɔ̃/,null*/ʃˈaːɾk/,null*/ʃəɾˈit?1/,null*/ʃˈʌː̹ʃ/,null*/ʃkˈaːlˠ/,null*/ʃkˈaːɾpə/,null*/ʃkˈəːmnɔ̃/,null*/ʃkə̃mbˈĩː/,null*/ʃkˈʌ̹p/,null*/ʃcˈɛ̃ːmn/,null*/ʃcˈĩː/,null*/ʃtˈəːmn/,null*/ʃ?1ˈɛːɾpə/,null*/ʃtˈɛːlə/,null*/ʃpˈaːɾ/,null*/ʃpˈaːɾɡn/,null*/ʃpˈaːɾtə/,null*/ʃpˈiːlˠɛ/,null*/ʃpəlˈua̯n/,null*/ʃpˈɔ̃ːnɟə/,null*/tˈip/,null*/tˈɔ̃ːmɾ/,null*/tˈuːvlə/,null*/tətɾˈəːnɡuɾɔ̃/,null*/tɾə̃ndˈaːfl/,null*/tˈũːmbɾ/,null*/?1̬ˈɛp/,null*/dərhˈac/,null*/dɾˈapn/,null*/dɾˈiːʃt/,null*/t͡sˌaɾˈuhɛ/,null*/sˌĩmmbahˈɔːɾɔ̃/,null*/shˈĩːmbə/,null*/ɟəlˠˈua̯n/,null*/?1̬ˈʌː̹̃mɾ/,null*/jəðjˈɛːf/,null*/θˈəːmnə/,null*/ðjˈakɔ̃/,null*/həðˈið/,null*/ðˈiːsk/,null*/ðˈɔ̃ːmb/,null*/nəfˈɔːɾə/,null*/nəəʃʃˈua̯n/,null*/lˌə̃nɡˈɔː/,null*/lˈakn/,null*/lˈabɾɛkɔ̃/,null*/lə̃mˈɛːʃɛ̃ɾə/,null*/lcˈɛ̃ː/,null*/lˌivˈaðɛ/,null*/lˠəˈʌː̹̃ɲ/,null*/lˈỹːmbə/,null*/ləvˈɛð/,null*/ɾˈaːsə/,null*/ɾjˈɛ̃ːn/,null*/ɾˈiɡə/,null*/ɾˈikɛ/,null*/ɾˈɔːzə/,null*/ɾˈuːssɔ̃/,null*/ɾˈɛpɛ̃/,null*/ɾˈɔɡə/,null*/pˈaːlə/,null*/pɾcˈɛː/,null*/pɾtəɟˈĩːnnɛ̃mbə/,null*/pɾə̃ɾˈaːɾ/,null*/pəɾˈa/,null*/pˈəːɾə/,null*/pˌɛtˈaːvɾ/,null*/pjˈɛːlˠɡ/,null*/plˈɛɡɛ/,null*/pəlˠˈəːnɡ/,null*/pəlˠˈəːnɡə/,null*/plˈɔːɾ/,null*/pəɾjˈɛːlɔ̃/,null*/pɾˈaːʃ/,null*/bɾˈɛtk/,null*/bɾˈuk/,null*/fˌakjˈɔːl/,null*/fəkˈɔːlə/,null*/flˌə̃mˈuːɾ/,null*/fɾˌə̃t͡sˈɔːlə/,null*/hˈua̯ɾɡ/,null*/hˈua̯ɾfn/,null*/vˌɛlˈɛ̃ːt͡sə/,null*/mˌaɡˈiː/,null*/mˌə̃ɾuʃˈakɛ/,null*/mˌə̃ntˈiːlɛ/,null*/mˈaːɾac/,null*/mˈɛːɾðɾj/,null*/mˈɛt/,null*/mbəlˠˈaɡ/,null*/mbəʃtˈikn/,null*/mbə̃ɾˈiː/,null*/mˈɛːɾðɾɛ/,null*/mˈəːnɡn/,null*/mtˈɛhɛ/,null*/mˈitə/,null*/mkə̃ɾˈʌ̹/,null*/mˈʌː̹lˠə/
R189,,,*/hˈaːlimbə/,*/hˈəːmbɛ/,*/hˌaɾsˈɛːnkə/,*/hˈɛɡɾɛɔ/,,*/jˈɛhɔ/,,,,,*/hˈɔkɾɔ/,,,,*/kˈəːndɾ/,,*/kəkkˈuːmlˠ/,,,*/ɡɾˌafˈɛjɔ/,*/ɡɾˈəːmmbə/,,*/vəʎjˈɛː/,,,*/ʃ?1ˈɛːfəɾɔ/,*/cjˈɛːfalɔ/,,*/cˈɛːlɔ/,,,,,,*/ʃkˈəːmnɔ/,*/ʃkəmbˈiː/,,*/ʃcˈɛːmn/,*/ʃcˈiː/,*/ʃtˈəːmn/,,,,,,,,*/ʃpˈɔːnɟə/,,*/tˈɔːmɾ/,,*/tətɾˈəːnɡuɾɔ/,*/tɾəndˈaːfl/,*/tˈuːmbɾ/,,,,,,*/sˌimmbahˈɔːɾɔ/,*/shˈiːmbə/,,*/?1̬ˈʌː̹mɾ/,,*/θˈəːmnə/,*/ðjˈakɔ/,,,*/ðˈɔːmb/,,,*/lˌənɡˈɔː/,,*/lˈabɾɛkɔ/,*/ləmˈɛːʃɛɾə/,*/lcˈɛː/,,*/lˠəˈʌː̹ɲ/,*/lˈyːmbə/,,,*/ɾjˈɛːn/,,,,*/ɾˈuːssɔ/,*/ɾˈɛpɛ/,,,,*/pɾtəɟˈiːnnɛmbə/,*/pɾəɾˈaːɾ/,,*/pˈəːɾə/,,,,*/pəlˠˈəːnɡ/,*/pəlˠˈəːnɡə/,,*/pəɾjˈɛːlɔ/,,,,,,*/flˌəmˈuːɾ/,*/fɾˌət͡sˈɔːlə/,,,*/vˌɛlˈɛːt͡sə/,,*/mˌəɾuʃˈakɛ/,*/mˌəntˈiːlɛ/,,,,,,*/mbəɾˈiː/,,*/mˈəːnɡn/,,,*/mkəɾˈʌ̹/,
R190,,,,,,,,,,,,,,,,,,,,,,,,,,,,,,,,,,,,,,,,,,,,,,,,,,,,,,,,,,,,,,,,,,,,,,,,,,,,,,,,,,,,,,,,,,,,,,,,,,,,,,,,,,,,,,,,,,,,,,,,,,,,,,,,
R191,,,,,,,,,,,,,,,,,,,,,,,,,*/vəjjˈɛː/,,,,,,,,,,,,,,,,,,,,,,,,,,,,,,,,,,,,,,,,,,,,,,,,,,,,,,,,,,,,,,,,,,,,,,,,,,,,,,,,,,,,,,,,,,,,,,,,,,,,,,,
R192,*/hˌaɟˈaːzmbə/,,,,,,,,,,,,,,,,,,,,,,,,,,,,,,,,,,,,,,,,,,,,,,,,,,,,,,,,,,,,,,,,,,,,,,,,,,,,,,,,,,,,,,,,,,,,,,,,,,,,,,,,,,*/fˌacˈɔːl/,,,,,,,,,,,,,,,,,,,,,
R193,,,,,,,,,,,,,,,,,,,,,,,,,,,,,,,,,,,,,,,,,,,,,,,,,,,,,,,,,,,,,,,,,,,,,,,,,,,,,,,,,,,,,,,,,,,,,,,,,,,,,,,,,,,,,,,,,,,,,,,,,,,,,,,,
R194,,,,,,,,,,,,,,,,,,,,,,,,,,,,,,,,,,,,,,,,,,,,,,,,,,,,,,,,,,,,,,,,,,,,,,,,,,,,,,,,,,,,,,,,,,,,,,,,,,,,,,,,,,,,,,,,,,,,,,,,,,,,,,,,
R195,*/həɟˈaːzmbə/,*/həvlˈi/,,,*/həɾsˈɛːnkə/,,,,,,,,,*/kˌaləɡˈɛːɾ/,*/kətˈɔːɡ/,,,,,,,*/ɡɾəfˈɛjɔ/,,,,,,,,*/kəɾˈiː/,,,,,,,,,,,,,,,,,,,,,,,,,,,,,,,*/t͡səɾˈuhɛ/,*/sˌimmbəhˈɔːɾɔ/,,,,,,,,,,,,*/lənɡˈɔː/,,,,,*/ləvˈaðɛ/,,,,,,,,,,,,,,,,,,*/pətˈaːvɾ/,,,,,,,,,,*/fəcˈɔːl/,,*/fləmˈuːɾ/,*/fɾət͡sˈɔːlə/,,,*/vəlˈɛːt͡sə/,*/məɡˈiː/,*/mˌəɾəʃˈakɛ/,*/məntˈiːlɛ/,,,,,,,,,,,,
R196,,,,,,,,,,,,,,,,,,,,,,,,,,,,,,,,,,,,,,,,,,,,,,,,,,,,,,,,,,,,,,,,,,,,,,,,,,,,,,,,,,,,,,,,,,,,,,,,,,,,,,,,,,,,,,,,,,,,,,,,,,,,,,,,
R197,,,,,,*/hˈɛɡɾɛə/,,*/jˈɛhə/,,,,,*/hˈɔkɾə/,,,,,,,,,*/ɡɾəfˈɛjə/,,,,,,*/ʃ?1ˈɛːfəɾə/,*/cjˈɛːfalə/,,*/cˈɛːlə/,,,,,,*/ʃkˈəːmnə/,,,,,,,,,,,,,,,,,*/tətɾˈəːnɡuɾə/,,,,,,,,*/sˌimmbəhˈɔːɾə/,,,,,,*/ðjˈakə/,,,,,,,,*/lˈabɾɛkə/,,,,,,,,,,,,*/ɾˈuːssə/,,,,,,,,,,,,,,,*/pəɾjˈɛːlə/,,,,,,,,,,,,,,,,,,,,,,,,,
R198,*/həɟˈazmbə/,,*/hˈalimbə/,*/hˈəmbɛ/,*/həɾsˈɛnkə/,,*/vəjˈɛɾə/,,*/jˈɛɾmb/,*/jəðjˈɛf/,*/jəðˈɛf/,,,*/kˌaləɡˈɛɾ/,*/kətˈɔɡ/,,*/kˈəndɾ/,,*/kəkkˈumlˠ/,*/ɡəʃˈʌ̹f/,,,*/ɡɾˈəmmbə/,,*/vəjjˈɛ/,*/kəɾəʃˈi/,*/?1ˈɛɾmb/,*/ʃ?1ˈɛfəɾə/,*/cjˈɛfalə/,*/kəɾˈi/,*/cˈɛlə/,*/ʃˈaɾk/,,*/ʃˈʌ̹ʃ/,*/ʃkˈalˠ/,*/ʃkˈaɾpə/,*/ʃkˈəmnə/,*/ʃkəmbˈi/,,*/ʃcˈɛmn/,*/ʃcˈi/,*/ʃtˈəmn/,*/ʃ?1ˈɛɾpə/,*/ʃtˈɛlə/,*/ʃpˈaɾ/,*/ʃpˈaɾɡn/,*/ʃpˈaɾtə/,*/ʃpˈilˠɛ/,,*/ʃpˈɔnɟə/,,*/tˈɔmɾ/,*/tˈuvlə/,*/tətɾˈənɡuɾə/,*/tɾəndˈafl/,*/tˈumbɾ/,,,,*/dɾˈiʃt/,,*/sˌimmbəhˈɔɾə/,*/shˈimbə/,,*/?1̬ˈʌ̹mɾ/,*/jəðjˈɛf/,*/θˈəmnə/,,,*/ðˈisk/,*/ðˈɔmb/,*/nəfˈɔɾə/,,*/lənɡˈɔ/,,,*/ləmˈɛʃɛɾə/,*/lcˈɛ/,,*/lˠəˈʌ̹ɲ/,*/lˈymbə/,,*/ɾˈasə/,*/ɾjˈɛn/,,,*/ɾˈɔzə/,*/ɾˈussə/,,,*/pˈalə/,*/pɾcˈɛ/,*/pɾtəɟˈinnɛmbə/,*/pɾəɾˈaɾ/,,*/pˈəɾə/,*/pətˈavɾ/,*/pjˈɛlˠɡ/,,*/pəlˠˈənɡ/,*/pəlˠˈənɡə/,*/plˈɔɾ/,*/pəɾjˈɛlə/,*/pɾˈaʃ/,,,*/fəcˈɔl/,*/fəkˈɔlə/,*/fləmˈuɾ/,*/fɾət͡sˈɔlə/,,,*/vəlˈɛt͡sə/,*/məɡˈi/,,*/məntˈilɛ/,*/mˈaɾac/,*/mˈɛɾðɾj/,,,,*/mbəɾˈi/,*/mˈɛɾðɾɛ/,*/mˈənɡn/,,,,*/mˈʌ̹lˠə/
=Old North Tosk,null*/həɟˈazmbə/,null*/həvlˈi/,null*/hˈalimbə/,null*/hˈəmbɛ/,null*/həɾsˈɛnkə/,null*/hˈɛɡɾɛə/,null*/vəjˈɛɾə/,null*/jˈɛhə/,null*/jˈɛɾmb/,null*/jəðjˈɛf/,null*/jəðˈɛf/,null*/hˈijʒmmb/,null*/hˈɔkɾə/,null*/kˌaləɡˈɛɾ/,null*/kətˈɔɡ/,null*/kəpnˈua̯n/,null*/kˈəndɾ/,null*/kəlˈɛɟɛɾ/,null*/kəkkˈumlˠ/,null*/ɡəʃˈʌ̹f/,null*/kəɾʃətˈua̯n/,null*/ɡɾəfˈɛjə/,null*/ɡɾˈəmmbə/,null*/ɡəlˠˈua̯n/,null*/vəjjˈɛ/,null*/kəɾəʃˈi/,null*/?1ˈɛɾmb/,null*/ʃ?1ˈɛfəɾə/,null*/cjˈɛfalə/,null*/kəɾˈi/,null*/cˈɛlə/,null*/ʃˈaɾk/,null*/ʃəɾˈit?1/,null*/ʃˈʌ̹ʃ/,null*/ʃkˈalˠ/,null*/ʃkˈaɾpə/,null*/ʃkˈəmnə/,null*/ʃkəmbˈi/,null*/ʃkˈʌ̹p/,null*/ʃcˈɛmn/,null*/ʃcˈi/,null*/ʃtˈəmn/,null*/ʃ?1ˈɛɾpə/,null*/ʃtˈɛlə/,null*/ʃpˈaɾ/,null*/ʃpˈaɾɡn/,null*/ʃpˈaɾtə/,null*/ʃpˈilˠɛ/,null*/ʃpəlˈua̯n/,null*/ʃpˈɔnɟə/,null*/tˈip/,null*/tˈɔmɾ/,null*/tˈuvlə/,null*/tətɾˈənɡuɾə/,null*/tɾəndˈafl/,null*/tˈumbɾ/,null*/?1̬ˈɛp/,null*/dərhˈac/,null*/dɾˈapn/,null*/dɾˈiʃt/,null*/t͡səɾˈuhɛ/,null*/sˌimmbəhˈɔɾə/,null*/shˈimbə/,null*/ɟəlˠˈua̯n/,null*/?1̬ˈʌ̹mɾ/,null*/jəðjˈɛf/,null*/θˈəmnə/,null*/ðjˈakə/,null*/həðˈið/,null*/ðˈisk/,null*/ðˈɔmb/,null*/nəfˈɔɾə/,null*/nəəʃʃˈua̯n/,null*/lənɡˈɔ/,null*/lˈakn/,null*/lˈabɾɛkə/,null*/ləmˈɛʃɛɾə/,null*/lcˈɛ/,null*/ləvˈaðɛ/,null*/lˠəˈʌ̹ɲ/,null*/lˈymbə/,null*/ləvˈɛð/,null*/ɾˈasə/,null*/ɾjˈɛn/,null*/ɾˈiɡə/,null*/ɾˈikɛ/,null*/ɾˈɔzə/,null*/ɾˈussə/,null*/ɾˈɛpɛ/,null*/ɾˈɔɡə/,null*/pˈalə/,null*/pɾcˈɛ/,null*/pɾtəɟˈinnɛmbə/,null*/pɾəɾˈaɾ/,null*/pəɾˈa/,null*/pˈəɾə/,null*/pətˈavɾ/,null*/pjˈɛlˠɡ/,null*/plˈɛɡɛ/,null*/pəlˠˈənɡ/,null*/pəlˠˈənɡə/,null*/plˈɔɾ/,null*/pəɾjˈɛlə/,null*/pɾˈaʃ/,null*/bɾˈɛtk/,null*/bɾˈuk/,null*/fəcˈɔl/,null*/fəkˈɔlə/,null*/fləmˈuɾ/,null*/fɾət͡sˈɔlə/,null*/hˈua̯ɾɡ/,null*/hˈua̯ɾfn/,null*/vəlˈɛt͡sə/,null*/məɡˈi/,null*/mˌəɾəʃˈakɛ/,null*/məntˈilɛ/,null*/mˈaɾac/,null*/mˈɛɾðɾj/,null*/mˈɛt/,null*/mbəlˠˈaɡ/,null*/mbəʃtˈikn/,null*/mbəɾˈi/,null*/mˈɛɾðɾɛ/,null*/mˈənɡn/,null*/mtˈɛhɛ/,null*/mˈitə/,null*/mkəɾˈʌ̹/,null*/mˈʌ̹lˠə/
R199,,,,,,,,,,,,,,*/kˌaləɟˈɛɾ/,,,,,,,,,,,,,,,,,,,,,,,,,,,,,,,,,,,,,,,,,,,,,,,,,,,,,,,,,,,,,,,,,,,,,,,,*/ɾˈicɛ/,,,,,,,,,,,,,*/plˈɛɟɛ/,,,,,,,,,,,,,,,*/məɟˈi/,*/mˌəɾəʃˈacɛ/,,,,,,,,,,,,,
R200,,,,,,,,,,,,,,,,,,,,,,,,,,,,,,,,,,,,,,,,,,,,,,,,,,,,,,,,,,,,,,,,,,,,,,,,,,,,,,,,,,,,,,,,,,,,,,,,,,,,,,,,,,,,,,,,,,,,,,,,,,,,,,,,
R201,,,,,,,,,,,,,,,,,,,,,,,,,,,,*/t͡ʃ?1ˈɛfəɾə/,,,,,,,*/t͡ʃkˈalˠ/,*/t͡ʃkˈaɾpə/,*/t͡ʃkˈəmnə/,*/t͡ʃkəmbˈi/,*/t͡ʃkˈʌ̹p/,*/t͡ʃcˈɛmn/,*/t͡ʃcˈi/,*/t͡ʃtˈəmn/,*/t͡ʃ?1ˈɛɾpə/,*/t͡ʃtˈɛlə/,*/t͡ʃpˈaɾ/,*/t͡ʃpˈaɾɡn/,*/t͡ʃpˈaɾtə/,*/t͡ʃpˈilˠɛ/,*/t͡ʃpəlˈua̯n/,*/t͡ʃpˈɔnɟə/,,,,,,,,,,*/dɾˈit͡ʃt/,,,,,,,,,,,,,*/nəət͡ʃʃˈua̯n/,,,,,,,,,,,,,,,,,,,,,,,,,,,,,,,,,,,,,,,,,,,,,,,,*/mbət͡ʃtˈikn/,,,,,,,
R202,,,,,,,,,,,,,,,,,,,,,,,,,,,,,,,,,,,,,,,,,,,,,,,,,,,,,,,,,,,,,,,,,,,,,,,,,,,,,,,,,,,,,,,,,,,,,,,,,,,,,,,,,,,,,,,,,,,,,,,,,,,,,,,,
R203,,,,,,,,,,,,,,*/kaləɟˈɛɾ/,,,,,,,,,,,,,,,,,,,,,,,,,,,,,,,,,,,,,,,,,,,,,,,,*/simmbəhˈɔɾə/,,,,,,,,,,,,,,,,,,,,,,,,,,,,,,,,,,,,,,,,,,,,,,,,,,,,,*/məɾəʃˈacɛ/,,,,,,,,,,,,,
=Standard Albanian,null*/həɟˈazmbə/,null*/həvlˈi/,null*/hˈalimbə/,null*/hˈəmbɛ/,null*/həɾsˈɛnkə/,null*/hˈɛɡɾɛə/,null*/vəjˈɛɾə/,null*/jˈɛhə/,null*/jˈɛɾmb/,null*/jəðjˈɛf/,null*/jəðˈɛf/,null*/hˈijʒmmb/,null*/hˈɔkɾə/,null*/kaləɟˈɛɾ/,null*/kətˈɔɡ/,null*/kəpnˈua̯n/,null*/kˈəndɾ/,null*/kəlˈɛɟɛɾ/,null*/kəkkˈumlˠ/,null*/ɡəʃˈʌ̹f/,null*/kəɾʃətˈua̯n/,null*/ɡɾəfˈɛjə/,null*/ɡɾˈəmmbə/,null*/ɡəlˠˈua̯n/,null*/vəjjˈɛ/,null*/kəɾəʃˈi/,null*/?1ˈɛɾmb/,null*/t͡ʃ?1ˈɛfəɾə/,null*/cjˈɛfalə/,null*/kəɾˈi/,null*/cˈɛlə/,null*/ʃˈaɾk/,null*/ʃəɾˈit?1/,null*/ʃˈʌ̹ʃ/,null*/t͡ʃkˈalˠ/,null*/t͡ʃkˈaɾpə/,null*/t͡ʃkˈəmnə/,null*/t͡ʃkəmbˈi/,null*/t͡ʃkˈʌ̹p/,null*/t͡ʃcˈɛmn/,null*/t͡ʃcˈi/,null*/t͡ʃtˈəmn/,null*/t͡ʃ?1ˈɛɾpə/,null*/t͡ʃtˈɛlə/,null*/t͡ʃpˈaɾ/,null*/t͡ʃpˈaɾɡn/,null*/t͡ʃpˈaɾtə/,null*/t͡ʃpˈilˠɛ/,null*/t͡ʃpəlˈua̯n/,null*/t͡ʃpˈɔnɟə/,null*/tˈip/,null*/tˈɔmɾ/,null*/tˈuvlə/,null*/tətɾˈənɡuɾə/,null*/tɾəndˈafl/,null*/tˈumbɾ/,null*/?1̬ˈɛp/,null*/dərhˈac/,null*/dɾˈapn/,null*/dɾˈit͡ʃt/,null*/t͡səɾˈuhɛ/,null*/simmbəhˈɔɾə/,null*/shˈimbə/,null*/ɟəlˠˈua̯n/,null*/?1̬ˈʌ̹mɾ/,null*/jəðjˈɛf/,null*/θˈəmnə/,null*/ðjˈakə/,null*/həðˈið/,null*/ðˈisk/,null*/ðˈɔmb/,null*/nəfˈɔɾə/,null*/nəət͡ʃʃˈua̯n/,null*/lənɡˈɔ/,null*/lˈakn/,null*/lˈabɾɛkə/,null*/ləmˈɛʃɛɾə/,null*/lcˈɛ/,null*/ləvˈaðɛ/,null*/lˠəˈʌ̹ɲ/,null*/lˈymbə/,null*/ləvˈɛð/,null*/ɾˈasə/,null*/ɾjˈɛn/,null*/ɾˈiɡə/,null*/ɾˈicɛ/,null*/ɾˈɔzə/,null*/ɾˈussə/,null*/ɾˈɛpɛ/,null*/ɾˈɔɡə/,null*/pˈalə/,null*/pɾcˈɛ/,null*/pɾtəɟˈinnɛmbə/,null*/pɾəɾˈaɾ/,null*/pəɾˈa/,null*/pˈəɾə/,null*/pətˈavɾ/,null*/pjˈɛlˠɡ/,null*/plˈɛɟɛ/,null*/pəlˠˈənɡ/,null*/pəlˠˈənɡə/,null*/plˈɔɾ/,null*/pəɾjˈɛlə/,null*/pɾˈaʃ/,null*/bɾˈɛtk/,null*/bɾˈuk/,null*/fəcˈɔl/,null*/fəkˈɔlə/,null*/fləmˈuɾ/,null*/fɾət͡sˈɔlə/,null*/hˈua̯ɾɡ/,null*/hˈua̯ɾfn/,null*/vəlˈɛt͡sə/,null*/məɟˈi/,null*/məɾəʃˈacɛ/,null*/məntˈilɛ/,null*/mˈaɾac/,null*/mˈɛɾðɾj/,null*/mˈɛt/,null*/mbəlˠˈaɡ/,null*/mbət͡ʃtˈikn/,null*/mbəɾˈi/,null*/mˈɛɾðɾɛ/,null*/mˈənɡn/,null*/mtˈɛhɛ/,null*/mˈitə/,null*/mkəɾˈʌ̹/,null*/mˈʌ̹lˠə/
R204,,,,,,,,,,,,,,,,,,,,,,,,,,,,,*/t͡ʃjˈɛfalə/,,*/t͡ʃˈɛlə/,,,,,,,,,*/t͡ʃt͡ʃˈɛmn/,*/t͡ʃt͡ʃˈi/,,,,,,,,,,,,,,,,,*/dərhˈat͡ʃ/,,,,,,,,,,,,,,,,,,,,*/lt͡ʃˈɛ/,,,,,,,,*/ɾˈit͡ʃɛ/,,,,,,*/pɾt͡ʃˈɛ/,,,,,,,,,,,,,,,*/fət͡ʃˈɔl/,,,,,,,,*/məɾəʃˈat͡ʃɛ/,,*/mˈaɾat͡ʃ/,,,,,,,,,,,
R205,,,,,,,,,,,,,,,,,*/kˈənɾ/,,,,,,,,,,,,,,,,,,,,,,,,,,,,,,,,,,,,,,*/tɾənˈafl/,,,,,,,,,,,,,,,,,,,,,,,,,,,,,,,,,,,,,,,,,,,,,,,,,,,,,,,,,,,,,,,,,,,,,,,,,
