ID,CFR_prediction,gold,rawLevenshteinED,phonemewiseLevenshteinED,featureED,pred_phone_length,gold_phone_length
0,*/ajˈazmə/,/ajˈazmə/,0,0.0,0.0,6,6
1,*/hadynˈɔj/,/aɟəɾˈɔj/,4,0.6666666666666666,0.9038461538461539,7,6
2,*/aðəɾˈɔj/,/aðəɾˈɔj/,0,0.0,0.0,6,6
3,*/aðuɾˈɔj/,/aðuɾˈɔj/,0,0.0,0.0,6,6
4,*/aɾɡˈɔvə/,/aɾɡˈɔvə/,0,0.0,0.0,6,6
5,*/aɾcˈitə/,/aɾcˈitə/,0,0.0,0.0,6,6
6,*/aɾdɛnˈit͡sə/,/aɾdɛnˈit͡sə/,0,0.0,0.0,8,8
7,*/arsˈye̯/,/aɾsˈye̯/,1,0.2,0.057692307692307696,5,5
8,*/harˈuɲ/,/aɾnˈɔj/,5,1.0,0.8653846153846154,5,5
9,*/əlbəɾˈɛʃ/,/aɾbəɾˈɛʃ/,2,0.2857142857142857,0.19230769230769232,7,7
10,*/aɾmˈik/,/aɾmˈik/,0,0.0,0.0,5,5
12,*/arˈij/,/arˈij/,0,0.0,0.0,4,4
13,*/avˈit/,/avˈit/,0,0.0,0.0,4,4
14,*/avlˠˈi/,/avlˠˈi/,0,0.0,0.0,4,4
15,*/avləmˈɛnd/,/avləmˈɛnd/,0,0.0,0.0,8,8
16,*/ˈaj/,/ˈaj/,0,0.0,0.0,2,2
17,*/ˈajəɾ/,/ˈajəɾ/,0,0.0,0.0,4,4
18,*/ˈaʃkəl/,/ˈaʃkəl/,0,0.0,0.0,5,5
19,*/ˈaʃpəɾ/,/ˈaʃpəɾ/,0,0.0,0.0,5,5
20,*/hˈalɔm/,/ˈaləm/,2,0.5,0.5961538461538461,5,4
21,*/ˈaɾ/,/ˈaɾ/,0,0.0,0.0,2,2
22,*/ˈaɾɡə/,/ˈaɾə/,1,0.3333333333333333,0.5,4,3
23,*/ˈaɾk/,/ˈaɾk/,0,0.0,0.0,3,3
24,*/ˈaɾkə/,/ˈaɾkə/,0,0.0,0.0,4,4
25,*/ˈalbəɾ/,/ˈaɾbəɾ/,1,0.2,0.09615384615384616,5,5
26,*/ˈaɾmə/,/ˈaɾmə/,0,0.0,0.0,4,4
27,*/ˈaft/,/ˈaft/,0,0.0,0.0,3,3
28,*/ˈəmɛ/,/ˈamɛ/,1,0.3333333333333333,0.09615384615384616,3,3
29,*/haɾabˈɛl/,/haɾabˈɛl/,0,0.0,0.0,7,7
30,*/havərˈɔj/,/harˈɔj/,2,0.4,1.1153846153846154,7,5
31,*/habˈit/,/habˈit/,0,0.0,0.0,5,5
32,*/haɾməʃˈɔɾ/,/hamʃˈɔɾ/,2,0.3333333333333333,1.1153846153846154,8,6
33,*/hˈah/,/hˈah/,0,0.0,0.0,3,3
34,*/ˈaɾk/,/hˈaɾk/,1,0.25,0.46153846153846156,3,4
35,*/hɛtˈɔj/,/hɛtˈɔj/,0,0.0,0.0,5,5
36,*/hɛɾmˈɔj/,/hɛɾmˈɔj/,0,0.0,0.0,6,6
37,*/hˈaʃtə/,/hˈɛʃtə/,1,0.2,0.07692307692307693,5,5
38,*/hˈɛɾə/,/hˈɛɾə/,0,0.0,0.0,4,4
39,*/ŋɡəlˠˈɔj/,/hiŋɡəlˠˈɔj/,2,0.25,1.0,6,8
40,*/hitˈat/,/hitˈat/,0,0.0,0.0,5,5
41,*/hˈiŋɡəl/,/hˈiŋɡəl/,0,0.0,0.0,6,6
42,*/hɔɾmˈɔvə/,/hɔɾmˈɔvə/,0,0.0,0.0,7,7
43,*/jˈɔk/,/hˈɔkə/,2,0.5,0.75,3,4
44,*/hˈɔɾə/,/hˈɔɾə/,0,0.0,0.0,4,4
45,*/hukˈat/,/hukˈat/,0,0.0,0.0,5,5
46,*/vˈɛt/,/hˈut/,2,0.6666666666666666,0.46153846153846156,3,3
47,*/əltˈɛɾ/,/əltˈɛɾ/,0,0.0,0.0,5,5
48,*/aɾsˈɛŋɡə/,/əɾsˈiŋɡə/,2,0.2857142857142857,0.17307692307692307,7,7
49,*/ˈəɲɟəlˠ/,/ˈəɲɟəlˠ/,0,0.0,0.0,5,5
50,*/tə/,/ɛ/,2,2.0,0.5769230769230769,2,1
51,*/aɾɣˈɛn/,/ɛɾzˈɛn/,2,0.4,0.28846153846153844,5,5
52,*/ˈaɡəʎ/,/ˈɛɡəɾ/,2,0.5,0.34615384615384615,4,4
53,*/ˈəɲɟəlˠ/,/ˈɛɲɟəlˠ/,1,0.2,0.057692307692307696,5,5
54,*/ˈɛʃkə/,/ˈɛʃkə/,0,0.0,0.0,4,4
55,*/hjˈɛð/,/ˈɛð/,2,1.0,0.75,4,2
56,*/ndˈɛmɛ/,/ˈɛndɛm/,3,0.6,1.2115384615384615,5,5
57,*/ˈɛɾə/,/ˈɛɾə/,0,0.0,0.0,3,3
58,*/ˈɛmtə/,/ˈɛmtə/,0,0.0,0.0,4,4
59,*/ɟəɾˈua̯ɾ/,/janˈaɾ/,5,1.0,1.1730769230769231,6,5
60,*/jaɾˈinə/,/jaɾˈinə/,0,0.0,0.0,6,6
61,*/jaɾˈua̯/,/jaɾˈua̯/,0,0.0,0.0,5,5
62,*/ˈɛz/,/jˈaz/,2,0.6666666666666666,0.5384615384615384,2,3
63,*/jˈaɾm/,/jˈaɾm/,0,0.0,0.0,4,4
64,*/jˈɛh/,/jˈɛh/,0,0.0,0.0,3,3
65,*/jˈɛtə/,/jˈɛtə/,0,0.0,0.0,4,4
66,*/ˈɛzəɾ/,/jˈɛzɛɾ/,2,0.4,0.5192307692307693,4,5
67,*/jˈɛɾm/,/jˈɛɾm/,0,0.0,0.0,4,4
68,*/jɔzˈɛf/,/jɔzˈɛf/,0,0.0,0.0,5,5
69,*/jɔzˈif/,/jɔzˈif/,0,0.0,0.0,5,5
70,*/jˈuɡ/,/jˈuɡ/,0,0.0,0.0,3,3
71,*/jˈud/,/jˈud/,0,0.0,0.0,3,3
72,*/ləcˈɛt/,/ilcˈɛt/,2,0.4,0.5961538461538461,5,5
73,*/ˈɛɾc/,/iɾˈic/,2,0.5,0.7884615384615384,3,4
74,*/ˈijə/,/ˈijə/,0,0.0,0.0,3,3
75,*/ʃˈəm/,/ˈiʃəm/,2,0.5,0.8076923076923077,3,4
76,*/ˈiʃulˠ/,/ˈiʃulˠ/,0,0.0,0.0,4,4
77,*/ˈiskəɾ/,/ˈiskəɾ/,0,0.0,0.0,5,5
78,*/ˈilc/,/ˈilcɛ/,1,0.25,0.5384615384615384,3,4
79,*/ˈiɾə/,/ˈiɾə/,0,0.0,0.0,3,3
80,*/ˈivə/,/ˈivə/,0,0.0,0.0,3,3
81,*/yndˈyɾə/,/yndˈyɾə/,0,0.0,0.0,6,6
82,*/vwˈɛj/,/ˈye̯j/,3,1.0,0.8846153846153846,4,3
83,*/ɔcˈitə/,/ɔkˈitə/,1,0.2,0.07692307692307693,5,5
84,*/ɔɡɾˈɔjə/,/ɔɡɾˈajə/,1,0.16666666666666666,0.23076923076923078,6,6
85,*/ɔtˈavə/,/ɔtˈavə/,0,0.0,0.0,5,5
86,*/ɔɾəndˈi/,/ɔɾəndˈi/,0,0.0,0.0,6,6
87,*/ɔbɾˈɔk/,/ɔɾˈɔk/,1,0.25,0.4807692307692308,5,4
88,*/ɔpˈəŋɡə/,/ɔpˈəŋɡə/,0,0.0,0.0,6,6
89,*/ɔbˈɔɾ/,/ɔbˈɔr/,1,0.25,0.057692307692307696,4,4
90,*/ɔblˈəŋɡ/,/ɔblˠˈəŋɡ/,1,0.16666666666666666,0.07692307692307693,6,6
91,*/hˈɛkəɾ/,/ˈɔkəɾ/,2,0.5,0.5769230769230769,5,4
92,*/ˈɔiʃtə/,/ˈɔʃtə/,1,0.25,0.6538461538461539,5,4
93,*/kalˠˈɔɡəɾ/,/kalˠˈɔɟɛɾ/,2,0.2857142857142857,0.1346153846153846,7,7
94,*/kalˠnˈɔɾ/,/kalˠnˈɔɾ/,0,0.0,0.0,6,6
95,*/kalˠmˈɛt/,/kalˠmˈɛt/,0,0.0,0.0,6,6
96,*/kɔʃˈalə/,/kat͡ʃˈilə/,3,0.5,0.36538461538461536,6,6
97,*/kat͡ʃuɾˈɛl/,/kat͡ʃurˈɛl/,1,0.14285714285714285,0.057692307692307696,7,7
98,*/kat͡ʃˈul/,/kat͡ʃˈul/,0,0.0,0.0,5,5
99,*/kat͡ʃˈubə/,/kat͡ʃˈubə/,0,0.0,0.0,6,6
100,*/kat͡ʃˈubəl/,/kat͡ʃˈubəl/,0,0.0,0.0,7,7
101,*/kaʃɲˈɛt/,/kaʃɲˈɛt/,0,0.0,0.0,6,6
102,*/kazˈuh/,/kaʒˈup/,2,0.4,0.3269230769230769,5,5
103,*/kɔʃˈalə/,/katˈilə/,3,0.5,0.5192307692307693,6,6
104,*/katˈua̯/,/katˈua̯/,0,0.0,0.0,5,5
105,*/kadˈit/,/kadˈit/,0,0.0,0.0,5,5
106,*/kastɾavˈɛt͡s/,/kastɾavˈɛt͡s/,0,0.0,0.0,9,9
107,*/kasnˈɛt͡s/,/kasnˈɛt͡s/,0,0.0,0.0,6,6
108,*/kalibˈɔb/,/kalibˈɔb/,0,0.0,0.0,7,7
109,*/kɔlˈibə/,/kalˈibə/,1,0.16666666666666666,0.23076923076923078,6,6
110,*/kalˈɛɾəs/,/kalˈɔɾəs/,1,0.14285714285714285,0.15384615384615385,7,7
111,*/kalˈɛɾ/,/kalˈua̯ɾ/,2,0.3333333333333333,0.8269230769230769,5,6
112,*/kaɾavˈajə/,/kaɾavˈɛlə/,2,0.25,0.34615384615384615,8,8
113,*/kaɾˈit͡sə/,/kaɾˈit͡sə/,0,0.0,0.0,6,6
114,*/kəɾkˈat/,/kaɾkˈat/,1,0.16666666666666666,0.09615384615384616,6,6
115,*/kɔrˈiɡə/,/karˈiɡə/,1,0.16666666666666666,0.23076923076923078,6,6
116,*/kaɾˈutə/,/karˈutə/,1,0.16666666666666666,0.057692307692307696,6,6
117,*/kaɾˈup/,/karˈup/,1,0.2,0.057692307692307696,5,5
118,*/kapˈɛlə/,/kapˈɛlə/,0,0.0,0.0,6,6
119,*/kapˈit/,/kapˈit/,0,0.0,0.0,5,5
120,*/kapˈua̯/,/kapˈua̯/,0,0.0,0.0,5,5
121,*/kəftˈinə/,/kaptˈinə/,2,0.2857142857142857,0.19230769230769232,7,7
122,*/kapɾˈua̯lˠ/,/kapɾˈua̯lˠ/,0,0.0,0.0,7,7
123,*/kafʃˈatə/,/kafʃˈatə/,0,0.0,0.0,7,7
124,*/kafʃˈɔj/,/kafʃˈɔj/,0,0.0,0.0,6,6
125,*/kəmˈit͡sə/,/kamˈit͡sə/,1,0.16666666666666666,0.09615384615384616,6,6
126,*/kˈalˠm/,/kˈalˠm/,0,0.0,0.0,4,4
127,*/kˈat͡ʃ/,/kˈat͡ʃ/,0,0.0,0.0,3,3
128,*/kˈaʃulˠ/,/kˈat͡ʃulə/,3,0.5,0.5961538461538461,5,6
129,*/kˈaʃtə/,/kˈaʃtə/,0,0.0,0.0,5,5
130,*/kˈɔtəɾ/,/kˈatəɾ/,1,0.2,0.23076923076923078,5,5
131,*/kˈanə/,/kˈanə/,0,0.0,0.0,4,4
132,*/kˈəndəɾ/,/kˈandəɾ/,1,0.16666666666666666,0.09615384615384616,6,6
133,*/kˈal/,/kˈalə/,1,0.25,0.46153846153846156,3,4
134,*/kˈaltə/,/kˈaltə/,0,0.0,0.0,5,5
135,*/cˈɛltəɾ/,/kˈaltəɾ/,2,0.3333333333333333,0.15384615384615385,6,6
136,*/kˈaɾtə/,/kˈaɾtə/,0,0.0,0.0,5,5
137,*/kˈaɾtə/,/kˈaɾtə/,0,0.0,0.0,5,5
138,*/kˈarə/,/kˈarə/,0,0.0,0.0,4,4
139,*/kˈafkə/,/kˈafkə/,0,0.0,0.0,5,5
140,*/kˈafʃə/,/kˈafʃə/,0,0.0,0.0,5,5
141,*/kˈam/,/kˈam/,0,0.0,0.0,3,3
142,*/kə/,/kə/,0,0.0,0.0,2,2
143,*/kəɲɟˈɛl/,/kəɲɟˈɛl/,0,0.0,0.0,6,6
144,*/kuʃˈal/,/kəʃˈilˠ/,3,0.6,0.3269230769230769,5,5
145,*/kəlt͡ʃˈyɾə/,/kəʃˈyɾə/,2,0.3333333333333333,0.6346153846153846,7,6
146,*/ɡəʃtˈəɾə/,/kəʃtˈəɾ/,2,0.3333333333333333,0.5192307692307693,7,6
147,*/kəʃcˈɛlə/,/kəʃtjˈɛlˠə/,3,0.375,0.7692307692307693,7,8
149,*/kənˈatə/,/kənˈatə/,0,0.0,0.0,6,6
150,*/kənˈɛt/,/kənˈɛt/,0,0.0,0.0,5,5
151,*/kəndˈɛlˠə/,/kəndˈɛlˠə/,0,0.0,0.0,7,7
152,*/kəndˈɔj/,/kəndˈɔj/,0,0.0,0.0,6,6
153,*/kəlt͡ʃˈyɾə/,/kəlt͡ʃˈyɾə/,0,0.0,0.0,7,7
154,*/kalʃˈɛɲt/,/kəlʃˈɛɲt/,1,0.14285714285714285,0.09615384615384616,7,7
155,*/kəɾkˈɔj/,/kəɾkˈɔj/,0,0.0,0.0,6,6
156,*/kəɾcˈɛlə/,/kəɾcˈɛlə/,0,0.0,0.0,7,7
157,*/kəɾʃnˈɛl/,/kəɾʃəndˈɛl/,2,0.2222222222222222,1.0769230769230769,7,9
158,*/kəʃtˈɛɾə/,/kəɾʃtˈɛɾə/,1,0.125,0.5576923076923077,7,8
159,*/kɾisˈat/,/kəɾt͡sˈat/,3,0.5,0.6923076923076923,6,6
160,*/kəɾt͡sˈu/,/kəɾt͡sˈu/,0,0.0,0.0,5,5
161,*/kəɾbˈat͡ʃ/,/kəɾbˈat͡ʃ/,0,0.0,0.0,6,6
162,*/kɔrˈutə/,/kərˈutə/,1,0.16666666666666666,0.1346153846153846,6,6
163,*/kapˈujə/,/kəpˈujə/,1,0.16666666666666666,0.09615384615384616,6,6
164,*/kəɾpˈus/,/kəpˈus/,1,0.2,0.4423076923076923,6,5
165,*/kapɾˈɛʃt/,/kəpɾˈɛʃ/,2,0.3333333333333333,0.4807692307692308,7,6
166,*/kəmˈɛʃə/,/kəmˈiʃə/,1,0.16666666666666666,0.07692307692307693,6,6
167,*/kəmˈiʃt/,/kəmˈiʃt/,0,0.0,0.0,6,6
168,*/kəmbˈɛj/,/kəmbˈɛj/,0,0.0,0.0,6,6
169,*/kəmbˈɔɾə/,/kəmbˈɔɾə/,0,0.0,0.0,7,7
170,*/kˈəŋɡə/,/kˈəŋɡə/,0,0.0,0.0,5,5
171,*/kˈəlˠk/,/kˈəlˠk/,0,0.0,0.0,4,4
172,*/kˈənd/,/kˈənd/,0,0.0,0.0,4,4
173,*/kˈəndəɾ/,/kˈəndəɾ/,0,0.0,0.0,6,6
174,*/kˈəndəɾ/,/kˈəndər/,1,0.16666666666666666,0.057692307692307696,6,6
175,*/kˈəɾt͡s/,/kˈəɾt͡s/,0,0.0,0.0,4,4
176,*/kˈəɾp/,/kˈəɾp/,0,0.0,0.0,4,4
177,*/kˈəɾpə/,/kˈəɾpə/,0,0.0,0.0,5,5
178,*/kˈəmbə/,/kˈəmbə/,0,0.0,0.0,5,5
179,*/cəmˈɛnd/,/kɛlmˈɛnd/,3,0.42857142857142855,0.6153846153846154,6,7
180,*/cˈɛʃə/,/kˈiʃə/,2,0.5,0.15384615384615385,4,4
181,*/kuɾtˈyɾə/,/kyptˈyɾə/,2,0.2857142857142857,0.25,7,7
182,*/cˈut͡ʃ/,/kˈyt͡ʃ/,2,0.6666666666666666,0.15384615384615385,3,3
183,*/ɡɾˈɛlə/,/kɔjɾˈilə/,4,0.5714285714285714,1.4038461538461537,5,7
184,*/kɔŋɡˈɔl/,/kɔŋkˈɔl/,1,0.16666666666666666,0.038461538461538464,6,6
185,*/kɔsˈit/,/kɔsˈit/,0,0.0,0.0,5,5
186,*/kɔsˈɔɾ/,/kɔsˈɔɾɛ/,1,0.16666666666666666,0.5576923076923077,5,6
187,*/kɔðɾˈand/,/kɔðɾˈand/,0,0.0,0.0,7,7
188,*/kunˈujkə/,/kɔnˈuɾkə/,2,0.2857142857142857,0.36538461538461536,7,7
189,*/kalˈɛʃkə/,/kɔlˈɛʃkə/,1,0.14285714285714285,0.23076923076923078,7,7
190,*/kɔlˈibə/,/kɔlˈibɛ/,1,0.16666666666666666,0.057692307692307696,6,6
191,*/kɔɾˈit/,/kɔɾˈit/,0,0.0,0.0,5,5
192,*/kɔɾˈitə/,/kɔɾˈitə/,0,0.0,0.0,6,6
193,*/kɔɾˈubə/,/kɔɾˈubə/,0,0.0,0.0,6,6
194,*/kɔpˈit͡sə/,/kɔpˈit͡sə/,0,0.0,0.0,6,6
195,*/kɔpˈil/,/kɔpˈil/,0,0.0,0.0,5,5
196,*/kuftˈaɾ/,/kɔftˈɔɾ/,2,0.3333333333333333,0.3076923076923077,6,6
197,*/kɔvˈat͡ʃ/,/kɔvˈat͡ʃ/,0,0.0,0.0,5,5
198,*/kˈɔk/,/kˈɔk/,0,0.0,0.0,3,3
199,*/kˈɔkə/,/kˈɔkə/,0,0.0,0.0,4,4
200,*/kˈɔl/,/kˈɔlˠ/,1,0.3333333333333333,0.07692307692307693,3,3
201,*/kˈɔʃ/,/kˈɔʃ/,0,0.0,0.0,3,3
202,*/kˈɔʃ/,/kˈɔʃ/,0,0.0,0.0,3,3
203,*/kˈɔdəɾ/,/kˈɔdəɾ/,0,0.0,0.0,5,5
204,*/kˈɔst/,/kˈɔt͡s/,2,0.6666666666666666,0.3269230769230769,4,3
205,*/kˈɔzəlt͡sə/,/kˈɔt͡sə/,3,0.75,1.6923076923076923,7,4
206,*/kˈɔt͡sə/,/kˈɔt͡sə/,0,0.0,0.0,4,4
207,*/kˈɔs/,/kˈɔs/,0,0.0,0.0,3,3
208,*/kˈɔsə/,/kˈɔsə/,0,0.0,0.0,4,4
209,*/kˈɔstəɾ/,/kˈɔstəɾ/,0,0.0,0.0,6,6
210,*/kˈɔɾə/,/kˈɔɾə/,0,0.0,0.0,4,4
211,*/kˈɔɾə/,/kˈɔɾə/,0,0.0,0.0,4,4
212,*/kˈɔɾɛ/,/kˈɔɾɛ/,0,0.0,0.0,4,4
213,*/kˈɔɾt͡ʃə/,/kˈɔɾt͡ʃə/,0,0.0,0.0,5,5
214,*/kˈɔɾt/,/kˈɔɾt/,0,0.0,0.0,4,4
215,*/kˈɔɾtə/,/kˈɔɾtə/,0,0.0,0.0,5,5
216,*/kˈɔɾðə/,/kˈɔɾðə/,0,0.0,0.0,5,5
217,*/kˈɔɾðə/,/kˈɔɾðə/,0,0.0,0.0,5,5
218,*/kˈɔɾp/,/kˈɔɾp/,0,0.0,0.0,4,4
219,*/kˈɔɾb/,/kˈɔɾb/,0,0.0,0.0,4,4
220,*/kˈɔɾbulˠ/,/kˈɔɾbulˠ/,0,0.0,0.0,6,6
221,*/kˈɔpəɾ/,/kˈɔpəɾ/,0,0.0,0.0,5,5
222,*/kˈɔb/,/kˈɔb/,0,0.0,0.0,3,3
223,*/kˈɔfʃə/,/kˈɔfʃə/,0,0.0,0.0,5,5
224,*/kˈɔmə/,/kˈɔmə/,0,0.0,0.0,4,4
225,*/kalˠpˈit/,/klˠapˈit/,2,0.3333333333333333,0.8461538461538461,6,6
226,*/klˠˈəndə/,/klˠˈandə/,1,0.16666666666666666,0.09615384615384616,6,6
227,*/kˈalˠpə/,/klˠˈapə/,2,0.4,0.8461538461538461,5,5
228,*/kɔlˠt͡ʃˈit/,/klˠɔt͡ʃˈit/,2,0.3333333333333333,0.7692307692307693,6,6
229,*/klˠˈɔɟəɾ/,/klˠˈɔɟəɾ/,0,0.0,0.0,6,6
230,*/kujtˈɔj/,/kujtˈɔj/,0,0.0,0.0,6,6
231,*/kujɾˈi/,/kujɾˈi/,0,0.0,0.0,5,5
232,*/kukˈat/,/kukˈat/,0,0.0,0.0,5,5
233,*/kukˈutə/,/kukˈutə/,0,0.0,0.0,6,6
234,*/kɔŋɡˈɔj/,/kuŋɡˈɔj/,1,0.16666666666666666,0.07692307692307693,6,6
235,*/kulˠˈɔj/,/kulˠˈɔj/,0,0.0,0.0,5,5
236,*/kulˠˈɔʃtəɾ/,/kulˠˈɔʃtəɾ/,0,0.0,0.0,8,8
237,*/kulˠumˈɛsə/,/kulˠumˈɛsə/,0,0.0,0.0,8,8
238,*/kulˠumbɾˈi/,/kulˠumbɾˈi/,0,0.0,0.0,8,8
239,*/kuɲˈɔj/,/kuɲˈɔj/,0,0.0,0.0,5,5
240,*/kuʃəɾˈi/,/kuʃəɾˈi/,0,0.0,0.0,6,6
241,*/kuʃˈɔvə/,/kuʃˈɔvə/,0,0.0,0.0,6,6
242,*/kuʃtˈɔj/,/kuʃtˈɔj/,0,0.0,0.0,6,6
243,*/ɡuʃəɾtˈɔj/,/kuʃtɾˈɔj/,3,0.42857142857142855,0.7884615384615384,8,7
244,*/ɡutəndˈɔj/,/kutəndˈɔj/,1,0.125,0.038461538461538464,8,8
245,*/kunˈat/,/kunˈat/,0,0.0,0.0,5,5
246,*/kundəɾʃtˈaɾ/,/kundəɾʃtˈaɾ/,0,0.0,0.0,10,10
247,*/kundˈɔj/,/kundˈɔj/,0,0.0,0.0,6,6
248,*/kundɾˈua̯lˠ/,/kundɾˈua̯lˠ/,0,0.0,0.0,8,8
249,*/kɔlˠˈat͡ʃ/,/kulˈat͡ʃ/,2,0.4,0.15384615384615385,5,5
250,*/kulˈɛɾ/,/kulˈaɾ/,1,0.2,0.07692307692307693,5,5
251,*/kɔlˈaɾ/,/kulˈaɾ/,1,0.2,0.07692307692307693,5,5
252,*/kəɾt͡ʃˈɛdəɾ/,/kulʃˈɛdəɾ/,3,0.375,0.3269230769230769,8,8
253,*/kuɾˈɔɾə/,/kuɾˈɔɾə/,0,0.0,0.0,6,6
254,*/kuɾtˈinə/,/kuɾtˈinə/,0,0.0,0.0,7,7
255,*/kuɾsˈɛj/,/kuɾsˈɛj/,0,0.0,0.0,6,6
256,*/kuɾbˈi/,/kuɾbˈi/,0,0.0,0.0,5,5
257,*/kuptˈɔj/,/kuptˈɔj/,0,0.0,0.0,6,6
258,*/kuplˈik/,/kuplˈik/,0,0.0,0.0,6,6
259,*/kufˈij/,/kufˈi/,1,0.25,0.38461538461538464,5,4
260,*/kuvəndˈɔj/,/kuvɛndˈɔj/,1,0.125,0.057692307692307696,8,8
261,*/kuvˈɛnd/,/kuvˈɛnd/,0,0.0,0.0,6,6
262,*/kumˈɛɾc/,/kumˈɛɾc/,0,0.0,0.0,6,6
263,*/kuptˈɔj/,/kumtˈɔj/,1,0.16666666666666666,0.17307692307692307,6,6
264,*/kˈua̯ɾ/,/kˈua̯/,1,0.3333333333333333,0.5384615384615384,4,3
265,*/kˈal/,/kˈua̯j/,3,0.75,0.8846153846153846,3,4
266,*/kˈua̯ɾ/,/kˈua̯ɾ/,0,0.0,0.0,4,4
267,*/kˈukə/,/kˈukə/,0,0.0,0.0,4,4
268,*/kˈukuɾ/,/kˈukuɾ/,0,0.0,0.0,5,5
269,*/kˈuŋɡə/,/kˈuŋɡə/,0,0.0,0.0,5,5
270,*/kˈumulˠ/,/kˈulˠm/,3,0.75,1.1730769230769231,5,4
271,*/kˈɔc/,/kˈuc/,1,0.3333333333333333,0.07692307692307693,3,3
272,*/kˈuɲ/,/kˈuɲ/,0,0.0,0.0,3,3
273,*/kˈut͡ʃ/,/kˈut͡ʃ/,0,0.0,0.0,3,3
274,*/kˈuʃulˠ/,/kˈuʃulˠ/,0,0.0,0.0,5,5
275,*/kˈut/,/kˈut/,0,0.0,0.0,3,3
276,*/kˈut/,/kˈut/,0,0.0,0.0,3,3
277,*/ŋɡˈuð/,/kˈuð/,2,0.6666666666666666,0.5384615384615384,4,3
278,*/ŋɡˈuðəɾ/,/kˈuðəɾ/,2,0.4,0.5384615384615384,6,5
279,*/kˈundəɾ/,/kˈundəɾ/,0,0.0,0.0,6,6
280,*/kˈulˠə/,/kˈulə/,1,0.25,0.07692307692307693,4,4
281,*/kˈuɾtə/,/kˈultə/,1,0.2,0.09615384615384616,5,5
282,*/kˈultəɾ/,/kˈultəɾ/,0,0.0,0.0,6,6
283,*/kˈəlbə/,/kˈulbə/,1,0.2,0.17307692307692307,5,5
284,*/kˈulm/,/kˈulm/,0,0.0,0.0,4,4
285,*/kˈuɾt/,/kˈuɾt/,0,0.0,0.0,4,4
286,*/kˈuɾvə/,/kˈuɾvə/,0,0.0,0.0,5,5
287,*/kˈup/,/kˈup/,0,0.0,0.0,3,3
288,*/kˈupə/,/kˈupə/,0,0.0,0.0,4,4
289,*/kˈum/,/kˈum/,0,0.0,0.0,3,3
290,*/kˈumə/,/kˈumə/,0,0.0,0.0,4,4
291,*/kˈumulˠ/,/kˈumulˠ/,0,0.0,0.0,5,5
292,*/kˈumt/,/kˈumt/,0,0.0,0.0,4,4
293,*/kˈumtəɾ/,/kˈumtəɾ/,0,0.0,0.0,6,6
294,*/kukˈuməlˠ/,/kˈumbulˠ/,4,0.6666666666666666,1.3846153846153846,7,6
296,*/cɛtˈyɾə/,/klytˈyɾə/,3,0.42857142857142855,1.0,6,7
297,*/kɾˈit/,/kɾahˈit/,2,0.3333333333333333,1.2307692307692308,4,6
298,*/kɾˈinə/,/kɾahˈinə/,2,0.2857142857142857,1.2307692307692308,5,7
299,*/kɾˈa/,/kɾˈah/,1,0.25,0.46153846153846156,3,4
300,*/kɾˈɛt/,/kɾˈat/,1,0.25,0.07692307692307693,4,4
301,*/kəɾtˈyɾə/,/kɾɛatˈyɾə/,3,0.375,1.0,7,8
302,*/kɾɛzmˈɔj/,/kɾɛzmˈɔj/,0,0.0,0.0,7,7
303,*/kɾˈɛtk/,/kɾˈɛkə/,2,0.4,0.5,5,5
304,*/kɾˈɛʃtə/,/kɾˈɛʃtə/,0,0.0,0.0,6,6
305,*/kɾˈɛʃpə/,/kɾˈɛʃpə/,0,0.0,0.0,6,6
306,*/kɔrˈiʒmə/,/kɾˈɛʒmə/,3,0.5,0.8653846153846154,7,6
307,*/kɾˈɛzmə/,/kɾˈɛzəm/,2,0.3333333333333333,0.46153846153846156,6,6
308,*/kɾˈye̯l/,/kɾˈɛl/,2,0.5,0.5769230769230769,5,4
309,*/kɾˈapulˠ/,/kɾˈɛpulˠ/,1,0.16666666666666666,0.07692307692307693,6,6
310,*/kɾijˈɛsə/,/kɾijˈɛsə/,0,0.0,0.0,7,7
311,*/kɾˈua̯j/,/kɾijˈɔj/,3,0.5,0.9230769230769231,5,6
312,*/kəʃtˈɛɾə/,/kɾiʃtˈɛɾə/,2,0.25,0.7115384615384616,7,8
313,*/kɾˈiʃt/,/kɾˈiʃt/,0,0.0,0.0,5,5
314,*/ɡɾˈivə/,/kɾˈifɛ/,3,0.6,0.1346153846153846,5,5
315,*/kɾˈye̯ɾ/,/kɾˈye̯/,1,0.25,0.5,5,4
316,*/kɾˈuc/,/kɾˈyc/,1,0.25,0.07692307692307693,4,4
317,*/kurˈɛkulˠ/,/kɾɔɲɟˈilˠ/,5,0.7142857142857143,1.3461538461538463,7,7
318,*/kɾˈɔkulˠ/,/kɾˈɔkulˠ/,0,0.0,0.0,6,6
319,*/kˈuʃkəɾ/,/kɾˈuʃk/,3,0.6,1.8076923076923077,6,5
320,*/kɾˈuʃk/,/kɾˈuʃk/,0,0.0,0.0,5,5
321,*/kariklˠˈɔj/,/kriklˠˈɔj/,1,0.14285714285714285,0.7307692307692307,8,7
323,*/ɡatˈua̯j/,/ɡatˈua̯j/,0,0.0,0.0,6,6
324,*/ɡazmˈɛnd/,/ɡazmˈɛnd/,0,0.0,0.0,7,7
325,*/ɡalˈinə/,/ɡalˈinə/,0,0.0,0.0,6,6
326,*/ɡamˈit/,/ɡamˈit/,0,0.0,0.0,5,5
327,*/ɡˈaj/,/ɡˈaj/,0,0.0,0.0,3,3
328,*/ɡˈajkə/,/ɡˈajɡə/,1,0.2,0.038461538461538464,5,5
329,*/ɡˈalˠvə/,/ɡˈalˠvə/,0,0.0,0.0,5,5
330,*/ɡˈat/,/ɡˈat/,0,0.0,0.0,3,3
331,*/ɡˈatə/,/ɡˈatə/,0,0.0,0.0,4,4
332,*/ɡˈaz/,/ɡˈaz/,0,0.0,0.0,3,3
333,*/ɡˈajə/,/ɡˈalə/,1,0.25,0.2692307692307692,4,4
334,*/ɡˈalɡulˠ/,/ɡˈaɾɡulˠ/,1,0.16666666666666666,0.09615384615384616,6,6
335,*/ɡˈaɾðə/,/ɡˈaɾðə/,0,0.0,0.0,5,5
336,*/kˈavuɾ/,/ɡˈavəɾ/,2,0.4,0.21153846153846154,5,5
337,*/kˈalˠə/,/ɡˈavəɾ/,3,0.6,0.8461538461538461,4,5
338,*/ɡəlˠtˈit/,/ɡəlˠtˈit/,0,0.0,0.0,6,6
339,*/ɡəʃtˈɛɲə/,/ɡəʃtˈɛɲə/,0,0.0,0.0,7,7
340,*/ɡaʃˈɔf/,/ɡəzˈɔf/,2,0.4,0.25,5,5
341,*/ɡəlcˈɛɾɛ/,/ɡəlcˈɛɾɛ/,0,0.0,0.0,7,7
342,*/ɡəlbˈazə/,/ɡəlbˈazə/,0,0.0,0.0,7,7
343,*/ɡəɾhˈat/,/ɡəɾhˈat/,0,0.0,0.0,6,6
344,*/ɡəɾcˈiɲə/,/ɡəɾcˈiɲə/,0,0.0,0.0,7,7
345,*/ɡəɾt͡ʃˈaɡ/,/ɡəɾt͡ʃˈak/,1,0.16666666666666666,0.038461538461538464,6,6
346,*/ɡəɾʃˈəɾə/,/ɡəɾʃˈəɾə/,0,0.0,0.0,7,7
347,*/kuɾʃˈɛt/,/ɡəɾʃˈɛt/,2,0.3333333333333333,0.21153846153846154,6,6
348,*/kuɾʃˈɛt/,/ɡəɾʃˈɛt/,2,0.3333333333333333,0.21153846153846154,6,6
349,*/ɡəɾdˈalˠə/,/ɡəɾdˈalˠə/,0,0.0,0.0,7,7
350,*/ɡɔɾdˈɛt͡s/,/ɡəɾdˈɛt͡s/,1,0.16666666666666666,0.1346153846153846,6,6
351,*/ɡɾadˈɛt͡s/,/ɡəɾdˈɛt͡s/,2,0.3333333333333333,0.6346153846153846,6,6
352,*/ɡəɾdˈit/,/ɡəɾdˈit/,0,0.0,0.0,6,6
353,*/ɡəɾðˈit/,/ɡəɾðˈit/,0,0.0,0.0,6,6
354,*/ɡəɾlˈas/,/ɡəɾlˈat͡s/,1,0.16666666666666666,0.057692307692307696,6,6
355,*/ɡəɾlˈit͡sə/,/ɡəɾlˈit͡sə/,0,0.0,0.0,7,7
356,*/ɡəɾfˈi/,/ɡəɾfˈɛj/,2,0.3333333333333333,0.5384615384615384,5,6
357,*/ɡɾɔmˈaðə/,/ɡəɾmˈaðə/,2,0.2857142857142857,0.6730769230769231,7,7
358,*/ɡɾˈɛk/,/ɡˈəɾk/,2,0.5,0.5961538461538461,4,4
359,*/ɡɾˈək/,/ɡˈəɾk/,2,0.5,0.5384615384615384,4,4
360,*/ɡˈəɾt͡ʃ/,/ɡˈəɾt͡ʃ/,0,0.0,0.0,4,4
361,*/ɡˈəɾbə/,/ɡˈəɾbə/,0,0.0,0.0,5,5
362,*/ɡɾˈamə/,/ɡˈəɾmə/,2,0.4,0.6346153846153846,5,5
363,*/kɔʒˈuɸ/,/ɡɔʒˈup/,2,0.4,0.09615384615384616,5,5
364,*/ɡɔdˈit/,/ɡɔdˈit/,0,0.0,0.0,5,5
365,*/ɡɔstˈit/,/ɡɔstˈit/,0,0.0,0.0,6,6
366,*/ɡɔrˈit͡sə/,/ɡɔrˈit͡sə/,0,0.0,0.0,6,6
367,*/ɡɔmˈilˠə/,/ɡɔmˈilə/,1,0.16666666666666666,0.07692307692307693,6,6
368,*/ɡɔmbˈɛl/,/ɡɔmbˈɛl/,0,0.0,0.0,6,6
369,*/ɡˈulˠə/,/ɡˈɔjə/,2,0.5,0.34615384615384615,4,4
370,*/ɡˈɔj/,/ɡˈɔlˠ/,1,0.3333333333333333,0.2692307692307692,3,3
371,*/ɡˈɔzdə/,/ɡˈɔʒdə/,1,0.2,0.11538461538461539,5,5
372,*/ɡˈumə/,/ɡˈɔmə/,1,0.25,0.07692307692307693,4,4
373,*/ɡalnˈik/,/ɡlˠanˈik/,2,0.3333333333333333,0.7692307692307693,6,6
374,*/ɡalˠvˈinə/,/ɡlˠavˈinə/,2,0.2857142857142857,0.8461538461538461,7,7
375,*/ɡud͡zˈɔj/,/ɡud͡zˈɔj/,0,0.0,0.0,5,5
376,*/ɡulcˈɔj/,/ɡult͡ʃˈɔj/,1,0.16666666666666666,0.17307692307692307,6,6
377,*/ɡultˈɔj/,/ɡultˈɔj/,0,0.0,0.0,6,6
378,*/ɡˈuʃt/,/ɡˈuʃt/,0,0.0,0.0,4,4
379,*/ɡˈutə/,/ɡˈutə/,0,0.0,0.0,4,4
380,*/ɡˈunə/,/ɡˈunə/,0,0.0,0.0,4,4
381,*/ɡlˈɛsə/,/ɡlˈasə/,1,0.2,0.07692307692307693,5,5
382,*/ɡɾaʃˈinə/,/ɡɾaʃˈinə/,0,0.0,0.0,7,7
383,*/ɡɾadˈinə/,/ɡɾadˈinə/,0,0.0,0.0,7,7
384,*/ɡɾabˈit/,/ɡɾabˈit/,0,0.0,0.0,6,6
385,*/ɡɾˈat/,/ɡɾˈat/,0,0.0,0.0,4,4
386,*/kɾˈɛt/,/ɡɾˈatə/,3,0.6,0.6730769230769231,4,5
387,*/ɡɾˈadə/,/ɡɾˈadə/,0,0.0,0.0,5,5
388,*/ɡɾˈɛm/,/ɡɾˈam/,1,0.25,0.07692307692307693,4,4
389,*/ɟəmbɾˈatə/,/ɡɾəməɾˈatə/,3,0.3333333333333333,0.8461538461538461,8,9
390,*/ɡəɾbˈaʃ/,/ɡɾɛbˈaʃ/,2,0.3333333333333333,0.5961538461538461,6,6
391,*/ɡɾˈɛk/,/ɡɾˈɛk/,0,0.0,0.0,4,4
392,*/kɾˈye̯ɾ/,/ɡɾˈɛɾə/,4,0.8,0.7115384615384616,5,5
393,*/ɡɾˈimj/,/ɡɾˈɛmb/,2,0.4,0.38461538461538464,5,5
394,*/ɡɾaˈil/,/ɡɾˈilˠ/,2,0.5,0.5961538461538461,5,4
395,*/ɡɾˈiɟ/,/ɡɾˈiɟ/,0,0.0,0.0,4,4
396,*/ɡɾˈifʃə/,/ɡɾˈifʃə/,0,0.0,0.0,6,6
397,*/ɡˈɔɾʃ/,/ɡɾˈɔʃ/,2,0.5,0.8076923076923077,4,4
398,*/ɡɾˈɔzdəl/,/ɡɾˈɔʒəl/,2,0.3333333333333333,0.5192307692307693,7,6
399,*/kɾˈutə/,/ɡɾˈɔftə/,3,0.5,0.6730769230769231,5,6
400,*/ɡɾumbulˠˈɔj/,/ɡɾumbulˠˈɔj/,0,0.0,0.0,9,9
401,*/ɡɾˈuʃt/,/ɡɾˈuʃt/,0,0.0,0.0,5,5
402,*/ɡɾˈumulˠ/,/ɡɾˈumbulˠ/,1,0.14285714285714285,0.5192307692307693,6,7
403,*/ŋɡaʃəɾˈɛj/,/ŋɡaʃəɾˈɛj/,0,0.0,0.0,8,8
404,*/ŋɡalkˈɔj/,/ŋɡalkˈɔj/,0,0.0,0.0,7,7
405,*/ŋɡaɾkˈɔj/,/ŋɡaɾkˈɔj/,0,0.0,0.0,7,7
406,*/ŋɡaɾðulˈicɛ/,/ŋɡaɾðulˈicɛ/,0,0.0,0.0,10,10
407,*/ŋɡəɲˈɛj/,/ŋɡəɲˈɛj/,0,0.0,0.0,6,6
408,*/ŋɡˈɔɾð/,/ŋɡˈɔɾð/,0,0.0,0.0,5,5
409,*/ŋɡuɲˈɔj/,/ŋɡujˈɔj/,1,0.16666666666666666,0.09615384615384616,6,6
410,*/ŋɡuʃəlˠˈɔj/,/ŋɡuʃulˠˈɔj/,1,0.125,0.17307692307692307,8,8
411,*/ŋɡuʃtˈɔj/,/ŋɡuʃtˈɔj/,0,0.0,0.0,7,7
412,*/ŋɡˈuʃt/,/ŋɡˈuʃt/,0,0.0,0.0,5,5
413,*/ŋɡɾˈatə/,/ŋɡɾˈatə/,0,0.0,0.0,6,6
414,*/lˠapˈuʃ/,/lˠapˈuʃ/,0,0.0,0.0,5,5
415,*/lˠapˈuʃə/,/lˠapˈuʃə/,0,0.0,0.0,6,6
416,*/lˠˈaʃkə/,/lˠˈaʃkə/,0,0.0,0.0,5,5
417,*/lˠˈast͡sə/,/lˠˈat͡sə/,1,0.25,0.4807692307692308,5,4
418,*/lˠˈɔskə/,/lˠˈaskə/,1,0.2,0.23076923076923078,5,5
419,*/lˠˈazəɾ/,/lˠˈazuɾə/,2,0.3333333333333333,0.6538461538461539,5,6
420,*/lˠˈəŋɡə/,/lˠˈəŋɡə/,0,0.0,0.0,5,5
421,*/ulˠˈɛɾə/,/lˠˈəɾə/,2,0.5,0.7884615384615384,5,4
422,*/lˠɔmˈit/,/lˠɔmˈit/,0,0.0,0.0,5,5
423,*/lˠˈɔjə/,/lˠˈɔhə/,1,0.25,0.21153846153846154,4,4
424,*/lˠˈɔskə/,/lˠˈɔskə/,0,0.0,0.0,5,5
425,*/lˠˈukə/,/lˠˈukə/,0,0.0,0.0,4,4
427,*/ukɾˈajə/,/ukɾˈajə/,0,0.0,0.0,6,6
428,*/uŋɡˈɔj/,/uŋɡɾˈɔj/,1,0.16666666666666666,0.5576923076923077,5,6
429,*/ulˈɛʃtəɾ/,/ulˠˈaʃtəɾ/,2,0.2857142857142857,0.15384615384615385,7,7
430,*/ulˠˈi/,/ulˠˈi/,0,0.0,0.0,3,3
431,*/ulˠˈi/,/ulˠˈi/,0,0.0,0.0,3,3
432,*/vəɲɟˈilˠ/,/uɲɟˈilˠ/,2,0.4,0.7692307692307693,6,5
433,*/aʃˈuɲə/,/uʃˈujə/,2,0.4,0.3269230769230769,5,5
434,*/vəʃcˈɛj/,/uʃcˈɛj/,2,0.4,0.7692307692307693,6,5
435,*/uʃtˈɔj/,/uʃtˈɔj/,0,0.0,0.0,5,5
436,*/yʃtˈɔj/,/uʃtˈɔj/,1,0.2,0.07692307692307693,5,5
437,*/udˈɔb/,/udˈɔb/,0,0.0,0.0,4,4
438,*/junˈak/,/unˈak/,1,0.25,0.5384615384615384,5,4
439,*/uɾəlˈij/,/uləɾˈij/,2,0.3333333333333333,0.19230769230769232,6,6
440,*/ulˈiʃtə/,/ulˈiʃtə/,0,0.0,0.0,6,6
441,*/uɾˈɔj/,/uɾˈɔj/,0,0.0,0.0,4,4
442,*/uɾˈɔk/,/uɾˈɔk/,0,0.0,0.0,4,4
443,*/rɔtˈundə/,/uɾtˈundə/,2,0.2857142857142857,0.7884615384615384,7,7
444,*/uɾðəɾˈatə/,/uɾðəɾˈatə/,0,0.0,0.0,8,8
445,*/uɾðəɾˈɔj/,/uɾðəɾˈɔj/,0,0.0,0.0,7,7
446,*/urˈɛj/,/urˈɛj/,0,0.0,0.0,4,4
447,*/pˈɛʃkɔp/,/upˈɛʃkəp/,2,0.2857142857142857,0.9423076923076923,6,7
448,*/vˈuŋɟ/,/ˈuɲɟ/,2,0.6666666666666666,0.7692307692307693,4,3
449,*/vˈɛt/,/ˈut/,2,1.0,0.8846153846153846,3,2
450,*/vˈɛɾðəɾ/,/ˈuɾðəɾ/,2,0.4,0.8846153846153846,6,5
451,*/vˈɔm/,/ˈumb/,3,1.0,0.7884615384615384,3,3
452,*/cˈɛʒnə/,/cˈaʒnə/,1,0.2,0.07692307692307693,5,5
453,*/cˈɛɾk/,/cˈaɾk/,1,0.25,0.07692307692307693,4,4
454,*/cˈɛɾkulˠ/,/cˈaɾkulˠ/,1,0.16666666666666666,0.07692307692307693,6,6
455,*/cˈaɾtə/,/cˈaɾtə/,0,0.0,0.0,5,5
456,*/cˈɛr/,/cˈar/,1,0.3333333333333333,0.07692307692307693,3,3
457,*/cy/,/cə/,1,0.5,0.17307692307692307,2,2
458,*/cəlˈɔj/,/cəlˠˈɔj/,1,0.2,0.07692307692307693,5,5
459,*/kəlɾˈɔj/,/cəɾˈɔj/,2,0.4,0.4230769230769231,6,5
460,*/cyɾˈɔj/,/cəɾˈɔj/,1,0.2,0.17307692307692307,5,5
461,*/cəɾˈɔj/,/cəɾˈɔj/,0,0.0,0.0,5,5
462,*/karjˈɔz/,/cəɾˈɔz/,4,0.8,0.7692307692307693,6,5
463,*/cəɾtˈɔj/,/cəɾtˈɔj/,0,0.0,0.0,6,6
464,*/kumtˈɔj/,/cəmtˈɔj/,2,0.3333333333333333,0.25,6,6
465,*/cˈa/,/cˈə/,1,0.5,0.09615384615384616,2,2
466,*/cˈɛn/,/cˈə/,2,1.0,0.7115384615384616,3,2
467,*/cɛsˈat/,/cɛsˈat/,0,0.0,0.0,5,5
468,*/cɛndɾˈɔj/,/cɛndɾˈɔj/,0,0.0,0.0,7,7
469,*/cɛɾʃˈi/,/cɛɾʃˈi/,0,0.0,0.0,5,5
470,*/cɛɾʃˈɔɾ/,/cɛɾʃˈɔɾ/,0,0.0,0.0,6,6
471,*/cərˈɛt/,/cɛrˈɛt/,1,0.2,0.057692307692307696,5,5
472,*/cɛpˈalˠə/,/cɛpˈalˠə/,0,0.0,0.0,6,6
473,*/cɛpˈulə/,/cɛpˈulɛ/,1,0.16666666666666666,0.057692307692307696,6,6
474,*/cˈɛkə/,/cˈɛkə/,0,0.0,0.0,4,4
475,*/cˈɛŋɟ/,/cˈɛɲɟ/,1,0.25,0.07692307692307693,4,4
476,*/cˈɛʃəɾ/,/cˈɛʃəɾ/,0,0.0,0.0,5,5
477,*/cˈɛt/,/cˈɛt/,0,0.0,0.0,3,3
478,*/cˈɛ/,/cˈɛn/,1,0.3333333333333333,0.6538461538461539,2,3
479,*/cˈɛndəɾ/,/cˈɛndəɾ/,0,0.0,0.0,6,6
480,*/cˈɛl/,/cˈɛl/,0,0.0,0.0,3,3
481,*/cˈɛlə/,/cˈɛlə/,0,0.0,0.0,4,4
482,*/cˈɛlc/,/cˈɛlc/,0,0.0,0.0,4,4
483,*/tˈiɾməɾ/,/cˈɛɾm/,4,1.0,1.2692307692307692,6,4
484,*/tˈɛɾm/,/cˈɛɾm/,1,0.25,0.17307692307692307,4,4
485,*/cˈɛr/,/cˈɛr/,0,0.0,0.0,3,3
486,*/cˈɛrɛ/,/cˈɛrɛ/,0,0.0,0.0,4,4
487,*/cˈɛp/,/cˈɛp/,0,0.0,0.0,3,3
488,*/cˈɛpə/,/cˈɛpə/,0,0.0,0.0,4,4
489,*/cˈɛpəɾ/,/cˈɛpəɾ/,0,0.0,0.0,5,5
490,*/ʃtˈɛfəɾ/,/cˈɛfəɾ/,2,0.4,0.6923076923076923,6,5
491,*/cˈɛfəlˠ/,/cˈɛfulˠ/,1,0.2,0.17307692307692307,5,5
492,*/kˈaft/,/cˈɛft/,2,0.5,0.15384615384615385,4,4
493,*/cˈɛməɾ/,/cˈɛməɾ/,0,0.0,0.0,5,5
494,*/kɾˈi/,/ciɾˈi/,2,0.5,0.7115384615384616,3,4
495,*/cəmˈuʃə/,/cimˈuʃə/,1,0.16666666666666666,0.09615384615384616,6,6
496,*/cˈie̯lˠ/,/cˈie̯lˠ/,0,0.0,0.0,4,4
497,*/cˈij/,/cˈij/,0,0.0,0.0,3,3
498,*/cˈɛŋɟ/,/cˈiŋɡəl/,4,0.6666666666666666,1.2884615384615385,4,6
499,*/cˈicəɾ/,/cˈicəɾ/,0,0.0,0.0,5,5
500,*/cˈɛtəɾ/,/cˈitəɾ/,1,0.2,0.07692307692307693,5,5
501,*/cˈind/,/cˈind/,0,0.0,0.0,4,4
502,*/cˈipəɾ/,/cˈipəɾ/,0,0.0,0.0,5,5
503,*/cˈift/,/cˈift/,0,0.0,0.0,4,4
504,*/cˈiftəɾ/,/cˈiftəɾ/,0,0.0,0.0,6,6
505,*/cˈimə/,/cˈimə/,0,0.0,0.0,4,4
506,*/cˈimc/,/cˈimkə/,2,0.4,0.6153846153846154,4,5
507,*/cytˈɛt/,/cytˈɛt/,0,0.0,0.0,5,5
508,*/cˈyʃ/,/cˈyʃ/,0,0.0,0.0,3,3
509,*/cˈɛj/,/cˈɔj/,1,0.3333333333333333,0.15384615384615385,3,3
510,*/ɟujlˈɔj/,/cuplˈɔj/,2,0.3333333333333333,0.38461538461538464,6,6
511,*/cˈylˠ/,/cˈulˠ/,1,0.3333333333333333,0.07692307692307693,3,3
512,*/cumˈuʃt/,/cˈuməʃt/,2,0.3333333333333333,0.3269230769230769,6,6
513,*/ɟavnˈit͡sə/,/ɟanˈit͡sə/,1,0.16666666666666666,0.5769230769230769,7,6
514,*/ɟynˈɔj/,/ɟəɾˈɔj/,2,0.4,0.2692307692307692,5,5
515,*/ɟyɾˈɔj/,/ɟəɾˈɔj/,1,0.2,0.17307692307692307,5,5
516,*/ɟəmˈɔj/,/ɟəmˈɔj/,0,0.0,0.0,5,5
517,*/cəmˈɔj/,/ɟəmˈɔj/,1,0.2,0.038461538461538464,5,5
518,*/ɡulmtˈɔj/,/ɟəmtˈɔj/,3,0.5,0.8461538461538461,7,6
519,*/ɟɔmbɔt͡ʃˈaɾ/,/ɟəmbɔt͡ʃˈaɾ/,1,0.125,0.1346153846153846,8,8
520,*/ɟˈandulˠ/,/ɟˈəndəɾ/,3,0.5,0.4423076923076923,6,6
521,*/ɟˈə/,/ɟˈəɾ/,1,0.3333333333333333,0.5192307692307693,2,3
522,*/ɟɛzdˈit/,/ɟɛzdˈit/,0,0.0,0.0,6,6
523,*/ɟˈɛʃtəɾ/,/ɟˈɛʃtəɾ/,0,0.0,0.0,6,6
524,*/ɟˈɛl/,/ɟˈɛl/,0,0.0,0.0,3,3
525,*/ɟˈɛlbəɾ/,/ɟˈɛlbəɾ/,0,0.0,0.0,6,6
526,*/ɟˈiɾ/,/ɟˈɛɾ/,1,0.3333333333333333,0.07692307692307693,3,3
527,*/ɟˈɛɾɟ/,/ɟˈɛɾɟ/,0,0.0,0.0,4,4
528,*/ŋɡˈalˠə/,/ɟiŋkˈalˠə/,3,0.42857142857142855,0.9807692307692307,5,7
529,*/ɟˈind/,/ɟˈind/,0,0.0,0.0,4,4
530,*/ɟˈiɾ/,/ɟˈiɾ/,0,0.0,0.0,3,3
531,*/ɟyɡˈatə/,/ɟykˈatə/,1,0.16666666666666666,0.038461538461538464,6,6
532,*/ɟykˈɔj/,/ɟykˈɔj/,0,0.0,0.0,5,5
533,*/ɟyndˈyɾə/,/ɟymtˈyɾə/,2,0.2857142857142857,0.1346153846153846,7,7
534,*/ɟˈyc/,/ɟˈyc/,0,0.0,0.0,3,3
535,*/ɟˈynd/,/ɟˈymt/,2,0.5,0.1346153846153846,4,4
536,*/ɟɔmbɔt͡ʃˈaɾ/,/ɟɔmbɔt͡ʃˈaɾ/,0,0.0,0.0,8,8
537,*/jˈɛn/,/ɟˈɔn/,2,0.6666666666666666,0.3076923076923077,3,3
538,*/ɟˈɔbə/,/ɟˈɔbə/,0,0.0,0.0,4,4
539,*/ɟuvˈɛŋɡə/,/ɟuvˈɛŋɡə/,0,0.0,0.0,7,7
540,*/ɟˈua̯/,/ɟˈua̯/,0,0.0,0.0,3,3
541,*/ɲˈɛɾkə/,/ɲˈɛɾkə/,0,0.0,0.0,5,5
542,*/ɲɟˈɛlə/,/ɲˈilə/,2,0.5,0.4807692307692308,5,4
543,*/ɲuhˈat/,/ɲuhˈat/,0,0.0,0.0,5,5
544,*/ɲɟˈɛlə/,/ɲɟˈalə/,1,0.2,0.07692307692307693,5,5
545,*/ɲɛjnˈɔj/,/ɲɟəɾˈɔj/,3,0.5,0.5384615384615384,6,6
546,*/ɲɟəɾˈɔj/,/ɲɟəɾˈɔj/,0,0.0,0.0,6,6
547,*/ɲɟˈɛlə/,/ɲɟˈɛlə/,0,0.0,0.0,5,5
548,*/ɲˈɔj/,/ɲɟˈye̯j/,3,0.6,0.8269230769230769,3,5
549,*/nduɲˈɔj/,/ɲɟˈye̯j/,5,1.0,1.3076923076923077,6,5
550,*/t͡ʃˈas/,/t͡ʃˈas/,0,0.0,0.0,3,3
551,*/t͡ʃˈaɾə/,/t͡ʃˈaɾə/,0,0.0,0.0,4,4
552,*/t͡ʃˈafkə/,/t͡ʃˈafkə/,0,0.0,0.0,5,5
553,*/t͡ʃˈam/,/t͡ʃˈam/,0,0.0,0.0,3,3
554,*/t͡sərˈavə/,/t͡ʃərˈavə/,1,0.16666666666666666,0.11538461538461539,6,6
555,*/t͡ʃɛtˈinə/,/t͡ʃɛtˈinə/,0,0.0,0.0,6,6
556,*/t͡ʃɛlˈit/,/t͡ʃɛlˈit/,0,0.0,0.0,5,5
557,*/t͡ʃɛlnˈik/,/t͡ʃɛlnˈik/,0,0.0,0.0,6,6
558,*/t͡ʃˈɛtə/,/t͡ʃˈɛtə/,0,0.0,0.0,4,4
559,*/t͡ʃˈɛlˠə/,/t͡ʃˈɛlə/,1,0.25,0.07692307692307693,4,4
560,*/t͡sjˈɛɾðə/,/t͡ʃˈɛɾðə/,2,0.4,0.6730769230769231,6,5
561,*/t͡sˈir/,/t͡ʃˈɛr/,2,0.6666666666666666,0.19230769230769232,3,3
562,*/t͡ʃɔɾnɔvˈɔdə/,/t͡ʃɔɾɔvˈɔdə/,1,0.125,0.4807692307692308,9,8
563,*/ʃcˈɔj/,/t͡ʃˈɔj/,2,0.6666666666666666,0.6730769230769231,4,3
564,*/t͡ʃudˈit/,/t͡ʃudˈit/,0,0.0,0.0,5,5
565,*/t͡ʃˈukə/,/t͡ʃˈukə/,0,0.0,0.0,4,4
566,*/t͡ʃˈulˠə/,/t͡ʃˈulˠə/,0,0.0,0.0,4,4
567,*/t͡ʃˈudə/,/t͡ʃˈudə/,0,0.0,0.0,4,4
568,*/t͡ʃˈubə/,/t͡ʃˈubə/,0,0.0,0.0,4,4
569,*/t͡ʃndɾˈɔj/,/t͡ʃndəɾˈɔj/,1,0.14285714285714285,0.5769230769230769,6,7
570,*/t͡ʃmˈɔj/,/t͡ʃmˈɔj/,0,0.0,0.0,4,4
571,*/ʃajtˈɔj/,/ʃajtˈɔj/,0,0.0,0.0,6,6
572,*/ʃatˈɔrə/,/ʃatˈɔrɛ/,1,0.16666666666666666,0.057692307692307696,6,6
573,*/ʃəɾtˈɔj/,/ʃaɾtˈɔj/,1,0.16666666666666666,0.09615384615384616,6,6
574,*/ʃapˈɔj/,/ʃapˈɔj/,0,0.0,0.0,5,5
575,*/ʃˈakə/,/ʃˈakə/,0,0.0,0.0,4,4
576,*/ʃˈakulˠ/,/ʃˈakulˠ/,0,0.0,0.0,5,5
577,*/ʃˈaɡ/,/ʃˈaɡ/,0,0.0,0.0,3,3
578,*/ʃˈalə/,/ʃˈalə/,0,0.0,0.0,4,4
579,*/ʃˈɔɾə/,/ʃˈaɾə/,1,0.25,0.23076923076923078,4,4
580,*/ʃˈaɾk/,/ʃˈaɾk/,0,0.0,0.0,4,4
581,*/ʃˈaɾkə/,/ʃˈaɾkə/,0,0.0,0.0,5,5
582,*/ʃˈɔɾkə/,/ʃˈaɾkə/,1,0.2,0.23076923076923078,5,5
583,*/ʃˈarə/,/ʃˈarə/,0,0.0,0.0,4,4
584,*/ʃˈap/,/ʃˈap/,0,0.0,0.0,3,3
585,*/ʃˈap/,/ʃˈap/,0,0.0,0.0,3,3
586,*/ʃkɾˈɔj/,/ʃəkɾˈɔj/,1,0.16666666666666666,0.6538461538461539,5,6
587,*/ʃəlˠˈij/,/ʃəlˠˈij/,0,0.0,0.0,5,5
588,*/ʃəlˠˈinə/,/ʃəlˠˈiɾə/,1,0.16666666666666666,0.09615384615384616,6,6
589,*/ʃəɲɟˈatə/,/ʃəɲɟˈɛtə/,1,0.14285714285714285,0.07692307692307693,7,7
590,*/ʃandəndɾˈɛ/,/ʃənəndɾˈɛ/,2,0.25,0.5384615384615384,9,8
591,*/ʃənˈɔj/,/ʃənˈɔj/,0,0.0,0.0,5,5
592,*/ʃəŋɡˈɔlˠə/,/ʃənkˈɔlˠ/,3,0.5,0.75,7,6
593,*/ʃəndəɾtˈɛt/,/ʃəndəɾtˈat/,1,0.1111111111111111,0.07692307692307693,9,9
594,*/ʃəndˈɛt/,/ʃəndˈɛt/,0,0.0,0.0,6,6
595,*/ʃəndˈɔʃ/,/ʃəndˈɔʃ/,0,0.0,0.0,6,6
596,*/ʃəndəndɾˈɛ/,/ʃəndɾˈɛ/,3,0.5,1.1153846153846154,9,6
597,*/ʃəlbˈasə/,/ʃəlbˈɛsə/,1,0.14285714285714285,0.07692307692307693,7,7
598,*/ʃəlbˈɔj/,/ʃəlbˈɔj/,0,0.0,0.0,6,6
599,*/ʃyɾˈizd/,/ʃəɾˈis/,3,0.6,0.5192307692307693,6,5
600,*/ʃəɾˈɔj/,/ʃəɾˈɔj/,0,0.0,0.0,5,5
601,*/ʃəɾbətˈyɾə/,/ʃəɾbətˈyɾə/,0,0.0,0.0,9,9
602,*/ʃəɾbətˈɔɾ/,/ʃəɾbətˈɔɾ/,0,0.0,0.0,8,8
603,*/ʃəɾbˈɛj/,/ʃəɾbˈɛj/,0,0.0,0.0,6,6
604,*/ʃəɾbˈɛs/,/ʃəɾbˈɛs/,0,0.0,0.0,6,6
605,*/ʃəɾmˈɛnd/,/ʃəɾmˈɛnd/,0,0.0,0.0,7,7
606,*/ʃəməhˈilˠ/,/ʃəməhˈilˠ/,0,0.0,0.0,7,7
607,*/ʃəndəmˈitəɾ/,/ʃəmˈitəɾ/,3,0.42857142857142855,1.3653846153846154,10,7
608,*/ʃəmˈɔj/,/ʃəmˈɔj/,0,0.0,0.0,5,5
609,*/ʃəmtˈɔj/,/ʃəmtˈɔj/,0,0.0,0.0,6,6
610,*/ʃəmbəlˠˈɛj/,/ʃəmbəlˠˈɛj/,0,0.0,0.0,8,8
611,*/ʃəmbəlˠtˈyɾə/,/ʃəmbəlˠtˈyɾə/,0,0.0,0.0,10,10
612,*/ʃəɾcəɾˈɔɾ/,/ʃɛlcəɾˈɔɾ/,2,0.25,0.15384615384615385,8,8
613,*/ʃəlˠcˈɛt/,/ʃɛlcˈɛt/,2,0.3333333333333333,0.1346153846153846,6,6
614,*/ʃəlbˈɛlə/,/ʃɛɾbˈɛlə/,2,0.2857142857142857,0.15384615384615385,7,7
615,*/ʃumbɾˈitkə/,/ʃɛmˈəɾkə/,4,0.5714285714285714,1.1730769230769231,9,7
616,*/ʃˈɛkulˠ/,/ʃˈɛkulˠ/,0,0.0,0.0,5,5
617,*/ʃˈɛŋ/,/ʃˈɛŋ/,0,0.0,0.0,3,3
618,*/ʃˈɛkəl/,/ʃˈɛcə/,2,0.5,0.6730769230769231,5,4
619,*/ʃˈɛɲə/,/ʃˈɛɲə/,0,0.0,0.0,4,4
620,*/ʃˈɛnə/,/ʃˈɛɲə/,1,0.25,0.17307692307692307,4,4
621,*/ʃˈɛɲt/,/ʃˈɛɲt/,0,0.0,0.0,4,4
622,*/ʃˈɛʃ/,/ʃˈɛʃ/,0,0.0,0.0,3,3
623,*/ʃˈɛtkə/,/ʃˈɛtkə/,0,0.0,0.0,5,5
624,*/ʃˈɛjkə/,/ʃˈɛlkə/,1,0.2,0.2692307692307692,5,5
625,*/ʃˈɛlc/,/ʃˈɛlɡ/,1,0.25,0.11538461538461539,4,4
626,*/ʃˈɛjkə/,/ʃˈɛlcɛ/,3,0.6,0.40384615384615385,5,5
627,*/ʃˈɛlc/,/ʃˈɛlɟɛ/,2,0.4,0.5384615384615384,4,5
628,*/ʃˈɛləsə/,/ʃˈɛlt͡sə/,2,0.4,0.6346153846153846,6,5
629,*/ʃˈiɾp/,/ʃˈɛɾp/,1,0.25,0.07692307692307693,4,4
630,*/ʃˈɛlp/,/ʃˈɛɾp/,1,0.25,0.09615384615384616,4,4
631,*/ʃuɾtˈilɟ/,/ʃˈɛrəɟ/,5,1.0,1.7115384615384615,7,5
632,*/ʃˈɛməɾ/,/ʃˈɛmə/,1,0.25,0.5192307692307693,5,4
633,*/ʃˈɛmbəɾ/,/ʃˈɛməɾ/,1,0.2,0.4230769230769231,6,5
634,*/ʃˈɛmbəl/,/ʃˈɛmbulˠ/,2,0.3333333333333333,0.25,6,6
635,*/ʃˈɛmbulˠ/,/ʃˈɛmbulˠ/,0,0.0,0.0,6,6
636,*/ʃəndəjˈakə/,/ʃijˈak/,5,1.0,1.9423076923076923,9,5
637,*/ʃəkˈɔj/,/ʃikˈɔj/,1,0.2,0.09615384615384616,5,5
638,*/ʃəɟtˈaɾ/,/ʃiɟɛtˈaɾ/,2,0.2857142857142857,0.7692307692307693,6,7
639,*/ʃəɟˈɛtə/,/ʃiɟˈɛtə/,1,0.16666666666666666,0.09615384615384616,6,6
640,*/ʃajtˈɔj/,/ʃitˈɔj/,2,0.4,0.5769230769230769,6,5
641,*/ʃitˈɔvə/,/ʃitˈɔvə/,0,0.0,0.0,6,6
642,*/ʃiɾˈiŋɡə/,/ʃiɾˈiŋɡə/,0,0.0,0.0,7,7
643,*/ʃˈik/,/ʃˈi/,1,0.5,0.5384615384615384,3,2
644,*/ʃˈi/,/ʃˈi/,0,0.0,0.0,2,2
645,*/ʃˈɛŋ/,/ʃˈij/,2,0.6666666666666666,0.25,3,3
646,*/ʃˈijə/,/ʃˈijə/,0,0.0,0.0,4,4
647,*/ʃˈɛkulˠ/,/ʃˈikəlˠ/,2,0.4,0.25,5,5
648,*/ʃˈɛtə/,/ʃˈitə/,1,0.25,0.07692307692307693,4,4
649,*/ʃˈɛʃə/,/ʃˈisə/,2,0.5,0.19230769230769232,4,4
650,*/ʃˈipkə/,/ʃˈipkə/,0,0.0,0.0,5,5
651,*/ʃˈɛs/,/ʃˈye̯t͡s/,3,0.75,0.7692307692307693,3,4
652,*/ʃuɾtˈikə/,/ʃɔɾtˈɛkə/,2,0.2857142857142857,0.15384615384615385,7,7
653,*/ʃˈɔkə/,/ʃˈɔkə/,0,0.0,0.0,4,4
654,*/ʃˈɔlˠə/,/ʃˈɔlˠə/,0,0.0,0.0,4,4
655,*/ʃˈɔc/,/ʃˈɔc/,0,0.0,0.0,3,3
656,*/ʃˈɔcɛ/,/ʃˈɔcɛ/,0,0.0,0.0,4,4
657,*/ʃˈɔɾt/,/ʃˈɔɾt/,0,0.0,0.0,4,4
658,*/ʃˈɔp/,/ʃˈɔp/,0,0.0,0.0,3,3
659,*/ʃkaɡˈɔj/,/ʃkaɡˈɔj/,0,0.0,0.0,6,6
660,*/ʃkalˠˈɔj/,/ʃkalˠˈɔj/,0,0.0,0.0,6,6
661,*/ʃkatərˈɔj/,/ʃkatərˈɔj/,0,0.0,0.0,8,8
662,*/ʃkalkˈɔj/,/ʃkalkˈɔj/,0,0.0,0.0,7,7
663,*/ʃkalkˈɔj/,/ʃkalkˈɔj/,0,0.0,0.0,7,7
664,*/ʃkaɾkˈɔj/,/ʃkaɾkˈɔj/,0,0.0,0.0,7,7
665,*/ʃkaɾtˈɔj/,/ʃkaɾtˈɔj/,0,0.0,0.0,7,7
666,*/ʃkaɾzˈɛj/,/ʃkaɾzˈɛj/,0,0.0,0.0,7,7
667,*/ʃkˈalmə/,/ʃkˈalˠəm/,3,0.5,0.5384615384615384,6,6
668,*/ʃkˈat/,/ʃkˈat/,0,0.0,0.0,4,4
669,*/ʃkˈandulˠ/,/ʃkˈandulˠ/,0,0.0,0.0,7,7
670,*/ʃkˈalˠə/,/ʃkˈalə/,1,0.2,0.07692307692307693,5,5
671,*/zɟˈɛɾəfə/,/ʃkˈaɾpə/,5,0.8333333333333334,1.0192307692307692,7,6
672,*/ʃkˈam/,/ʃkˈam/,0,0.0,0.0,4,4
673,*/ʃkəndˈɛj/,/ʃkəndˈɛj/,0,0.0,0.0,7,7
674,*/ʃcɛndˈijə/,/ʃkəndˈijə/,2,0.25,0.1346153846153846,8,8
675,*/ʃkɔɾðˈɛt͡s/,/ʃkəɾðˈɛt͡s/,1,0.14285714285714285,0.1346153846153846,7,7
676,*/ʃkəmbˈɛj/,/ʃkəmbˈɛj/,0,0.0,0.0,7,7
677,*/ʃkəmbˈi/,/ʃkəmbˈi/,0,0.0,0.0,6,6
678,*/ʃkˈam/,/ʃkˈəmb/,2,0.4,0.46153846153846156,4,5
679,*/ʃcˈɛnd͡zə/,/ʃkˈɛnt͡sə/,2,0.3333333333333333,0.11538461538461539,6,6
680,*/ʃkɔpˈɛt/,/ʃkɔpˈɛt/,0,0.0,0.0,6,6
681,*/ʃkɔpˈit/,/ʃkɔpˈit/,0,0.0,0.0,6,6
682,*/ʃkˈɔlˠə/,/ʃkˈɔlˠə/,0,0.0,0.0,5,5
683,*/ʃkˈɔdəɾ/,/ʃkˈɔdəɾ/,0,0.0,0.0,6,6
684,*/ʃkˈɔɾsə/,/ʃkˈɔɾsə/,0,0.0,0.0,6,6
685,*/ʃkˈɔp/,/ʃkˈɔp/,0,0.0,0.0,4,4
686,*/ʃkuɾtˈɔj/,/ʃkuɾtˈɔj/,0,0.0,0.0,7,7
687,*/ʃkˈulˠ/,/ʃkˈul/,1,0.25,0.07692307692307693,4,4
688,*/ʃkˈujkə/,/ʃkˈulkə/,1,0.16666666666666666,0.2692307692307692,6,6
689,*/ʃkˈuɾt/,/ʃkˈuɾt/,0,0.0,0.0,5,5
690,*/ʃkˈumə/,/ʃkˈumə/,0,0.0,0.0,5,5
691,*/ʃkɾˈap/,/ʃkɾˈap/,0,0.0,0.0,5,5
692,*/ʃkɾˈɛt/,/ʃkɾˈɛt/,0,0.0,0.0,5,5
693,*/ʃkɾˈua̯j/,/ʃkɾˈua̯j/,0,0.0,0.0,6,6
695,*/ʃuftˈɔj/,/ʃujtˈɔj/,1,0.16666666666666666,0.3269230769230769,6,6
696,*/ʃuŋɡulˠˈɔj/,/ʃuŋɡulˠˈɔj/,0,0.0,0.0,8,8
697,*/ʃulˠˈatə/,/ʃulˠˈatə/,0,0.0,0.0,6,6
698,*/ʃuʃˈit͡sə/,/ʃuʃˈit͡sə/,0,0.0,0.0,6,6
699,*/ʃəɲʃˈuɲə/,/ʃuʃˈuɲə/,2,0.3333333333333333,0.6538461538461539,7,6
700,*/ʃutərˈi/,/ʃutərˈi/,0,0.0,0.0,6,6
701,*/ʃuɾukˈɔj/,/ʃuɾukˈɔj/,0,0.0,0.0,7,7
702,*/ʃuɾcˈɛl/,/ʃuɾcˈɛl/,0,0.0,0.0,6,6
703,*/ʃupjˈakə/,/ʃuplˈakə/,1,0.14285714285714285,0.2692307692307692,7,7
704,*/ʃˈua̯j/,/ʃˈua̯j/,0,0.0,0.0,4,4
705,*/ʃˈua̯lˠ/,/ʃˈua̯lˠ/,0,0.0,0.0,4,4
706,*/ʃˈuftə/,/ʃˈujtə/,1,0.2,0.3269230769230769,5,5
707,*/ʃˈulˠə/,/ʃˈulˠə/,0,0.0,0.0,4,4
708,*/ʃˈulˠə/,/ʃˈulˠə/,0,0.0,0.0,4,4
709,*/ʃˈuʃ/,/ʃˈuʃ/,0,0.0,0.0,3,3
710,*/ʃˈulˠ/,/ʃˈul/,1,0.3333333333333333,0.07692307692307693,3,3
711,*/ʃˈul/,/ʃˈul/,0,0.0,0.0,3,3
712,*/ʃˈuɾð/,/ʃˈuɾð/,0,0.0,0.0,4,4
713,*/ʃˈɔɾbə/,/ʃˈuɾbə/,1,0.2,0.07692307692307693,5,5
714,*/ʃˈumə/,/ʃˈumə/,0,0.0,0.0,4,4
715,*/ʃcˈa/,/ʃcˈa/,0,0.0,0.0,3,3
716,*/ʃcˈɛ/,/ʃcˈɛ/,0,0.0,0.0,3,3
717,*/ʃcˈɔp/,/ʃcˈɛp/,1,0.25,0.15384615384615385,4,4
718,*/ʃcˈɛp/,/ʃcˈɛp/,0,0.0,0.0,4,4
719,*/ʃcˈɛm/,/ʃcˈɛm/,0,0.0,0.0,4,4
720,*/ʃcɛpˈɔj/,/ʃcipˈɔj/,1,0.16666666666666666,0.07692307692307693,6,6
721,*/ʃcˈi/,/ʃcˈind/,2,0.4,0.8269230769230769,3,5
722,*/ʃcyɾtˈɔj/,/ʃcyɾtˈɔj/,0,0.0,0.0,7,7
723,*/ʃkɾytˈɔj/,/ʃcyɾtˈɔj/,3,0.42857142857142855,0.9615384615384616,7,7
724,*/ʃcˈɔtə/,/ʃcˈɔtə/,0,0.0,0.0,5,5
725,*/ʃcˈɛpə/,/ʃcˈɔpə/,1,0.2,0.15384615384615385,5,5
726,*/ʃtˈalˠ/,/ʃtˈalˠə/,1,0.2,0.5384615384615384,4,5
727,*/ʃtˈat/,/ʃtˈat/,0,0.0,0.0,4,4
728,*/ʃtəɾˈɔj/,/ʃtəɾˈɔj/,0,0.0,0.0,6,6
729,*/ʃtəɾmˈɛn/,/ʃtəɾmˈɛn/,0,0.0,0.0,7,7
730,*/ʃtəpˈajə/,/ʃtəpˈajə/,0,0.0,0.0,7,7
731,*/ʃtəpˈəzə/,/ʃtəpˈəzə/,0,0.0,0.0,7,7
732,*/uʃpˈɛs/,/ʃtəpˈi/,5,1.0,1.8461538461538463,5,5
733,*/ʃtəpɾˈɛʃə/,/ʃtəpɾˈɛʃə/,0,0.0,0.0,8,8
734,*/ʃtˈəŋɡ/,/ʃtˈəŋɡ/,0,0.0,0.0,5,5
735,*/ʃtˈəpəɾ/,/ʃtˈəpəɾ/,0,0.0,0.0,6,6
736,*/ʃtˈəm/,/ʃtˈəm/,0,0.0,0.0,4,4
737,*/ʃtˈəm/,/ʃtˈəmbə/,2,0.3333333333333333,0.9230769230769231,4,6
738,*/ʃtˈɛt/,/ʃtˈɛt/,0,0.0,0.0,4,4
739,*/pəʃtˈɛɾɛ/,/ʃtˈɛɾə/,3,0.6,1.2307692307692308,7,5
740,*/ʃtˈiɾəfə/,/ʃtˈɛɾpə/,3,0.5,0.75,7,6
741,*/ʃtˈijə/,/ʃtˈijə/,0,0.0,0.0,5,5
742,*/ʃtˈylˠə/,/ʃtˈylˠə/,0,0.0,0.0,5,5
743,*/ʃtupˈɔj/,/ʃtupˈɔj/,0,0.0,0.0,6,6
744,*/ʃtˈuɲə/,/ʃtˈuɲə/,0,0.0,0.0,5,5
745,*/ʃətˈuɾtə/,/ʃtˈunə/,3,0.6,1.1923076923076923,7,5
746,*/ʃtˈurə/,/ʃtˈuɾə/,1,0.2,0.057692307692307696,5,5
747,*/ʃtˈupə/,/ʃtˈupə/,0,0.0,0.0,5,5
748,*/ʃtɾˈat/,/ʃtɾˈat/,0,0.0,0.0,5,5
749,*/ʃtɾˈazə/,/ʃtɾˈazə/,0,0.0,0.0,6,6
750,*/ʃtɾəŋɡˈɔj/,/ʃtɾəŋɡˈɔj/,0,0.0,0.0,8,8
752,*/ʃtɾˈɛɲt/,/ʃtɾˈɛɲt/,0,0.0,0.0,6,6
753,*/ʃtɾˈɛmbəɾ/,/ʃtɾˈɛmbəɾ/,0,0.0,0.0,8,8
754,*/ʃtɾˈiɡə/,/ʃtɾˈiɡə/,0,0.0,0.0,6,6
755,*/ʃtɾˈyð/,/ʃtɾˈyð/,0,0.0,0.0,5,5
756,*/ʃtərˈɔj/,/ʃtɾˈɔj/,2,0.4,0.6153846153846154,6,5
757,*/ʃtɾˈak/,/ʃtrˈak/,1,0.2,0.057692307692307696,5,5
758,*/ʃˈulk/,/ʃlˈuk/,2,0.5,0.8461538461538461,4,4
759,*/ʃpˈatə/,/ʃpˈatə/,0,0.0,0.0,5,5
760,*/ʃpˈatulˠ/,/ʃpˈatulˠ/,0,0.0,0.0,6,6
761,*/ʃpˈaɾ/,/ʃpˈaɾ/,0,0.0,0.0,4,4
762,*/ʃpˈaɾɡ/,/ʃpˈaɾɡ/,0,0.0,0.0,5,5
763,*/ʃpˈaɾɡəɾ/,/ʃpˈaɾɡəɾ/,0,0.0,0.0,7,7
764,*/ʃpˈaɾtə/,/ʃpˈaɾtə/,0,0.0,0.0,6,6
765,*/ʃpˈaɾtə/,/ʃpˈaɾtə/,0,0.0,0.0,6,6
766,*/ʃpətˈɔj/,/ʃpətˈɔj/,0,0.0,0.0,6,6
767,*/ʃpəlˈaj/,/ʃpəlˈaj/,0,0.0,0.0,6,6
768,*/ʃpəɾlˈaj/,/ʃpəɾlˈaj/,0,0.0,0.0,7,7
769,*/ʃpˈɛjt/,/ʃpˈɛjt/,0,0.0,0.0,5,5
770,*/ʃpˈɛjə/,/ʃpˈɛlˠə/,1,0.2,0.2692307692307692,5,5
771,*/ʃpˈɛʃ/,/ʃpˈɛʃ/,0,0.0,0.0,4,4
772,*/ʃpˈɛl/,/ʃpˈɛl/,0,0.0,0.0,4,4
773,*/ʃpˈɛlˠəj/,/ʃpˈɛlə/,2,0.4,0.5576923076923077,6,5
774,*/ʃpirˈɔj/,/ʃpirˈɔj/,0,0.0,0.0,6,6
775,*/ʃpˈinə/,/ʃpˈinə/,0,0.0,0.0,5,5
776,*/ʃpˈiɾt/,/ʃpˈiɾt/,0,0.0,0.0,5,5
777,*/ʃuʃpˈirə/,/ʃpˈirə/,2,0.4,1.7692307692307692,7,5
778,*/ʃpˈɔɾtə/,/ʃpˈɔɾtə/,0,0.0,0.0,6,6
779,*/ʃpˈuzə/,/ʃpˈuzə/,0,0.0,0.0,5,5
780,*/ʃpˈuzə/,/ʃpˈuzə/,0,0.0,0.0,5,5
781,*/ʃpɾˈɛj/,/ʃpɾˈɛj/,0,0.0,0.0,5,5
782,*/ʃpləɾˈɛtkə/,/ʃpɾˈɛtkə/,2,0.2857142857142857,1.0384615384615385,9,7
783,*/ʃpɾˈɛsə/,/ʃpɾˈɛsə/,0,0.0,0.0,6,6
784,*/ʃufəɾˈɛj/,/ʃfɾˈɛj/,2,0.4,1.4807692307692308,7,5
785,*/ʃəɟˈit/,/ʒaɡˈit/,3,0.6,0.21153846153846154,5,5
786,*/ʒˈɛɡ/,/ʒˈɛɡ/,0,0.0,0.0,3,3
787,*/ʒumbˈinə/,/ʒumbˈinə/,0,0.0,0.0,7,7
788,*/ʃˈur/,/ʒˈuɾ/,2,0.6666666666666666,0.09615384615384616,3,3
789,*/tukˈɔj/,/takˈɔj/,1,0.2,0.23076923076923078,5,5
790,*/tɛtˈɔj/,/tatˈɔj/,1,0.2,0.07692307692307693,5,5
791,*/tabˈɛlə/,/tabˈɛlə/,0,0.0,0.0,6,6
792,*/təftˈaɾ/,/taftˈaɾ/,1,0.16666666666666666,0.09615384615384616,6,6
793,*/tavˈɛrə/,/tavˈɛrə/,0,0.0,0.0,6,6
794,*/tˈajə/,/tˈajə/,0,0.0,0.0,4,4
795,*/tˈɔŋɡə/,/tˈaŋɡə/,1,0.2,0.23076923076923078,5,5
796,*/tˈajə/,/tˈalə/,1,0.25,0.2692307692307692,4,4
797,*/tˈaɾ/,/tˈaɾ/,0,0.0,0.0,3,3
798,*/tˈapə/,/tˈapə/,0,0.0,0.0,4,4
799,*/tˈaft/,/tˈaft/,0,0.0,0.0,4,4
800,*/təɾkˈat/,/təɾkˈat/,0,0.0,0.0,6,6
801,*/tɾəmʃˈəɾə/,/təɾʃˈəɾə/,2,0.2857142857142857,0.5192307692307693,8,7
802,*/təɾpˈit/,/təɾpˈit/,0,0.0,0.0,6,6
803,*/tuɾbˈɔj/,/təɾbˈɔj/,1,0.16666666666666666,0.17307692307692307,6,6
804,*/təɾfˈɛl/,/təɾfˈil/,1,0.16666666666666666,0.07692307692307693,6,6
805,*/təɾfˈɔjə/,/təɾfˈɔjə/,0,0.0,0.0,7,7
806,*/təɾfˈuɾk/,/təɾfˈuɾk/,0,0.0,0.0,7,7
807,*/təɾmˈɛt/,/təɾmˈɛt/,0,0.0,0.0,6,6
808,*/tˈɛmbla/,/tˈəmpla/,2,0.3333333333333333,0.09615384615384616,6,6
809,*/tˈɛk/,/tˈɛk/,0,0.0,0.0,3,3
810,*/tˈɛɲə/,/tˈɛɲə/,0,0.0,0.0,4,4
811,*/tˈɛʃə/,/tˈɛʃə/,0,0.0,0.0,4,4
812,*/tˈɛndə/,/tˈɛndə/,0,0.0,0.0,5,5
813,*/tˈɛɾ/,/tˈɛɾ/,0,0.0,0.0,3,3
814,*/tˈif/,/tˈɛpə/,3,0.75,0.7115384615384616,3,4
815,*/tˈɛmbəl/,/tˈɛmpulˠ/,3,0.5,0.28846153846153844,6,6
816,*/tjˈɛɡulˠ/,/tjˈɛɡulˠ/,0,0.0,0.0,6,6
818,*/tˈɛŋɡə/,/tˈiŋɡə/,1,0.2,0.07692307692307693,5,5
819,*/tˈɛnəŋɟ/,/tˈiŋɡəlˠ/,5,0.8333333333333334,1.0769230769230769,6,6
820,*/tˈɛtulˠ/,/tˈitulˠ/,1,0.2,0.07692307692307693,5,5
821,*/tˈis/,/tˈis/,0,0.0,0.0,3,3
822,*/tˈinə/,/tˈinə/,0,0.0,0.0,4,4
823,*/tˈajnə/,/tˈinə/,2,0.5,0.5,5,4
824,*/tˈinə/,/tˈinə/,0,0.0,0.0,4,4
825,*/tˈiməɾ/,/tˈiməɾ/,0,0.0,0.0,5,5
826,*/tɔt͡ʃˈilˠə/,/tɔt͡ʃˈilˠə/,0,0.0,0.0,6,6
827,*/tɔt͡ʃˈit/,/tɔt͡ʃˈit/,0,0.0,0.0,5,5
828,*/tɔɾˈiʃtə/,/tɔɾˈiʃtə/,0,0.0,0.0,7,7
829,*/tɔɾˈua̯/,/tɔɾˈua̯/,0,0.0,0.0,5,5
830,*/tɔpˈil/,/tɔpˈil/,0,0.0,0.0,5,5
831,*/tumˈaɾ/,/tɔmˈɔr/,3,0.6,0.36538461538461536,5,5
832,*/tˈɔkə/,/tˈɔkə/,0,0.0,0.0,4,4
833,*/tˈɔɾkulˠ/,/tˈɔɾkulˠ/,0,0.0,0.0,6,6
834,*/tˈɔɾtə/,/tˈɔɾtə/,0,0.0,0.0,5,5
835,*/tˈɔrə/,/tˈɔrə/,0,0.0,0.0,4,4
836,*/tˈɔpəɾ/,/tˈɔpəɾ/,0,0.0,0.0,5,5
837,*/tunt͡ʃˈan/,/tunt͡ʃˈan/,0,0.0,0.0,6,6
838,*/tɾˈye̯lə/,/tuɾjˈɛlə/,3,0.42857142857142855,1.2307692307692308,6,7
839,*/utɾˈi/,/tuɾˈi/,2,0.5,1.0384615384615385,4,4
840,*/tuɾsˈɛj/,/tuɾʃˈɛj/,1,0.16666666666666666,0.11538461538461539,6,6
841,*/tɾaʃflˈɔj/,/tuɾfulˠˈɔj/,5,0.625,1.4615384615384615,8,8
842,*/tˈulˠə/,/tˈulˠə/,0,0.0,0.0,4,4
843,*/tˈuɲə/,/tˈuɲə/,0,0.0,0.0,4,4
844,*/tˈun/,/tˈun/,0,0.0,0.0,3,3
845,*/tˈund/,/tˈund/,0,0.0,0.0,4,4
846,*/tˈuɾtuɾ/,/tˈuɾtulˠ/,1,0.16666666666666666,0.17307692307692307,6,6
847,*/tˈuɾp/,/tˈuɾp/,0,0.0,0.0,4,4
848,*/tˈuɾbə/,/tˈuɾbə/,0,0.0,0.0,5,5
849,*/tˈuɾmə/,/tˈuɾmə/,0,0.0,0.0,5,5
850,*/tˈurə/,/tˈurə/,0,0.0,0.0,4,4
851,*/tˈufə/,/tˈufə/,0,0.0,0.0,4,4
852,*/tˈuvəl/,/tˈuvlə/,2,0.4,0.5,5,5
853,*/tˈumulˠ/,/tˈumulˠ/,0,0.0,0.0,5,5
854,*/tˈumbə/,/tˈumbə/,0,0.0,0.0,5,5
855,*/tɾɛtˈɔj/,/tɾajtˈɔj/,2,0.2857142857142857,0.5961538461538461,6,7
856,*/təɾkulˠˈij/,/tɾakulˠˈij/,2,0.25,0.6346153846153846,8,8
857,*/tɾaʃəɡˈɔj/,/tɾaʃəɡˈɔj/,0,0.0,0.0,8,8
858,*/tɾazməzˈɔj/,/tɾaməzˈɔj/,1,0.125,0.5961538461538461,9,8
859,*/tɾˈa/,/tɾˈa/,0,0.0,0.0,3,3
860,*/tɾˈɛt/,/tɾˈajt/,2,0.4,0.5961538461538461,4,5
861,*/tɾˈɛtə/,/tɾˈajtə/,2,0.3333333333333333,0.5961538461538461,5,6
862,*/tɾˈaŋɡuɾ/,/tɾˈaŋɡulˠ/,1,0.14285714285714285,0.17307692307692307,7,7
863,*/tɾˈatk/,/tɾˈatk/,0,0.0,0.0,5,5
864,*/tɾˈap/,/tɾˈap/,0,0.0,0.0,4,4
865,*/tɾəndˈɛfəl/,/tɾəndafˈil/,2,0.2222222222222222,0.3269230769230769,9,9
866,*/təʃtˈɔj/,/tɾiʃtˈɔj/,2,0.2857142857142857,0.4230769230769231,6,7
867,*/tɾˈiʃ/,/tɾˈiʃ/,0,0.0,0.0,4,4
868,*/tˈɛɾʃ/,/tɾˈiʃ/,2,0.5,0.6923076923076923,4,4
869,*/tɾˈiʃt/,/tɾˈiʃt/,0,0.0,0.0,5,5
870,*/tɾˈinə/,/tɾˈinə/,0,0.0,0.0,5,5
871,*/tɾˈye̯zə/,/tɾˈye̯zə/,0,0.0,0.0,6,6
872,*/tɾˈye̯lə/,/tɾˈye̯lə/,0,0.0,0.0,6,6
873,*/tɾɔndˈit/,/tɾɔndˈit/,0,0.0,0.0,7,7
874,*/tɾˈɔhə/,/tɾˈɔhə/,0,0.0,0.0,5,5
875,*/tɾˈujtə/,/tɾˈɔftə/,2,0.3333333333333333,0.40384615384615385,6,6
876,*/tɾuʃcˈye̯j/,/tɾuʃcˈye̯j/,0,0.0,0.0,8,8
877,*/tuɾbulˠˈɔj/,/tɾubulˠˈɔj/,2,0.25,0.8846153846153846,8,8
878,*/tɾˈua̯j/,/tɾˈua̯j/,0,0.0,0.0,5,5
879,*/tɾˈua̯lˠ/,/tɾˈua̯lˠ/,0,0.0,0.0,5,5
880,*/tɾˈuŋɡ/,/tɾˈuŋɡ/,0,0.0,0.0,5,5
881,*/tˈuɾbulˠ/,/tɾˈubulˠ/,2,0.3333333333333333,0.8846153846153846,6,6
882,*/tˈumbəɾ/,/tɾˈumə/,3,0.6,1.2692307692307692,6,5
883,*/tɾˈumbə/,/tɾˈumbə/,0,0.0,0.0,6,6
884,*/tmˈye̯ɾ/,/tmˈɛr/,3,0.75,0.6538461538461539,5,4
885,*/daɾˈɔvə/,/daɾˈɔvə/,0,0.0,0.0,6,6
886,*/dˈɔltə/,/dˈaltə/,1,0.2,0.23076923076923078,5,5
887,*/ndəkˈɔj/,/dəkˈɔj/,1,0.2,0.4807692307692308,6,5
888,*/dəlˠˈɛj/,/dəlˠˈɛj/,0,0.0,0.0,5,5
889,*/dəʃiɾˈɔj/,/dəʃiɾˈɔj/,0,0.0,0.0,7,7
890,*/dəʃˈiɾə/,/dəʃˈiɾə/,0,0.0,0.0,6,6
891,*/dəʃtˈɔj/,/dəʃtˈɔj/,0,0.0,0.0,6,6
892,*/dəʃnˈit͡sə/,/dəʃnˈit͡sə/,0,0.0,0.0,7,7
893,*/ndəʃmˈɔj/,/dəʃmˈɔj/,1,0.16666666666666666,0.4807692307692308,7,6
894,*/dɛtˈɔj/,/dətˈɔj/,1,0.2,0.057692307692307696,5,5
895,*/dɛtˈɔɾəs/,/dətˈɔɾəs/,1,0.14285714285714285,0.057692307692307696,7,7
896,*/dənˈɔj/,/dənˈɔj/,0,0.0,0.0,5,5
897,*/dəliɾˈɔj/,/dəliɾˈɔj/,0,0.0,0.0,7,7
898,*/dəlɡˈɔj/,/dəɾɡˈɔj/,1,0.16666666666666666,0.09615384615384616,6,6
899,*/dəɾɡˈɔj/,/dəɾɡˈɔj/,0,0.0,0.0,6,6
900,*/dəɾmˈɔj/,/dəɾmˈɔj/,0,0.0,0.0,6,6
901,*/dəftˈɔj/,/dəftˈɔj/,0,0.0,0.0,6,6
902,*/ndəftˈɔj/,/dəftˈɔj/,1,0.16666666666666666,0.4807692307692308,7,6
903,*/dˈəm/,/dˈəm/,0,0.0,0.0,3,3
904,*/dɛtˈyɾə/,/dɛtˈyɾə/,0,0.0,0.0,6,6
905,*/dɛtˈua̯ɾ/,/dɛtˈua̯ɾ/,0,0.0,0.0,6,6
906,*/dɛltˈinə/,/dɛltˈinə/,0,0.0,0.0,7,7
907,*/dəpəɾtˈɔj/,/dɛpəɾtˈɔj/,1,0.125,0.057692307692307696,8,8
908,*/dˈɛŋ/,/dˈɛɲə/,2,0.5,0.5192307692307693,3,4
909,*/djˈalˠ/,/djˈalˠ/,0,0.0,0.0,4,4
910,*/djˈɛp/,/djˈɛp/,0,0.0,0.0,4,4
911,*/dˈɛməɾ/,/djˈɛməɾ/,1,0.16666666666666666,0.4807692307692308,5,6
912,*/dihˈat/,/dihˈat/,0,0.0,0.0,5,5
913,*/dəkatˈɔj/,/diktˈɔj/,2,0.3333333333333333,0.9615384615384616,7,6
914,*/dˈɛʃk/,/dˈiʃkə/,2,0.4,0.6153846153846154,4,5
915,*/dˈiɾə/,/dˈiɾə/,0,0.0,0.0,4,4
916,*/dˈibəɾ/,/dˈibəɾ/,0,0.0,0.0,5,5
917,*/dˈibər/,/dˈibər/,0,0.0,0.0,5,5
918,*/dɔlˈinə/,/dɔlˈinə/,0,0.0,0.0,6,6
919,*/dɔbˈit/,/dɔbˈit/,0,0.0,0.0,5,5
920,*/dˈɔjkə/,/dˈɔjkə/,0,0.0,0.0,5,5
921,*/dˈɔb/,/dˈɔb/,0,0.0,0.0,3,3
922,*/dəlˠˈye̯ɾ/,/dulˠˈye̯/,2,0.4,0.6730769230769231,6,5
923,*/dulpəkˈɔj/,/dulpəkˈɔj/,0,0.0,0.0,8,8
924,*/duɾˈɔj/,/duɾˈɔj/,0,0.0,0.0,5,5
925,*/dumbɾˈɛ/,/dumbɾˈɛ/,0,0.0,0.0,6,6
926,*/dˈuc/,/dˈuc/,0,0.0,0.0,3,3
927,*/dˈurəs/,/dˈurəs/,0,0.0,0.0,5,5
928,*/dˈumbəɾ/,/dˈumbəɾ/,0,0.0,0.0,6,6
929,*/dɾəŋɡˈua̯/,/dɾaɡˈua̯/,2,0.3333333333333333,0.46153846153846156,7,6
930,*/dɾˈaɡə/,/dɾˈaɡə/,0,0.0,0.0,5,5
931,*/dɾˈapəɾ/,/dɾˈapəɾ/,0,0.0,0.0,6,6
932,*/dɾˈəŋɡ/,/dɾˈəŋɡ/,0,0.0,0.0,5,5
933,*/dɾɛmˈit/,/dɾɛmˈit/,0,0.0,0.0,6,6
934,*/dɾˈɛ/,/dɾˈɛ/,0,0.0,0.0,3,3
935,*/dɾˈɛjt/,/dɾˈɛjt/,0,0.0,0.0,5,5
936,*/dɾˈɛc/,/dɾˈɛc/,0,0.0,0.0,4,4
937,*/dɾˈiʃt/,/dɾˈiʃt/,0,0.0,0.0,5,5
938,*/dɾˈiʃt/,/dɾˈiʃt/,0,0.0,0.0,5,5
940,*/dɾɔbˈit/,/dɾɔbˈit/,0,0.0,0.0,6,6
941,*/dɾˈɔc/,/dɾˈɔk/,1,0.25,0.07692307692307693,4,4
942,*/dɾˈɔmt͡sə/,/dɾˈɔmt͡sə/,0,0.0,0.0,6,6
943,*/t͡salˈik/,/t͡salˈik/,0,0.0,0.0,5,5
944,*/t͡saɾˈinə/,/t͡saɾˈinə/,0,0.0,0.0,6,6
945,*/t͡saɾˈuhɛ/,/t͡saɾˈucɛ/,1,0.16666666666666666,0.21153846153846154,6,6
946,*/t͡sˈaɾə/,/t͡sˈaɾə/,0,0.0,0.0,4,4
947,*/t͡sərˈil/,/t͡səɾˈil/,1,0.2,0.057692307692307696,5,5
948,*/t͡sərˈik/,/t͡sərˈik/,0,0.0,0.0,5,5
949,*/t͡sɛnˈit/,/t͡sɛnˈit/,0,0.0,0.0,5,5
950,*/t͡sˈɛɾmə/,/t͡sˈɛɾmə/,0,0.0,0.0,5,5
951,*/t͡sˈitə/,/t͡sˈitə/,0,0.0,0.0,4,4
952,*/t͡sˈub/,/t͡sˈub/,0,0.0,0.0,3,3
953,*/sˈajə/,/sˈajə/,0,0.0,0.0,4,4
954,*/sˈɛnə/,/sˈanə/,1,0.25,0.07692307692307693,4,4
955,*/sjˈanə/,/sˈanə/,1,0.25,0.5,5,4
956,*/sˈabjɛ/,/sˈabjɛ/,0,0.0,0.0,5,5
957,*/sˈɛlt͡sə/,/sˈɛlt͡sə/,0,0.0,0.0,5,5
958,*/sˈɛɾə/,/sˈɛɾə/,0,0.0,0.0,4,4
959,*/sˈɛmbəɾ/,/sˈɛmbəɾ/,0,0.0,0.0,6,6
960,*/simahˈua̯ɾ/,/simahˈua̯ɾ/,0,0.0,0.0,8,8
961,*/sˈilˠə/,/sˈilˠə/,0,0.0,0.0,4,4
962,*/sɛˈit/,/sˈit/,1,0.3333333333333333,0.5384615384615384,4,3
963,*/sˈitə/,/sˈitə/,0,0.0,0.0,4,4
964,*/sˈitkə/,/sˈitkə/,0,0.0,0.0,5,5
965,*/sˈitkə/,/sˈitkə/,0,0.0,0.0,5,5
966,*/sɔtˈinə/,/sɔtˈinə/,0,0.0,0.0,6,6
967,*/sɔndˈit/,/sɔdˈit/,1,0.2,0.5192307692307693,6,5
968,*/sɔvˈajkə/,/sɔvˈajkə/,0,0.0,0.0,7,7
969,*/skˈɔɾə/,/skˈɔrə/,1,0.2,0.057692307692307696,5,5
970,*/skɔlˠˈupə/,/sklˠˈupə/,1,0.16666666666666666,0.7692307692307693,7,6
971,*/skɾˈɔmə/,/skɾˈɔmə/,0,0.0,0.0,6,6
972,*/slˈɔɡ/,/slˠˈɔɡ/,1,0.25,0.07692307692307693,4,4
973,*/sˈuhə/,/sˈuhə/,0,0.0,0.0,4,4
974,*/sˈucɛ/,/sˈukulˠ/,3,0.6,1.0769230769230769,4,5
975,*/sˈɔnd/,/sˈund/,1,0.25,0.07692307692307693,4,4
976,*/scˈimə/,/scˈimə/,0,0.0,0.0,5,5
977,*/scˈyt/,/scˈyt/,0,0.0,0.0,4,4
978,*/scˈɔtə/,/scˈɔtə/,0,0.0,0.0,5,5
979,*/ʃˈulfuɾ/,/scˈufuɾ/,3,0.5,0.9615384615384616,6,6
980,*/scˈufuɾ/,/scˈufuɾ/,0,0.0,0.0,6,6
981,*/stəɾkˈat/,/stəɾkˈat/,0,0.0,0.0,7,7
982,*/stəɾvˈit/,/stəɾvˈit/,0,0.0,0.0,7,7
983,*/stəɾvˈinə/,/stəɾvˈinə/,0,0.0,0.0,8,8
984,*/stˈɛjə/,/stˈɛjə/,0,0.0,0.0,5,5
985,*/stˈɛŋɡə/,/stˈɛɡə/,1,0.2,0.4230769230769231,6,5
986,*/stˈɛp/,/stˈɛp/,0,0.0,0.0,4,4
987,*/stɾˈɛhə/,/stɾˈɛhə/,0,0.0,0.0,6,6
988,*/stɾˈɔkə/,/stɾˈɔkə/,0,0.0,0.0,6,6
989,*/stɾˈukə/,/stɾˈukə/,0,0.0,0.0,6,6
990,*/stɾˈumi/,/stɾˈum/,1,0.2,0.6346153846153846,6,5
991,*/smjˈat/,/smilˈat/,2,0.3333333333333333,0.7692307692307693,5,6
992,*/də/,/z/,2,2.0,0.6153846153846154,2,1
993,*/zabˈɛl/,/zabˈɛl/,0,0.0,0.0,5,5
994,*/zabˈua̯/,/zabˈua̯/,0,0.0,0.0,5,5
995,*/zumbˈiʃt/,/zambˈiʃt/,1,0.14285714285714285,0.23076923076923078,7,7
996,*/zˈalˠ/,/zˈalˠ/,0,0.0,0.0,3,3
997,*/zəmblˈak/,/zəmblˈak/,0,0.0,0.0,7,7
998,*/zˈəɾə/,/zˈəɾə/,0,0.0,0.0,4,4
999,*/zˈiməɾ/,/zˈəməɾ/,1,0.2,0.09615384615384616,5,5
1000,*/zˈəmt͡ʃə/,/zˈəmt͡ʃə/,0,0.0,0.0,5,5
1001,*/jɔzˈɛf/,/zˈɛf/,2,0.6666666666666666,1.3461538461538463,5,3
1002,*/zˈuʃə/,/zˈuʃə/,0,0.0,0.0,4,4
1003,*/zɟˈɛbɛ/,/zɟˈɛbɛ/,0,0.0,0.0,5,5
1004,*/zɟˈyɾə/,/zɟˈyɾə/,0,0.0,0.0,5,5
1005,*/zvəɟəlˠˈɔj/,/zɟˈɔj/,4,1.0,2.25,8,4
1006,*/zbavˈit/,/zbavˈit/,0,0.0,0.0,6,6
1007,*/zbəlˠˈɔj/,/zbulˈɔj/,2,0.3333333333333333,0.25,6,6
1008,*/zvaɾˈiʃt/,/zvaɾˈiʃt/,0,0.0,0.0,7,7
1009,*/zmˈulɟɛ/,/zmˈɔjlɛ/,3,0.5,0.6538461538461539,6,6
1010,*/θˈəmə/,/θˈanə/,2,0.5,0.19230769230769232,4,4
1011,*/θˈikə/,/θˈikə/,0,0.0,0.0,4,4
1012,*/ðjˈak/,/ðjˈak/,0,0.0,0.0,4,4
1013,*/ðˈiðə/,/ðˈi/,2,1.0,1.0576923076923077,4,2
1014,*/ðˈijə/,/ðˈi/,2,1.0,0.6346153846153846,4,2
1015,*/ðˈisk/,/ðˈisk/,0,0.0,0.0,4,4
1016,*/ðˈɔm/,/ðˈɔmə/,1,0.25,0.4423076923076923,3,4
1017,*/dunˈɔj/,/ðuɾˈɔj/,2,0.4,0.19230769230769232,5,5
1018,*/natˈyɾə/,/natˈyɾə/,0,0.0,0.0,6,6
1019,*/nalt͡sˈɔj/,/nalt͡sˈɔj/,0,0.0,0.0,6,6
1020,*/naɾtˈɔj/,/naɾtˈɔj/,0,0.0,0.0,6,6
1021,*/nafˈɔɾə/,/nafˈɔɾə/,0,0.0,0.0,6,6
1022,*/nˈalt/,/nˈalt/,0,0.0,0.0,4,4
1023,*/nˈaltə/,/nˈaltə/,0,0.0,0.0,5,5
1024,*/nˈapə/,/nˈapə/,0,0.0,0.0,4,4
1025,*/nɛnˈɔj/,/nəməɾˈɔj/,4,0.5714285714285714,1.0961538461538463,5,7
1026,*/nˈuŋɟ/,/nˈəɲɟ/,2,0.5,0.25,4,4
1027,*/nɛɾˈənd͡zə/,/nɛɾˈənd͡zə/,0,0.0,0.0,7,7
1028,*/nɛpˈəɾkə/,/nɛpˈəɾkə/,0,0.0,0.0,7,7
1029,*/nɛvɛɾˈit/,/nɛvɛɾˈit/,0,0.0,0.0,7,7
1030,*/nɛvˈɔjə/,/nɛvˈɔjə/,0,0.0,0.0,6,6
1031,*/mjˈɛtulˠ/,/nˈɛtulˠ/,2,0.4,0.5,6,5
1032,*/nˈɛm/,/nˈɛm/,0,0.0,0.0,3,3
1033,*/nˈiʃ/,/nˈiʃ/,0,0.0,0.0,3,3
1034,*/nˈɛnə/,/nˈinə/,1,0.25,0.07692307692307693,4,4
1035,*/ɲˈɛp/,/nˈip/,2,0.6666666666666666,0.25,3,3
1036,*/nˈɛð/,/nˈye̯/,2,0.6666666666666666,0.38461538461538464,3,3
1037,*/nˈye̯lˠ/,/nˈye̯lˠ/,0,0.0,0.0,4,4
1038,*/nɔtˈɔj/,/nɔtˈɔj/,0,0.0,0.0,5,5
1039,*/nɔʒˈikə/,/nɔzˈikə/,1,0.16666666666666666,0.11538461538461539,6,6
1040,*/nˈɔk/,/nˈɔk/,0,0.0,0.0,3,3
1041,*/nˈɔʃtəɾ/,/nˈɔʃtəɾ/,0,0.0,0.0,6,6
1042,*/nˈɔfkə/,/nˈɔfkə/,0,0.0,0.0,5,5
1043,*/nˈɔfəlˠ/,/nˈɔfulˠ/,1,0.2,0.17307692307692307,5,5
1044,*/numbɾˈɔj/,/numəɾˈɔj/,1,0.14285714285714285,0.28846153846153844,7,7
1045,*/əlvˈɔlˠə/,/nˈulˠə/,4,1.0,1.1538461538461537,6,4
1046,*/nˈusə/,/nˈusɛ/,1,0.25,0.057692307692307696,4,4
1047,*/nˈɔn/,/nˈun/,1,0.3333333333333333,0.07692307692307693,3,3
1048,*/nˈulə/,/nˈulə/,0,0.0,0.0,4,4
1049,*/nˈuməɾ/,/nˈuməɾ/,0,0.0,0.0,5,5
1050,*/ndəlˠˈɛj/,/ndəlˠˈɛj/,0,0.0,0.0,6,6
1051,*/ndəlɡˈɔj/,/ndəɟˈɔj/,2,0.3333333333333333,0.6346153846153846,7,6
1052,*/ndəʃkˈɔj/,/ndəʃkˈɔj/,0,0.0,0.0,7,7
1053,*/ndəɾ/,/ndəɾ/,0,0.0,0.0,4,4
1054,*/ndəɾɡˈɔj/,/ndəɾɡˈɔj/,0,0.0,0.0,7,7
1055,*/naltɾˈɔj/,/ndərˈɔj/,4,0.6666666666666666,0.9615384615384616,7,6
1056,*/ɔɾˈye̯ɾ/,/ndˈɛɾ/,4,1.0,1.0192307692307692,5,4
1057,*/ndujˈɛj/,/ndjˈɛj/,1,0.2,0.6153846153846154,6,5
1058,*/ndəkˈɔj/,/ndikˈɔj/,1,0.16666666666666666,0.09615384615384616,6,6
1059,*/ndɾˈɛc/,/ndɾˈɛc/,0,0.0,0.0,5,5
1060,*/məndɾˈikulˠ/,/ndɾˈikulˠ/,2,0.2857142857142857,0.8846153846153846,9,7
1062,*/ɔlˠkɔmˈi/,/lakmˈi/,3,0.6,1.4807692307692308,6,5
1063,*/laŋɡˈua̯/,/laŋɡˈua̯/,0,0.0,0.0,6,6
1064,*/lˠaʃˈɔvə/,/laʃˈɔvə/,1,0.16666666666666666,0.07692307692307693,6,6
1065,*/latˈyɾə/,/latˈyɾə/,0,0.0,0.0,6,6
1066,*/laɾˈuʃkə/,/laɾˈuʃkə/,0,0.0,0.0,7,7
1067,*/lˠapˈuʃə/,/lapˈuʃə/,1,0.16666666666666666,0.07692307692307693,6,6
1068,*/labˈɔvə/,/labˈɔvə/,0,0.0,0.0,6,6
1069,*/lˈaj/,/lˈaj/,0,0.0,0.0,3,3
1070,*/lˈɛk/,/lˈak/,1,0.3333333333333333,0.07692307692307693,3,3
1071,*/lˈakəɾ/,/lˈakəɾ/,0,0.0,0.0,5,5
1072,*/ˈɔlˠkɔm/,/lˈakəm/,3,0.6,0.9423076923076923,5,5
1073,*/lˈaʃ/,/lˈaʃ/,0,0.0,0.0,3,3
1074,*/lˈatə/,/lˈatə/,0,0.0,0.0,4,4
1075,*/lˈaɾ/,/lˈaɾ/,0,0.0,0.0,3,3
1076,*/lˈaɾɡ/,/lˈaɾɡ/,0,0.0,0.0,4,4
1077,*/lˈaɾð/,/lˈaɾð/,0,0.0,0.0,4,4
1078,*/lˈab/,/lˈab/,0,0.0,0.0,3,3
1079,*/lˈaɾk/,/lˈabɾik/,2,0.3333333333333333,1.2307692307692308,4,6
1080,*/lˈafʃə/,/lˈafʃə/,0,0.0,0.0,5,5
1081,*/lˈavd/,/lˈavd/,0,0.0,0.0,4,4
1082,*/ləkˈua̯/,/ləkˈua̯/,0,0.0,0.0,5,5
1083,*/lˠəŋɡ/,/ləŋɡ/,1,0.25,0.07692307692307693,4,4
1084,*/ləŋɡˈɔj/,/ləŋɡˈɔj/,0,0.0,0.0,6,6
1085,*/ləɲɟˈɛɾɛ/,/ləɲɟˈɛɾɛ/,0,0.0,0.0,7,7
1086,*/ləɲɟˈye̯ɾ/,/ləɲɟˈye̯ɾ/,0,0.0,0.0,7,7
1087,*/ləɲɟˈyɾə/,/ləɲɟˈyɾə/,0,0.0,0.0,7,7
1088,*/ləʃˈɔj/,/ləʃˈɔj/,0,0.0,0.0,5,5
1089,*/lətˈi/,/lətˈi/,0,0.0,0.0,4,4
1090,*/ləndˈinə/,/ləndˈinə/,0,0.0,0.0,7,7
1091,*/ləndˈɔj/,/ləndˈɔj/,0,0.0,0.0,6,6
1092,*/lˠɔɾˈɔj/,/ləɾˈɔj/,2,0.4,0.21153846153846154,5,5
1093,*/ləpˈasə/,/ləpjˈɛtə/,3,0.42857142857142855,0.6730769230769231,6,7
1094,*/luftˈɔj/,/ləftˈɔj/,1,0.16666666666666666,0.17307692307692307,6,6
1095,*/ləvdˈɔj/,/ləvdˈɔj/,0,0.0,0.0,6,6
1096,*/ləmˈɔj/,/ləmˈɔj/,0,0.0,0.0,5,5
1097,*/ləmˈuʃəɾ/,/ləmˈɔʃtəɾ/,2,0.25,0.6346153846153846,7,8
1098,*/lˈind/,/lˈənd/,1,0.25,0.09615384615384616,4,4
1099,*/ɟˈɛnd/,/lˈəndə/,3,0.6,0.8846153846153846,4,5
1100,*/lˠˈənt͡skə/,/lˈənt͡skə/,1,0.16666666666666666,0.07692307692307693,6,6
1101,*/ɟˈɛm/,/lˈəm/,2,0.6666666666666666,0.36538461538461536,3,3
1102,*/lit͡ʃˈit/,/lɛt͡ʃˈit/,1,0.2,0.07692307692307693,5,5
1103,*/lɛʃnˈit͡sə/,/lɛʃnˈit͡sə/,0,0.0,0.0,7,7
1104,*/lɛptˈyɾə/,/lɛptˈyɾə/,0,0.0,0.0,7,7
1105,*/lɛbɛtˈit/,/lɛbɛtˈit/,0,0.0,0.0,7,7
1106,*/lˈɛhə/,/lˈɛhə/,0,0.0,0.0,4,4
1107,*/lˈɛʃ/,/lˈɛʃ/,0,0.0,0.0,3,3
1108,*/lˠˈaʃə/,/lˈɛʃə/,2,0.5,0.15384615384615385,4,4
1109,*/lˈɛʒɲə/,/lˈɛʃɲə/,1,0.2,0.038461538461538464,5,5
1110,*/lˈitəɾ/,/lˈɛtəɾ/,1,0.2,0.07692307692307693,5,5
1111,*/lˈɛsə/,/lˈɛsə/,0,0.0,0.0,4,4
1112,*/lˈistkəɾ/,/lˈɛskəɾ/,2,0.3333333333333333,0.34615384615384615,7,6
1113,*/lˈɛjə/,/lˈɛlə/,1,0.25,0.2692307692307692,4,4
1114,*/lˈɛpəɾ/,/lˈɛpəɾ/,0,0.0,0.0,5,5
1115,*/lˈɛpəʎ/,/lˈɛpuj/,2,0.4,0.2692307692307692,5,5
1116,*/lˈɛpuɾ/,/lˈɛpuɾ/,0,0.0,0.0,5,5
1117,*/lɛndɔɡˈɔnə/,/likɔɟˈɔnə/,4,0.5,0.8076923076923077,9,8
1118,*/lɛktˈyɾə/,/liktˈyɾə/,1,0.14285714285714285,0.07692307692307693,7,7
1119,*/lɛcˈɛ/,/licˈɛn/,2,0.4,0.7307692307692307,4,5
1120,*/liɾˈɔj/,/liɾˈɔj/,0,0.0,0.0,5,5
1121,*/lɛcˈɛɾ/,/lifcˈɛɾ/,2,0.3333333333333333,0.7307692307692307,5,6
1122,*/livˈaðɛ/,/livˈaðɛ/,0,0.0,0.0,6,6
1123,*/lˈi/,/lˈi/,0,0.0,0.0,2,2
1124,*/lˈihə/,/lˈijə/,1,0.25,0.21153846153846154,4,4
1125,*/lˈic/,/lˈic/,0,0.0,0.0,3,3
1126,*/lˈiɟ/,/lˈiɟ/,0,0.0,0.0,3,3
1127,*/lˈiɟɛ/,/lˈiɟɛ/,0,0.0,0.0,4,4
1128,*/lˈiɲə/,/lˈiɲə/,0,0.0,0.0,4,4
1129,*/lˈil/,/lˈil/,0,0.0,0.0,3,3
1130,*/ɟˈiɾ/,/lˈiɾ/,1,0.3333333333333333,0.3076923076923077,3,3
1131,*/lˈiɾ/,/lˈiɾ/,0,0.0,0.0,3,3
1132,*/lˈipə/,/lˈipə/,0,0.0,0.0,4,4
1133,*/lˈibəɾ/,/lˈibəɾ/,0,0.0,0.0,5,5
1134,*/lˈimə/,/lˈimə/,0,0.0,0.0,4,4
1135,*/ləjvˈəj/,/lˈye̯j/,4,1.0,1.2692307692307692,6,4
1136,*/lˈyʃtəɾ/,/lˈyʃtəɾ/,0,0.0,0.0,6,6
1137,*/lˈum/,/lˈym/,1,0.3333333333333333,0.07692307692307693,3,3
1138,*/lɛɡɾˈi/,/lɔɡɔɾˈi/,2,0.3333333333333333,0.9038461538461539,5,6
1139,*/lˠɔpˈatə/,/lɔpˈatə/,1,0.16666666666666666,0.07692307692307693,6,6
1140,*/lˈɔɡ/,/lˈɔɡ/,0,0.0,0.0,3,3
1141,*/lˈɔzə/,/lˈɔzə/,0,0.0,0.0,4,4
1142,*/luhˈat/,/luhˈat/,0,0.0,0.0,5,5
1143,*/luɡˈat/,/luɡˈat/,0,0.0,0.0,5,5
1144,*/lucˈɛɾbulˠ/,/lucˈɛɾbulˠ/,0,0.0,0.0,8,8
1145,*/lucˈɛrə/,/lucˈɛrə/,0,0.0,0.0,6,6
1146,*/luʒˈiɛ/,/luʒˈi/,1,0.25,0.38461538461538464,5,4
1147,*/luftˈaɾ/,/luftˈaɾ/,0,0.0,0.0,6,6
1148,*/lˈua̯j/,/lˈua̯j/,0,0.0,0.0,4,4
1149,*/lˈua̯ð/,/lˈua̯ð/,0,0.0,0.0,4,4
1150,*/lˈua̯/,/lˈua̯n/,1,0.25,0.6153846153846154,3,4
1151,*/lˈukəɾ/,/lˈukəɾ/,0,0.0,0.0,5,5
1152,*/lˈut͡ʃə/,/lˈuʃə/,1,0.25,0.057692307692307696,4,4
1153,*/lˈutə/,/lˈutə/,0,0.0,0.0,4,4
1154,*/lˈusə/,/lˈut͡sə/,1,0.25,0.057692307692307696,4,4
1155,*/lˈuspə/,/lˈuspə/,0,0.0,0.0,5,5
1156,*/lˈundəɾ/,/lˈundəɾ/,0,0.0,0.0,6,6
1157,*/lˈuftə/,/lˈuftə/,0,0.0,0.0,5,5
1158,*/rəɡˈal/,/ɾaɡˈal/,2,0.4,0.15384615384615385,5,5
1159,*/ɾaðˈimə/,/ɾaðˈimə/,0,0.0,0.0,6,6
1160,*/vaɾbˈɛt͡s/,/ɾabˈɛt͡s/,2,0.4,0.7307692307692307,6,5
1161,*/ɾˈaʃə/,/ɾˈaʃə/,0,0.0,0.0,4,4
1162,*/ɾˈasə/,/ɾˈasə/,0,0.0,0.0,4,4
1163,*/ɾˈɔvə/,/ɾˈavə/,1,0.25,0.23076923076923078,4,4
1164,*/rˈua̯kə/,/ɾˈavɡə/,4,0.8,0.6153846153846154,5,5
1165,*/ɾənd͡zˈɔj/,/ɾənd͡zˈɔj/,0,0.0,0.0,6,6
1166,*/rəmˈɔj/,/ɾəmˈɔj/,1,0.2,0.057692307692307696,5,5
1167,*/arˈɛɾə/,/ɾˈəɾə/,3,0.75,0.7307692307692307,5,4
1168,*/rˈəməɾ/,/ɾˈəməɾ/,1,0.2,0.057692307692307696,5,5
1169,*/ɾˈɛɟ/,/ɾˈɛɟ/,0,0.0,0.0,3,3
1170,*/ɾˈɛʒɡə/,/ɾˈɛʒɡə/,0,0.0,0.0,5,5
1171,*/ɾˈɛnd/,/ɾˈɛnd/,0,0.0,0.0,4,4
1172,*/rəɡˈɔj/,/ɾiɡˈɔj/,2,0.4,0.15384615384615385,5,5
1173,*/ɾˈiɡə/,/ɾˈiɡə/,0,0.0,0.0,4,4
1174,*/ɾˈicɛ/,/ɾˈicɛ/,0,0.0,0.0,4,4
1175,*/ɾˈic/,/ɾˈicɛ/,1,0.25,0.5384615384615384,3,4
1176,*/rˈytə/,/ɾˈytə/,1,0.25,0.057692307692307696,4,4
1177,*/ɾɔˈit/,/ɾɔˈit/,0,0.0,0.0,4,4
1178,*/rəɡɔvˈɛskə/,/ɾɔɡɔvˈɛt͡skə/,3,0.3333333333333333,0.25,9,9
1179,*/rɔʃpˈua̯/,/ɾɔʃpˈɔɲə/,4,0.5714285714285714,0.75,6,7
1180,*/ɾɔtˈaɾ/,/ɾɔtˈaɾ/,0,0.0,0.0,5,5
1181,*/ɾɔbɔtˈit/,/ɾɔbtˈit/,1,0.16666666666666666,0.8269230769230769,7,6
1182,*/ɾˈɔj/,/ɾˈɔj/,0,0.0,0.0,3,3
1183,*/ɾˈɔjkə/,/ɾˈɔjkə/,0,0.0,0.0,5,5
1184,*/ɾˈɔɡə/,/ɾˈɔɡə/,0,0.0,0.0,4,4
1185,*/ɾˈɔzə/,/ɾˈɔzə/,0,0.0,0.0,4,4
1186,*/ɾˈɔb/,/ɾˈɔb/,0,0.0,0.0,3,3
1187,*/ruŋɡˈɔj/,/ɾuŋɡˈɔj/,1,0.16666666666666666,0.057692307692307696,6,6
1188,*/ɾˈus/,/ɾˈus/,0,0.0,0.0,3,3
1189,*/ɾˈunɛt͡s/,/ɾˈuns/,2,0.5,0.8076923076923077,5,4
1190,*/əɾɟˈɛnd/,/ɾɟˈənd/,2,0.4,0.5384615384615384,6,5
1191,*/ɾəŋɡˈat/,/raɡˈat/,3,0.6,0.5192307692307693,6,5
1192,*/rəɡɔzˈinə/,/raɡɔzˈinə/,1,0.125,0.09615384615384616,8,8
1193,*/raʃcˈɛl/,/raʃcˈɛl/,0,0.0,0.0,6,6
1194,*/aɾʃˈua̯lˠ/,/rasˈɔlˠ/,5,1.0,1.5192307692307692,6,5
1195,*/ranˈit͡sə/,/ranˈit͡sə/,0,0.0,0.0,6,6
1196,*/rapˈat/,/rapˈat/,0,0.0,0.0,5,5
1197,*/rˈalˠ/,/rˈalˠ/,0,0.0,0.0,3,3
1198,*/rˈacɛ/,/rˈacɛ/,0,0.0,0.0,4,4
1199,*/rˈap/,/rˈap/,0,0.0,0.0,3,3
1200,*/rˈap/,/rˈap/,0,0.0,0.0,3,3
1201,*/rˈapə/,/rˈapə/,0,0.0,0.0,4,4
1202,*/ˈɔɾvəʃ/,/rˈafʃ/,4,1.0,1.3461538461538463,5,4
1203,*/rəkˈɔjə/,/rəkˈajə/,1,0.16666666666666666,0.23076923076923078,6,6
1204,*/rəɡˈalˠə/,/rəɡˈalˠə/,0,0.0,0.0,6,6
1205,*/rəɡˈɔj/,/rəɟˈɔj/,1,0.2,0.07692307692307693,5,5
1206,*/rəndˈɛj/,/rəɲɟˈɛj/,2,0.3333333333333333,0.34615384615384615,6,6
1207,*/rəʃˈajə/,/rəʃˈajə/,0,0.0,0.0,6,6
1208,*/rəʃˈinə/,/rəʃˈiɾə/,1,0.16666666666666666,0.09615384615384616,6,6
1210,*/rəfˈɛj/,/rəfˈɛj/,0,0.0,0.0,5,5
1211,*/əɾmˈatə/,/rəmˈatə/,2,0.3333333333333333,0.4807692307692308,6,6
1212,*/rəmˈit/,/rəmˈit/,0,0.0,0.0,5,5
1213,*/rumbˈɛj/,/rəmbˈɛj/,1,0.16666666666666666,0.17307692307692307,6,6
1214,*/rˈɛɡulˠ/,/rˈɛɡulˠ/,0,0.0,0.0,5,5
1215,*/rˈitəɾ/,/rˈɛtəɾ/,1,0.2,0.07692307692307693,5,5
1216,*/ɾˈɛʃkə/,/rˈɛt͡skə/,2,0.4,0.23076923076923078,5,5
1217,*/rˈɛzə/,/rˈɛzə/,0,0.0,0.0,4,4
1218,*/rˈɛp/,/rˈɛp/,0,0.0,0.0,3,3
1219,*/rˈɛp/,/rˈɛp/,0,0.0,0.0,3,3
1220,*/rˈɛvə/,/rˈɛvə/,0,0.0,0.0,4,4
1221,*/rˈɛm/,/rˈɛm/,0,0.0,0.0,3,3
1222,*/rˈɛm/,/rˈɛmb/,1,0.25,0.36538461538461536,3,4
1223,*/rˈɛm/,/rˈɛmb/,1,0.25,0.36538461538461536,3,4
1224,*/rˈiʃt/,/rjˈɛʃt/,2,0.4,0.46153846153846156,4,5
1225,*/rˈit/,/rjˈɛt/,2,0.5,0.46153846153846156,3,4
1226,*/rəʒɡˈɔj/,/riʒɡˈɔj/,1,0.16666666666666666,0.09615384615384616,6,6
1227,*/rˈikə/,/rˈikə/,0,0.0,0.0,4,4
1228,*/rˈikəɾ/,/rˈicəɾ/,1,0.2,0.07692307692307693,5,5
1229,*/rˈijkə/,/rˈilkə/,1,0.2,0.2692307692307692,5,5
1230,*/rˈipə/,/rˈipə/,0,0.0,0.0,4,4
1231,*/rˈye̯lˠ/,/rˈye̯lˠ/,0,0.0,0.0,4,4
1232,*/rˈylˠ/,/rˈye̯lˠ/,1,0.25,0.5,3,4
1233,*/rˈylˠə/,/rˈylə/,1,0.25,0.07692307692307693,4,4
1234,*/rəɡˈɔz/,/rɔɡˈɔz/,1,0.2,0.1346153846153846,5,5
1235,*/rəpˈak/,/rɔpˈak/,1,0.2,0.1346153846153846,5,5
1236,*/rˈubɛ/,/rˈɔjbə/,3,0.6,0.75,4,5
1237,*/rˈɔkə/,/rˈɔkə/,0,0.0,0.0,4,4
1238,*/rˈɔɡə/,/rˈɔɡə/,0,0.0,0.0,4,4
1239,*/rˈɔɡə/,/rˈɔɡə/,0,0.0,0.0,4,4
1240,*/rˈɔtə/,/rˈɔtə/,0,0.0,0.0,4,4
1241,*/rˈɔtulˠ/,/rˈɔtulˠ/,0,0.0,0.0,5,5
1242,*/rˈɔsk/,/rˈɔzɡ/,2,0.5,0.07692307692307693,4,4
1243,*/rˈɔbuɾ/,/rˈɔbulˠ/,1,0.2,0.17307692307692307,5,5
1244,*/rufˈi/,/rufˈɛ/,1,0.25,0.07692307692307693,4,4
1245,*/rˈua̯j/,/rˈua̯j/,0,0.0,0.0,4,4
1246,*/rˈuɡə/,/rˈuɡə/,0,0.0,0.0,4,4
1247,*/rɔɡˈuʃ/,/rˈuʃ/,2,0.6666666666666666,1.3461538461538463,5,3
1248,*/rˈuʃkulˠ/,/rˈuʃkulˠ/,0,0.0,0.0,6,6
1249,*/rˈuð/,/rˈuð/,0,0.0,0.0,3,3
1250,*/rˈunə/,/rˈunə/,0,0.0,0.0,4,4
1251,*/rˈumb/,/rˈumb/,0,0.0,0.0,4,4
1252,*/rˈumbulˠ/,/rˈumbulˠ/,0,0.0,0.0,6,6
1253,*/pitˈɔj/,/pajtˈɔj/,2,0.3333333333333333,0.5961538461538461,5,6
1254,*/paktˈyɾə/,/paɡətˈyɾə/,2,0.25,0.6730769230769231,7,8
1255,*/paɡˈua̯j/,/paɡˈua̯j/,0,0.0,0.0,6,6
1256,*/pəlˠˈɔj/,/palˠˈɔj/,1,0.2,0.09615384615384616,5,5
1257,*/palˠˈɔj/,/palˠˈɔj/,0,0.0,0.0,5,5
1258,*/pˈaɾ/,/palˠˈua̯/,4,0.8,1.5192307692307692,3,5
1259,*/paʃtɾˈak/,/paʃtɾˈak/,0,0.0,0.0,7,7
1260,*/paʃnˈik/,/paʃnˈik/,0,0.0,0.0,6,6
1261,*/patkˈua̯/,/patkˈua̯/,0,0.0,0.0,6,6
1262,*/padˈit/,/padˈit/,0,0.0,0.0,5,5
1263,*/paɾmˈɛnd/,/paɾmˈɛnd/,0,0.0,0.0,7,7
1264,*/paɾˈiz/,/parˈiz/,1,0.2,0.057692307692307696,5,5
1265,*/pˈajə/,/pˈajə/,0,0.0,0.0,4,4
1266,*/pˈit/,/pˈajt/,2,0.5,0.5961538461538461,3,4
1267,*/pˈak/,/pˈak/,0,0.0,0.0,3,3
1268,*/pˈalˠə/,/pˈalˠə/,0,0.0,0.0,4,4
1269,*/pˈalˠə/,/pˈalˠə/,0,0.0,0.0,4,4
1270,*/pˈac/,/pˈac/,0,0.0,0.0,3,3
1271,*/pˈaʃ/,/pˈaʃ/,0,0.0,0.0,3,3
1272,*/pˈaʃkə/,/pˈaʃkə/,0,0.0,0.0,5,5
1273,*/pˈatə/,/pˈatə/,0,0.0,0.0,4,4
1274,*/pˈalˠ/,/pˈal/,1,0.3333333333333333,0.07692307692307693,3,3
1275,*/plˈaɲə/,/pˈalɲə/,2,0.4,0.6923076923076923,5,5
1276,*/pˈaɾ/,/pˈaɾ/,0,0.0,0.0,3,3
1277,*/pəɡˈəj/,/pəɡˈəj/,0,0.0,0.0,5,5
1278,*/pəɡˈəɾə/,/pəɡˈəɾə/,0,0.0,0.0,6,6
1279,*/pəɡˈəɾə/,/pəɡˈəɾə/,0,0.0,0.0,6,6
1280,*/pəlˠˈɛs/,/pəlˠˈas/,1,0.2,0.07692307692307693,5,5
1281,*/pəlˠˈəmə/,/pəlˠˈəmbə/,1,0.14285714285714285,0.4230769230769231,6,7
1282,*/pəlˠˈumb/,/pəlˠˈumb/,0,0.0,0.0,6,6
1283,*/pəlcˈi/,/pəcˈi/,1,0.25,0.5961538461538461,5,4
1284,*/pəʃkˈɔj/,/pəʃkˈɔj/,0,0.0,0.0,6,6
1285,*/pəsˈɔj/,/pəsˈɔj/,0,0.0,0.0,5,5
1286,*/pəndˈaɾ/,/pəndˈaɾ/,0,0.0,0.0,6,6
1287,*/pəlcˈɛj/,/pəlcˈɛj/,0,0.0,0.0,6,6
1288,*/pəɾ/,/pəɾ/,0,0.0,0.0,3,3
1289,*/pəɾhˈɛɾə/,/pəɾhˈɛɾə/,0,0.0,0.0,7,7
1290,*/pɔkɾˈɔvə/,/pəɾkˈavə/,4,0.5714285714285714,0.8653846153846154,7,7
1291,*/pəɾcˈi/,/pəɾcˈi/,0,0.0,0.0,5,5
1292,*/pəɾtəɟˈimə/,/pəɾɟˈim/,3,0.5,1.4807692307692308,9,6
1293,*/pəɾɟlˠˈɔj/,/pəɾɟˈɔj/,1,0.16666666666666666,0.6923076923076923,7,6
1294,*/pəɾtˈɔj/,/pəɾtˈɔj/,0,0.0,0.0,6,6
1295,*/pəɾdəlˠˈɛj/,/pəɾdəlˠˈɛj/,0,0.0,0.0,8,8
1296,*/pɾəɾˈaɾ/,/pəɾnˈaɾ/,2,0.3333333333333333,0.6346153846153846,6,6
1297,*/pəɾpaɾˈɔj/,/pəɾpaɾˈɔj/,0,0.0,0.0,8,8
1298,*/pɾˈalˠə/,/pərˈalˠə/,2,0.3333333333333333,0.5961538461538461,5,6
1299,*/pɔɾˈua̯/,/pərˈua̯/,2,0.4,0.19230769230769232,5,5
1300,*/pɾˈaj/,/pərˈua̯/,4,0.8,0.9038461538461539,4,5
1302,*/pɛkˈul/,/pɛkˈul/,0,0.0,0.0,5,5
1303,*/pəʃˈɔj/,/pɛʃˈɔj/,1,0.2,0.057692307692307696,5,5
1304,*/pəʃkətˈaɾ/,/pɛʃkətˈaɾ/,1,0.125,0.057692307692307696,8,8
1305,*/pɛʃkˈɔp/,/pɛʃkˈɔp/,0,0.0,0.0,6,6
1306,*/pɛʃkˈɔp/,/pɛʃkˈɔp/,0,0.0,0.0,6,6
1307,*/pɛtˈavəɾ/,/pɛtˈavəɾ/,0,0.0,0.0,7,7
1308,*/pɛtɾˈɛʃ/,/pɛtɾˈɛʃ/,0,0.0,0.0,6,6
1309,*/pɛndˈɛsə/,/pɛndˈɛsə/,0,0.0,0.0,7,7
1310,*/pɛndˈɛj/,/pɛndˈɔj/,1,0.16666666666666666,0.15384615384615385,6,6
1311,*/pɛlˈɛnə/,/pɛlˈɛnə/,0,0.0,0.0,6,6
1312,*/pɛlˈin/,/pɛlˈin/,0,0.0,0.0,5,5
1313,*/məɾtˈɛʃə/,/pɛɾəndˈɛʃə/,5,0.5555555555555556,1.1730769230769231,7,9
1314,*/paɾəndˈɔj/,/pɛɾəndˈɔj/,1,0.125,0.07692307692307693,8,8
1315,*/mbɾɛtˈua̯ɾ/,/pɛɾəndˈua̯ɾ/,5,0.5555555555555556,1.0,8,9
1316,*/pˈɛk/,/pˈɛk/,0,0.0,0.0,3,3
1317,*/pˈɛŋ/,/pˈɛŋɡ/,1,0.25,0.36538461538461536,3,4
1318,*/mbjˈɛkə/,/pˈɛŋɡə/,5,1.0,1.0192307692307692,6,5
1319,*/pˈɛŋɡə/,/pˈɛŋɡə/,0,0.0,0.0,5,5
1320,*/pˈɛlˠɡ/,/pˈɛlˠɡ/,0,0.0,0.0,4,4
1321,*/pˈɛʃə/,/pˈɛʃə/,0,0.0,0.0,4,4
1322,*/pˈɛʃc/,/pˈɛʃc/,0,0.0,0.0,4,4
1323,*/pˈɛtə/,/pˈɛtə/,0,0.0,0.0,4,4
1324,*/pˈɛtk/,/pˈɛtk/,0,0.0,0.0,4,4
1325,*/pˈɛtulˠ/,/pˈɛtulˠ/,0,0.0,0.0,5,5
1326,*/pˈɛnə/,/pˈɛndə/,1,0.2,0.4423076923076923,4,5
1327,*/pˈɛmə/,/pˈɛmə/,0,0.0,0.0,4,4
1328,*/pijavˈit͡sə/,/pjavˈit͡sə/,1,0.14285714285714285,0.3076923076923077,8,7
1329,*/pjˈɛkə/,/pjˈɛkə/,0,0.0,0.0,5,5
1330,*/pjˈɛʃkə/,/pjˈɛʃkə/,0,0.0,0.0,6,6
1331,*/pjˈɛtəɾ/,/pjˈɛtəɾ/,0,0.0,0.0,6,6
1332,*/pˈɛsə/,/pjˈɛsə/,1,0.2,0.5,4,5
1333,*/pjˈɛɾɡulˠ/,/pjˈɛɾɡulˠ/,0,0.0,0.0,7,7
1334,*/pjˈɛpəɾ/,/pjˈɛpəɾ/,0,0.0,0.0,6,6
1335,*/pɛpˈɔɾə/,/pjˈɛpəɾ/,4,0.6666666666666666,1.2692307692307692,6,6
1336,*/pihˈat/,/pihˈat/,0,0.0,0.0,5,5
1337,*/pɛŋɡɾˈɔj/,/piŋɡɾˈɔj/,1,0.14285714285714285,0.07692307692307693,7,7
1338,*/pipəlˠˈij/,/pipəlˠˈij/,0,0.0,0.0,7,7
1339,*/pipˈij/,/pipˈij/,0,0.0,0.0,5,5
1340,*/pˈilˠə/,/pˈilˠə/,0,0.0,0.0,4,4
1341,*/pˈilˠə/,/pˈilˠə/,0,0.0,0.0,4,4
1342,*/pˈɛlˠə/,/pˈilˠə/,1,0.25,0.07692307692307693,4,4
1343,*/pˈitə/,/pˈitə/,0,0.0,0.0,4,4
1344,*/pˈit/,/pˈitɛ/,1,0.25,0.6346153846153846,3,4
1345,*/pˈiʃkə/,/pˈizɡə/,2,0.4,0.19230769230769232,5,5
1346,*/pˈɛl/,/pˈil/,1,0.3333333333333333,0.07692307692307693,3,3
1347,*/pˈirə/,/pˈirə/,0,0.0,0.0,4,4
1348,*/pˈipə/,/pˈipə/,0,0.0,0.0,4,4
1349,*/pˈyjkə/,/pˈykə/,1,0.25,0.4230769230769231,5,4
1350,*/pˈylˠ/,/pˈylˠ/,0,0.0,0.0,3,3
1351,*/pɔjˈak/,/pɔjˈak/,0,0.0,0.0,5,5
1352,*/pəjˈatə/,/pɔjˈatə/,1,0.16666666666666666,0.1346153846153846,6,6
1353,*/pulˈɛ/,/pɔjˈan/,4,0.8,1.1153846153846154,4,5
1354,*/pɔtˈɛrə/,/pɔtˈɛɾɛ/,2,0.3333333333333333,0.11538461538461539,6,6
1355,*/patkˈua̯/,/pɔtkˈua̯/,1,0.16666666666666666,0.23076923076923078,6,6
1356,*/pɔstˈajə/,/pɔstˈahɛ/,2,0.2857142857142857,0.2692307692307692,7,7
1357,*/pɔstˈat/,/pɔstˈat/,0,0.0,0.0,6,6
1358,*/pɔstɾˈɛhə/,/pɔstɾˈɛ/,2,0.3333333333333333,0.8461538461538461,8,6
1359,*/pɔnˈit/,/pɔnˈit/,0,0.0,0.0,5,5
1360,*/pɔɾˈɛnd/,/pɔɾˈɛnd/,0,0.0,0.0,6,6
1361,*/pɔɾɔsˈit/,/pɔɾɔsˈit/,0,0.0,0.0,7,7
1362,*/pɔɾˈit/,/pɔrˈit/,1,0.2,0.057692307692307696,5,5
1363,*/pˈɔʃt/,/pˈɔʃt/,0,0.0,0.0,4,4
1364,*/pˈɔt/,/pˈɔt/,0,0.0,0.0,3,3
1365,*/pˈɔtkə/,/pˈɔtkə/,0,0.0,0.0,5,5
1366,*/pˈɔr/,/pˈɔɾ/,1,0.3333333333333333,0.057692307692307696,3,3
1367,*/pˈɔɾtə/,/pˈɔɾtə/,0,0.0,0.0,5,5
1368,*/pˈɔr/,/pˈɔr/,0,0.0,0.0,3,3
1369,*/pˈɔric/,/pˈɔric/,0,0.0,0.0,5,5
1370,*/pˈɔpulˠ/,/pˈɔpulˠ/,0,0.0,0.0,5,5
1371,*/plaʃˈit͡sə/,/plˠaʃˈit͡sə/,1,0.14285714285714285,0.07692307692307693,7,7
1372,*/plˈɛjə/,/plˠˈajə/,2,0.4,0.15384615384615385,5,5
1373,*/plˈaz/,/plˠˈaz/,1,0.25,0.07692307692307693,4,4
1374,*/plˈɔt͡ʃə/,/plˠˈɔt͡ʃə/,1,0.2,0.07692307692307693,5,5
1375,*/plˈɔʃkə/,/plˠˈɔt͡ʃkə/,2,0.3333333333333333,0.1346153846153846,6,6
1376,*/pˈɔlt͡skə/,/plˠˈɔt͡skə/,2,0.3333333333333333,0.7692307692307693,6,6
1377,*/plˈɔskə/,/plˠˈɔskə/,1,0.16666666666666666,0.07692307692307693,6,6
1378,*/pəlˈand/,/pulˠˈənd/,3,0.5,0.34615384615384615,6,6
1379,*/pulˠˈɛndə/,/pulˠˈəndə/,1,0.14285714285714285,0.057692307692307696,7,7
1380,*/paʃˈɔj/,/puʃˈɔj/,1,0.2,0.23076923076923078,5,5
1381,*/puʃˈɔj/,/puʃˈɔj/,0,0.0,0.0,5,5
1382,*/puʃtˈɛt/,/puʃtˈɛt/,0,0.0,0.0,6,6
1383,*/puʃtˈɔj/,/puʃtˈɔj/,0,0.0,0.0,6,6
1384,*/putˈəɾə/,/putˈəɾə/,0,0.0,0.0,6,6
1385,*/pɔsˈulˠə/,/pusˈulˠə/,1,0.16666666666666666,0.07692307692307693,6,6
1386,*/pulcˈɛɾ/,/pulcˈɛɾ/,0,0.0,0.0,6,6
1387,*/pulcˈye̯ɾ/,/pulcˈye̯ɾ/,0,0.0,0.0,7,7
1388,*/pɾˈɔj/,/puɾˈɔj/,1,0.2,0.8653846153846154,4,5
1389,*/purˈi/,/purˈi/,0,0.0,0.0,4,4
1390,*/pəɾpaɾˈɔj/,/puprˈɔj/,4,0.6666666666666666,1.4615384615384615,8,6
1391,*/pˈulˠk/,/pˈuk/,1,0.3333333333333333,0.6153846153846154,4,3
1392,*/pˈulˠkə/,/pˈukə/,1,0.25,0.6153846153846154,5,4
1393,*/pˈuŋɡə/,/pˈuŋɡə/,0,0.0,0.0,5,5
1394,*/pˈus/,/pˈus/,0,0.0,0.0,3,3
1395,*/pˈul/,/pˈul/,0,0.0,0.0,3,3
1396,*/pˈulə/,/pˈulə/,0,0.0,0.0,4,4
1397,*/pˈulpə/,/pˈulpə/,0,0.0,0.0,5,5
1398,*/pˈurə/,/pˈurə/,0,0.0,0.0,4,4
1399,*/pˈupə/,/pˈupə/,0,0.0,0.0,4,4
1400,*/pˈupə/,/pˈupə/,0,0.0,0.0,4,4
1401,*/pˈundə/,/pˈuftə/,2,0.4,0.28846153846153844,5,5
1402,*/pəlʃnˈik/,/plaʃnˈik/,2,0.2857142857142857,0.5961538461538461,7,7
1403,*/plˈaɡə/,/plˈaɡə/,0,0.0,0.0,5,5
1404,*/plˈaŋɡ/,/plˈaŋɡ/,0,0.0,0.0,5,5
1405,*/plˈaŋɡ/,/plˈaŋɡ/,0,0.0,0.0,5,5
1406,*/plivˈat/,/plɛvˈat/,1,0.16666666666666666,0.07692307692307693,6,6
1407,*/plɛvnˈit͡sə/,/plɛvˈit͡sə/,1,0.14285714285714285,0.5576923076923077,8,7
1408,*/flˠˈaŋɡ/,/plˈɛŋɡ/,3,0.6,0.25,5,5
1409,*/flˠˈəŋɡə/,/plˈɛŋɡə/,3,0.5,0.23076923076923078,6,6
1410,*/pəlˠˈɛŋɡə/,/plˈɛŋɡə/,2,0.3333333333333333,0.7307692307692307,7,6
1411,*/plˈɛp/,/plˈɛp/,0,0.0,0.0,4,4
1412,*/pˈɛpulˠ/,/plˈɛp/,3,0.75,1.6923076923076923,5,4
1413,*/plˈit/,/plˈic/,1,0.25,0.17307692307692307,4,4
1414,*/plˈua̯ɾ/,/plˈua̯ɾ/,0,0.0,0.0,5,5
1415,*/plˈuskə/,/plˈuskə/,0,0.0,0.0,6,6
1416,*/plˈumb/,/plˈumb/,0,0.0,0.0,5,5
1417,*/pɾˈɔh/,/pɾˈaf/,2,0.5,0.4230769230769231,4,4
1418,*/pɾəmvˈɛɾə/,/pɾəmvˈɛɾə/,0,0.0,0.0,8,8
1419,*/pɾəmɛtˈɔj/,/pɾɛmtˈɔj/,2,0.2857142857142857,0.75,8,7
1420,*/pɾˈɛðə/,/pɾˈɛ/,2,0.6666666666666666,1.0192307692307692,5,3
1421,*/pɾˈɛj/,/pɾˈɛlˠ/,1,0.25,0.2692307692307692,4,4
1422,*/pɾˈaʃ/,/pɾˈɛʃ/,1,0.25,0.07692307692307693,4,4
1423,*/pɾˈɛðə/,/pɾˈɛðə/,0,0.0,0.0,5,5
1424,*/pɾˈi/,/pɾˈɛvə/,3,0.6,1.1538461538461537,3,5
1425,*/pɾivˈəj/,/pɾivˈɔj/,1,0.16666666666666666,0.1346153846153846,6,6
1426,*/pɾˈij/,/pɾˈij/,0,0.0,0.0,4,4
1427,*/purˈi/,/pɾˈijə/,4,0.8,1.1730769230769231,4,5
1428,*/pɾˈil/,/pɾˈilˠ/,1,0.25,0.07692307692307693,4,4
1429,*/pɾˈiɲɟ/,/pɾˈiɲɟ/,0,0.0,0.0,5,5
1430,*/pɾˈisk/,/pɾˈisk/,0,0.0,0.0,5,5
1431,*/pɾˈind/,/pɾˈind/,0,0.0,0.0,5,5
1432,*/pɾˈitəɾ/,/pɾˈift/,3,0.6,0.8846153846153846,6,5
1433,*/pɾˈitəɾ/,/pɾˈiftəɾ/,1,0.14285714285714285,0.5961538461538461,6,7
1434,*/pɾɔʒmˈɔj/,/pɾɔʒmˈɔj/,0,0.0,0.0,7,7
1435,*/pɾˈua̯j/,/pɾɔðˈɔj/,3,0.5,1.1153846153846154,5,6
1436,*/pɾɔndˈit/,/pɾɔndˈit/,0,0.0,0.0,7,7
1437,*/pɔbɾatˈim/,/pɾɔbatˈin/,3,0.375,0.9807692307692307,8,8
1438,*/pɾˈɔj/,/pɾˈɔj/,0,0.0,0.0,4,4
1439,*/bɾˈɔkə/,/pɾˈɔkə/,1,0.2,0.038461538461538464,5,5
1440,*/pɾˈɔʒm/,/pɾˈɔʒəm/,1,0.16666666666666666,0.5192307692307693,5,6
1441,*/pɾˈua̯j/,/pɾˈua̯j/,0,0.0,0.0,5,5
1442,*/pɾˈua̯j/,/pɾˈua̯j/,0,0.0,0.0,5,5
1443,*/baktˈi/,/baktˈi/,0,0.0,0.0,5,5
1444,*/batˈit/,/batˈit/,0,0.0,0.0,5,5
1445,*/balˠˈɔʃ/,/balˈaʃ/,2,0.4,0.3076923076923077,5,5
1446,*/baɾˈatəɾ/,/balˈadəɾ/,2,0.2857142857142857,0.1346153846153846,7,7
1447,*/balˠˈɔʃ/,/balˈɔʃ/,1,0.2,0.07692307692307693,5,5
1448,*/baɾmˈɔʃ/,/baɾmˈaʃ/,1,0.16666666666666666,0.23076923076923078,6,6
1449,*/bˈac/,/bˈac/,0,0.0,0.0,3,3
1450,*/bˈaɲə/,/bˈaɲə/,0,0.0,0.0,4,4
1451,*/bˈalt͡ʃəm/,/bˈalt͡ʃəm/,0,0.0,0.0,6,6
1452,*/bˈaɾkə/,/bˈaɾkə/,0,0.0,0.0,5,5
1453,*/bˈabə/,/bˈabə/,0,0.0,0.0,4,4
1454,*/bəɡˈatə/,/bəɡˈatə/,0,0.0,0.0,6,6
1455,*/batˈajə/,/bətˈajə/,1,0.16666666666666666,0.09615384615384616,6,6
1456,*/bɛŋɡˈɔj/,/bənkˈɔj/,3,0.5,0.2692307692307692,6,6
1458,*/bəɾt͡ʃˈik/,/bəɾt͡ʃˈik/,0,0.0,0.0,6,6
1459,*/bəɾʃnˈik/,/bəɾʃnˈik/,0,0.0,0.0,7,7
1460,*/bəɾtˈat/,/bəɾtˈat/,0,0.0,0.0,6,6
1461,*/bəɾt͡sˈɛl/,/bəɾt͡sˈɛl/,0,0.0,0.0,6,6
1462,*/bəɾzˈəɾə/,/bəɾzˈəɾə/,0,0.0,0.0,7,7
1463,*/bəɾzˈɛʃtə/,/bəɾzˈɛʃtə/,0,0.0,0.0,8,8
1464,*/batˈajə/,/bɛtˈɛjə/,2,0.3333333333333333,0.15384615384615385,6,6
1465,*/bɛlˈɛvə/,/bɛlˈɛvə/,0,0.0,0.0,6,6
1466,*/bəlvˈit͡sə/,/bɛlbˈit͡sə/,2,0.2857142857142857,0.15384615384615385,7,7
1467,*/bɛlɾˈat/,/bɛɾˈat/,1,0.2,0.40384615384615385,6,5
1468,*/bˈɛjkə/,/bˈɛjkə/,0,0.0,0.0,5,5
1469,*/bˈɛl/,/bˈɛl/,0,0.0,0.0,3,3
1470,*/bˈɛlt͡sə/,/bˈɛlt͡sə/,0,0.0,0.0,5,5
1471,*/bˈalb/,/bˈɛlb/,1,0.25,0.07692307692307693,4,4
1472,*/ɔbˈɛɾk/,/bˈɛɾk/,1,0.25,0.6538461538461539,5,4
1473,*/pˈaʃkə/,/bjˈɛʃkə/,3,0.5,0.5769230769230769,5,6
1474,*/biɲˈaɾ/,/biɲˈaɾ/,0,0.0,0.0,5,5
1475,*/bəʃtˈajə/,/biʃtˈajə/,1,0.14285714285714285,0.09615384615384616,7,7
1476,*/biʃnˈit͡sə/,/biʃnˈit͡sə/,0,0.0,0.0,7,7
1477,*/bɛsˈɛdə/,/bisˈɛdə/,1,0.16666666666666666,0.07692307692307693,6,6
1478,*/bistɾˈit͡sə/,/bistɾˈit͡sə/,0,0.0,0.0,8,8
1479,*/bˈɛʃə/,/bˈiʃə/,1,0.25,0.07692307692307693,4,4
1480,*/bˈisk/,/bˈisk/,0,0.0,0.0,4,4
1481,*/bˈistəɾ/,/bˈistəɾ/,0,0.0,0.0,6,6
1482,*/pˈistəɾ/,/bˈistəɾ/,1,0.16666666666666666,0.038461538461538464,6,6
1483,*/bɔɡˈɔvə/,/bɔɡˈɔvə/,0,0.0,0.0,6,6
1484,*/bɔɾˈikə/,/bɔɾˈiɡə/,1,0.16666666666666666,0.038461538461538464,6,6
1485,*/bˈɔlˠə/,/bˈɔlˠə/,0,0.0,0.0,4,4
1486,*/bˈɔlbə/,/bˈɔlbə/,0,0.0,0.0,5,5
1487,*/bua̯lˠˈit͡sə/,/bua̯lˠˈit͡sə/,0,0.0,0.0,7,7
1488,*/bulˠˈɔɡ/,/bulˠˈɔɡ/,0,0.0,0.0,5,5
1489,*/but͡ʃˈat/,/but͡ʃˈat/,0,0.0,0.0,5,5
1490,*/buʃtɾˈit͡sə/,/buʃtɾˈit͡sə/,0,0.0,0.0,8,8
1491,*/bult͡ʃˈɛʃ/,/bult͡ʃˈɛʃ/,0,0.0,0.0,6,6
1492,*/bˈulˠ/,/bˈua̯lˠ/,1,0.25,0.6538461538461539,3,4
1493,*/bˈua̯lˠ/,/bˈua̯lˠ/,0,0.0,0.0,4,4
1494,*/bˈujk/,/bˈujk/,0,0.0,0.0,4,4
1495,*/bˈukə/,/bˈukə/,0,0.0,0.0,4,4
1496,*/bˈuʃ/,/bˈuʃ/,0,0.0,0.0,3,3
1497,*/bˈuʃtəɾ/,/bˈuʃtəɾ/,0,0.0,0.0,6,6
1498,*/bˈut/,/bˈut/,0,0.0,0.0,3,3
1499,*/bˈulə/,/bˈulə/,0,0.0,0.0,4,4
1500,*/bˈulc/,/bˈulc/,0,0.0,0.0,4,4
1501,*/pˈulbəɾ/,/bˈulbəɾ/,1,0.16666666666666666,0.038461538461538464,6,6
1502,*/bˈuɾɡ/,/bˈuɾɡ/,0,0.0,0.0,4,4
1503,*/bˈuf/,/bˈuf/,0,0.0,0.0,3,3
1504,*/blˈatə/,/blˈatə/,0,0.0,0.0,5,5
1505,*/blˈanə/,/blˈanə/,0,0.0,0.0,5,5
1506,*/blˈie̯j/,/blˈɛj/,2,0.5,0.23076923076923078,5,4
1507,*/mlˈɛtə/,/blˈɛtə/,1,0.2,0.1346153846153846,5,5
1508,*/blˈɛn/,/blˈi/,2,0.6666666666666666,0.7307692307692307,4,3
1509,*/mulˠˈɔj/,/blˈua̯j/,4,0.8,1.2115384615384615,5,5
1510,*/bɛlˠˈuʃ/,/blˈuʃ/,2,0.5,0.8076923076923077,5,4
1511,*/blˈudə/,/blˈudə/,0,0.0,0.0,5,5
1512,*/blˈudə/,/blˈudə/,0,0.0,0.0,5,5
1513,*/bɾˈazdə/,/bɾˈazə/,1,0.2,0.40384615384615385,6,5
1514,*/bɾˈanə/,/bɾˈanə/,0,0.0,0.0,5,5
1515,*/bɾˈavə/,/bɾˈavə/,0,0.0,0.0,5,5
1516,*/bɾˈɛc/,/bɾˈɛkə/,2,0.4,0.6153846153846154,4,5
1517,*/bɾˈɛɡ/,/bɾˈɛɡ/,0,0.0,0.0,4,4
1518,*/bɾˈɛʃkə/,/bɾˈɛʃkə/,0,0.0,0.0,6,6
1519,*/bɾˈɛʃkə/,/bɾˈɛʃkə/,0,0.0,0.0,6,6
1520,*/bɾˈɛtk/,/bɾˈɛtk/,0,0.0,0.0,5,5
1521,*/bɾˈɛtk/,/bɾˈɛtk/,0,0.0,0.0,5,5
1522,*/bɾˈɛj/,/bɾˈɛð/,1,0.25,0.2692307692307692,4,4
1523,*/bɾˈisk/,/bɾˈisk/,0,0.0,0.0,5,5
1524,*/bɾˈiskə/,/bɾˈiskə/,0,0.0,0.0,6,6
1525,*/bɾˈymə/,/bɾˈymə/,0,0.0,0.0,5,5
1526,*/bɾˈukə/,/bɾˈukə/,0,0.0,0.0,5,5
1527,*/fəlkˈua̯/,/fajkˈua̯/,2,0.3333333333333333,0.36538461538461536,6,6
1528,*/facˈɔlˠ/,/facˈɔlˠ/,0,0.0,0.0,5,5
1529,*/faʃˈua̯lˠ/,/faʃˈua̯lˠ/,0,0.0,0.0,6,6
1530,*/fəʃcˈɔj/,/faʃcˈɔj/,1,0.16666666666666666,0.09615384615384616,6,6
1531,*/fsˈuk/,/fant͡sˈuk/,3,0.5,1.3653846153846154,4,6
1532,*/fəɾkˈɔj/,/faɾkˈɔj/,1,0.16666666666666666,0.09615384615384616,6,6
1533,*/fˈaj/,/fˈaj/,0,0.0,0.0,3,3
1534,*/fˈaɡ/,/fˈaɡ/,0,0.0,0.0,3,3
1535,*/fˈacɛ/,/fˈacɛ/,0,0.0,0.0,4,4
1536,*/fˈaʃcə/,/fˈaʃcə/,0,0.0,0.0,5,5
1537,*/fˈat/,/fˈat/,0,0.0,0.0,3,3
1538,*/fˈaɾ/,/fˈaɾ/,0,0.0,0.0,3,3
1539,*/fˈaɾkə/,/fˈaɾkə/,0,0.0,0.0,5,5
1540,*/fˈaɾmək/,/fˈaɾmək/,0,0.0,0.0,6,6
1541,*/fˈamə/,/fˈamə/,0,0.0,0.0,4,4
1542,*/fˈamulˠ/,/fˈamulˠ/,0,0.0,0.0,5,5
1543,*/fajˈɛj/,/fəjˈɛj/,1,0.2,0.09615384615384616,5,5
1544,*/fəɲˈɛʃtəɾ/,/fəɲˈɛʃtəɾ/,0,0.0,0.0,8,8
1545,*/fundˈua̯ɾ/,/fənˈɛɾ/,4,0.8,1.6153846153846154,7,5
1546,*/fəlcˈiɲə/,/fəlcˈiɲə/,0,0.0,0.0,7,7
1547,*/fəɾkˈɔj/,/fəɾkˈɔj/,0,0.0,0.0,6,6
1548,*/fəɾɡəlˠˈɔj/,/fəɾɡəlˠˈɔj/,0,0.0,0.0,8,8
1549,*/fəɾɡˈɔj/,/fəɾɡˈɔj/,0,0.0,0.0,6,6
1551,*/fərˈatə/,/fərˈatə/,0,0.0,0.0,6,6
1552,*/fərˈɔj/,/fərˈɔj/,0,0.0,0.0,5,5
1553,*/fəmˈijə/,/fəmˈijə/,0,0.0,0.0,6,6
1554,*/fjˈɔj/,/fɛjˈɔj/,1,0.2,0.5192307692307693,4,5
1555,*/fˈɛj/,/fˈɛ/,1,0.5,0.46153846153846156,3,2
1556,*/fˈɛjkə/,/fˈɛjkə/,0,0.0,0.0,5,5
1557,*/fˈajə/,/fˈɛlə/,2,0.5,0.34615384615384615,4,4
1558,*/fˈɛlə/,/fˈɛlə/,0,0.0,0.0,4,4
1559,*/fˈɛr/,/fˈɛr/,0,0.0,0.0,3,3
1560,*/fˈɛməɾ/,/fˈɛməɾ/,0,0.0,0.0,5,5
1561,*/fjˈɛʃtəɾ/,/fjˈɛʃtəɾ/,0,0.0,0.0,7,7
1562,*/fjˈɔlˠə/,/fjˈɔlˠə/,0,0.0,0.0,5,5
1563,*/fəʃtəlˠˈɔj/,/fiʃkəlˠˈɔj/,2,0.25,0.2692307692307692,8,8
1564,*/fˈijə/,/fˈijə/,0,0.0,0.0,4,4
1565,*/fˈik/,/fˈik/,0,0.0,0.0,3,3
1566,*/fˈilˠ/,/fˈilˠ/,0,0.0,0.0,3,3
1567,*/fitˈyɾə/,/fytˈyɾə/,1,0.16666666666666666,0.07692307692307693,6,6
1568,*/fˈye̯j/,/fˈye̯j/,0,0.0,0.0,4,4
1569,*/fujˈatə/,/fɔjlˈɛtə/,3,0.42857142857142855,0.7307692307692307,6,7
1570,*/fjˈɔʃ/,/fˈɔʃ/,1,0.3333333333333333,0.6346153846153846,4,3
1571,*/fˈɔɾt/,/fˈɔɾt/,0,0.0,0.0,4,4
1572,*/fuɾmˈɛlə/,/fˈɔɾbəl/,4,0.6666666666666666,0.8846153846153846,7,6
1573,*/halˈit/,/flˠadˈit/,3,0.5,1.0769230769230769,5,6
1574,*/hˈal/,/flˠˈad/,3,0.75,1.0769230769230769,3,4
1575,*/fˈulc/,/fucˈi/,3,0.75,0.6923076923076923,4,4
1576,*/fuʒɲˈua̯ɾ/,/fuʒɲˈaɾ/,2,0.3333333333333333,0.7115384615384616,7,6
1577,*/fəlˠcˈɛt/,/fulcˈɛt/,2,0.3333333333333333,0.25,6,6
1578,*/fəɾtˈɛɾɛ/,/fultˈɛɾɛ/,2,0.2857142857142857,0.2692307692307692,7,7
1579,*/fuɾtˈunə/,/fuɾtˈunə/,0,0.0,0.0,7,7
1580,*/fˈuʃə/,/fˈuʃə/,0,0.0,0.0,4,4
1581,*/fˈuʃtulˠ/,/fˈuʃtulˠ/,0,0.0,0.0,6,6
1582,*/fˈuʒɲə/,/fˈuʒɲə/,0,0.0,0.0,5,5
1583,*/fˈut/,/fˈut/,0,0.0,0.0,3,3
1584,*/fˈund/,/fˈund/,0,0.0,0.0,4,4
1585,*/fˈuɾkə/,/fˈuɾkə/,0,0.0,0.0,5,5
1586,*/fˈur/,/fˈur/,0,0.0,0.0,3,3
1587,*/fˈuric/,/fˈuric/,0,0.0,0.0,5,5
1588,*/fcˈi/,/fcˈi/,0,0.0,0.0,3,3
1589,*/fəʃcˈɔlˠə/,/fcˈɔlˠə/,2,0.4,1.1538461538461537,7,5
1590,*/fcˈɛlˠə/,/fcˈɔlˠə/,1,0.2,0.15384615384615385,5,5
1591,*/fʃˈat/,/fʃˈat/,0,0.0,0.0,4,4
1592,*/fʃˈikə/,/fʃˈikə/,0,0.0,0.0,5,5
1593,*/fʃˈɛkulˠ/,/fʃˈikulˠ/,1,0.16666666666666666,0.07692307692307693,6,6
1594,*/ftəlˠˈɔj/,/ftilˠˈɔj/,1,0.16666666666666666,0.09615384615384616,6,6
1595,*/ftˈɔj/,/ftˈɔj/,0,0.0,0.0,4,4
1596,*/ftˈɔj/,/ftˈɔj/,0,0.0,0.0,4,4
1597,*/ftˈujə/,/ftˈujə/,0,0.0,0.0,5,5
1598,*/flamˈuɾ/,/flamˈuɾ/,0,0.0,0.0,6,6
1599,*/flˈakulˠ/,/flˈakə/,2,0.4,0.9423076923076923,6,5
1600,*/fˈakulˠ/,/flˈakə/,3,0.6,1.4423076923076923,5,5
1601,*/flˈakulˠ/,/flˈakəɾa/,3,0.42857142857142855,1.0192307692307692,6,7
1602,*/flˈaʃkə/,/flˈaʃkə/,0,0.0,0.0,6,6
1603,*/fəlˠˈɛs/,/flˈas/,3,0.75,0.7884615384615384,5,4
1604,*/flˈamə/,/flˈamə/,0,0.0,0.0,5,5
1605,*/flˈɛj/,/flˈɛj/,0,0.0,0.0,4,4
1606,*/flˈi/,/flˈi/,0,0.0,0.0,3,3
1607,*/flɔɾˈi/,/flɔɾˈi/,0,0.0,0.0,5,5
1608,*/flˈɔk/,/flˈɔk/,0,0.0,0.0,4,4
1609,*/flujtulˠˈɔj/,/flutuɾˈɔj/,2,0.25,0.7692307692307693,9,8
1610,*/faʃˈua̯lˠ/,/fɾaʃˈua̯lˠ/,1,0.14285714285714285,0.6346153846153846,6,7
1611,*/fɾand͡zˈɔlˠə/,/fɾand͡zˈɔlˠə/,0,0.0,0.0,8,8
1612,*/fɾˈɛʃəɾ/,/fɾˈaʃəɾ/,1,0.16666666666666666,0.07692307692307693,6,6
1613,*/fɾˈɛ/,/fɾˈɛ/,0,0.0,0.0,3,3
1614,*/fɾˈɛɾə/,/fɾˈɛɾə/,0,0.0,0.0,5,5
1615,*/fɾˈyt/,/fɾˈyt/,0,0.0,0.0,4,4
1616,*/fɾˈuʃkə/,/fɾˈuʃkə/,0,0.0,0.0,6,6
1617,*/valˠkˈua̯/,/valˠkˈua̯/,0,0.0,0.0,6,6
1618,*/bəɾbˈat/,/vaɾvˈat/,3,0.5,0.28846153846153844,6,6
1619,*/vˈað/,/vˈa/,1,0.5,0.6538461538461539,3,2
1620,*/vˈaj/,/vˈaj/,0,0.0,0.0,3,3
1621,*/vˈak/,/vˈak/,0,0.0,0.0,3,3
1622,*/vˈɔlˠə/,/vˈalˠə/,1,0.25,0.23076923076923078,4,4
1623,*/vˈaʃtəɾ/,/vˈaʃtəɾ/,0,0.0,0.0,6,6
1624,*/vˈal/,/vˈal/,0,0.0,0.0,3,3
1625,*/hˈɔɾɡ/,/vˈaɾɡ/,2,0.5,0.46153846153846156,4,4
1626,*/vˈəɾɡəɾ/,/vˈaɾɡəɾ/,1,0.16666666666666666,0.09615384615384616,6,6
1627,*/vˈaɾfəɾ/,/vˈaɾfəɾ/,0,0.0,0.0,6,6
1628,*/vˈar/,/vˈar/,0,0.0,0.0,3,3
1629,*/vˈapə/,/vˈapə/,0,0.0,0.0,4,4
1630,*/vəɟˈilˠɛ/,/vəɟˈilˠɛ/,0,0.0,0.0,6,6
1631,*/vəʃtˈɔj/,/vəʃtˈɔj/,0,0.0,0.0,6,6
1632,*/vəʃnˈik/,/vəʃnˈik/,0,0.0,0.0,6,6
1633,*/vəʒɡˈɔj/,/vəʒɡˈɔj/,0,0.0,0.0,6,6
1634,*/vəɾʃˈɔj/,/vəɾʃˈɔj/,0,0.0,0.0,6,6
1635,*/vəɾtˈɛt/,/vəɾtˈɛt/,0,0.0,0.0,6,6
1636,*/vəɾtˈit/,/vəɾtˈit/,0,0.0,0.0,6,6
1637,*/vəɾtˈyt/,/vəɾtˈyt/,0,0.0,0.0,6,6
1638,*/vəɾsnˈik/,/vəɾsnˈik/,0,0.0,0.0,7,7
1639,*/vəɾvˈɛt/,/vəɾvˈit/,1,0.16666666666666666,0.07692307692307693,6,6
1640,*/vəɾmˈik/,/vəɾmˈik/,0,0.0,0.0,6,6
1641,*/vərˈi/,/vərˈi/,0,0.0,0.0,4,4
1642,*/vərˈizə/,/vərˈizə/,0,0.0,0.0,6,6
1643,*/vɾˈət͡ʃə/,/vˈəɾt͡ʃə/,2,0.4,0.5384615384615384,5,5
1644,*/vˈɛɾstə/,/vˈəɾsə/,2,0.4,0.4230769230769231,6,5
1645,*/vaɡˈɔj/,/vɛɡˈɔj/,1,0.2,0.07692307692307693,5,5
1646,*/vɛjtˈyɾə/,/vɛtˈyɾə/,1,0.16666666666666666,0.5192307692307693,7,6
1647,*/vɛtˈulˠə/,/vɛtˈulˠə/,0,0.0,0.0,6,6
1648,*/vɛlˈɛnd͡zə/,/vɛlˈɛnd͡zə/,0,0.0,0.0,7,7
1649,*/pɾˈɔj/,/vɛpɾˈɔj/,2,0.3333333333333333,1.3653846153846154,4,6
1650,*/vˈɛ/,/vˈɛ/,0,0.0,0.0,2,2
1651,*/vˈɛkulˠ/,/vˈɛɡəl/,3,0.6,0.28846153846153844,5,5
1652,*/vˈɛkulˠ/,/vˈɛɟə/,3,0.75,1.0576923076923077,5,4
1653,*/vˈɛʃ/,/vˈɛʃ/,0,0.0,0.0,3,3
1654,*/vˈɛʃk/,/vˈɛʃk/,0,0.0,0.0,4,4
1655,*/vˈɛʃk/,/vˈɛʃk/,0,0.0,0.0,4,4
1656,*/vˈɛʃtulˠ/,/vˈɛʃtulˠ/,0,0.0,0.0,6,6
1657,*/vˈɛdəɾ/,/vˈɛdəɾ/,0,0.0,0.0,5,5
1658,*/vˈɛs/,/vˈɛs/,0,0.0,0.0,3,3
1659,*/vˈɛsə/,/vˈɛsə/,0,0.0,0.0,4,4
1660,*/vˈɛnd/,/vˈɛnd/,0,0.0,0.0,4,4
1661,*/vˈɛlˠ/,/vˈɛl/,1,0.3333333333333333,0.07692307692307693,3,3
1662,*/vˈɛɾə/,/vˈɛɾə/,0,0.0,0.0,4,4
1663,*/vˈɛɾð/,/vˈɛɾð/,0,0.0,0.0,4,4
1664,*/vˈɛɾb/,/vˈɛɾb/,0,0.0,0.0,4,4
1665,*/vˈɛr/,/vˈɛr/,0,0.0,0.0,3,3
1666,*/vˈɛpəɾ/,/vˈɛpəɾ/,0,0.0,0.0,5,5
1667,*/vajˈɛj/,/vjˈɛj/,1,0.25,0.46153846153846156,5,4
1668,*/vjˈɛtəɾ/,/vjˈɛtəɾ/,0,0.0,0.0,6,6
1669,*/vjˈɛɾʃə/,/vjˈɛɾʃə/,0,0.0,0.0,6,6
1670,*/vˈɛɾðə/,/vjˈɛɾðə/,1,0.16666666666666666,0.4423076923076923,5,6
1671,*/vɛjtˈajə/,/viɟˈɛ/,6,1.5,1.5576923076923077,7,4
1672,*/viɲˈɛl/,/viɲˈalˠ/,2,0.4,0.15384615384615385,5,5
1673,*/vɛjtˈɔɾɛ/,/vitˈɔɾɛ/,2,0.3333333333333333,0.5576923076923077,7,6
1674,*/viɾˈua̯/,/viɾˈua̯/,0,0.0,0.0,5,5
1675,*/vˈɛj/,/vˈij/,1,0.3333333333333333,0.07692307692307693,3,3
1676,*/vˈɛjə/,/vˈijə/,1,0.25,0.07692307692307693,4,4
1677,*/vˈɛcɛ/,/vˈicə/,2,0.5,0.1346153846153846,4,4
1678,*/vˈiʃɲə/,/vˈiʃɲə/,0,0.0,0.0,5,5
1679,*/vˈitəɾk/,/vˈitəɾk/,0,0.0,0.0,6,6
1680,*/vˈidəɾ/,/vˈidəɾ/,0,0.0,0.0,5,5
1681,*/vˈisk/,/vˈisk/,0,0.0,0.0,4,4
1682,*/vˈɛlə/,/vˈilə/,1,0.25,0.07692307692307693,4,4
1683,*/vjˈɛɾɡəɾ/,/vˈiɾɟəɾ/,3,0.5,0.5961538461538461,7,6
1684,*/vˈye̯j/,/vˈye̯j/,0,0.0,0.0,4,4
1685,*/ˈɔkəlˠ/,/vˈɔkulˠ/,2,0.4,0.8269230769230769,4,5
1686,*/vˈajə/,/vˈɔlə/,2,0.5,0.5,4,4
1687,*/vˈaɾbə/,/vˈɔɾbə/,1,0.2,0.23076923076923078,5,5
1688,*/ˈɔbɔɡ/,/vˈɔbɔɡ/,1,0.2,0.6538461538461539,4,5
1689,*/vilˈɛɲə/,/vlˠˈaɲə/,3,0.6,0.8653846153846154,6,5
1690,*/vulˠnˈɛt/,/vulˠnˈɛt/,0,0.0,0.0,6,6
1691,*/vulkɔlˠˈak/,/vuɾkɔlˠˈak/,1,0.125,0.09615384615384616,8,8
1692,*/vuləɾˈatə/,/vurˈatə/,3,0.5,1.1923076923076923,8,6
1693,*/vˈua̯j/,/vˈua̯j/,0,0.0,0.0,4,4
1694,*/vˈɛŋ/,/vɟˈɛ/,2,0.6666666666666666,0.5576923076923077,3,3
1695,*/vˈɛɲə/,/vɟˈɛɲə/,1,0.2,0.5192307692307693,4,5
1696,*/vlˈɛsə/,/vlˈɛsə/,0,0.0,0.0,5,5
1697,*/vlˈɛɾə/,/vlˈɛɾə/,0,0.0,0.0,5,5
1698,*/luɲˈɔt/,/vlɔɲˈat/,3,0.5,0.8461538461538461,5,6
1699,*/lˠˈɔɾə/,/vlˈɔɾə/,2,0.4,0.6153846153846154,4,5
1700,*/vɾˈɔ/,/vɾˈəɾ/,2,0.5,0.6538461538461539,3,4
1701,*/vˈar/,/vɾˈəɾ/,3,0.75,0.6538461538461539,3,4
1702,*/vɾˈɛɾ/,/vɾˈɛɾ/,0,0.0,0.0,4,4
1703,*/vɾˈɛɾə/,/vɾˈɛɾə/,0,0.0,0.0,5,5
1704,*/vɾˈɛkulˠ/,/vɾˈiɡulˠ/,2,0.3333333333333333,0.11538461538461539,6,6
1705,*/vɾˈul/,/vɾˈulˠ/,1,0.25,0.07692307692307693,4,4
1706,*/ɔvɾˈaɡə/,/vrˈaɡə/,2,0.4,0.6923076923076923,6,5
1707,*/mahnˈit/,/mahnˈit/,0,0.0,0.0,6,6
1708,*/majˈɛɾɛ/,/majˈɛɾɛ/,0,0.0,0.0,6,6
1709,*/məlˠɲɟˈɛj/,/malˠəɲɟˈɛj/,2,0.25,0.6538461538461539,7,8
1710,*/məlˠkˈɔj/,/malˠkˈɔj/,1,0.16666666666666666,0.09615384615384616,6,6
1711,*/maɟˈi/,/maɟˈi/,0,0.0,0.0,4,4
1712,*/maʃtˈɛɾk/,/maʃtˈɛɾk/,0,0.0,0.0,7,7
1713,*/maʃtɾˈɔj/,/maʃtɾˈɔj/,0,0.0,0.0,7,7
1714,*/matˈukə/,/matˈukə/,0,0.0,0.0,6,6
1715,*/məlt͡sˈɔlˠə/,/mat͡sˈɔlˠə/,2,0.3333333333333333,0.5576923076923077,7,6
1716,*/manʃˈacɛ/,/manuʃˈacɛ/,1,0.125,0.9230769230769231,7,8
1717,*/mandˈilɛ/,/mandˈilɛ/,0,0.0,0.0,7,7
1718,*/məlt͡sˈɔj/,/malt͡sˈɔj/,1,0.16666666666666666,0.09615384615384616,6,6
1719,*/mɾˈɛc/,/maɾˈac/,2,0.4,0.7692307692307693,4,5
1720,*/maɾˈɛnə/,/maɾˈɛnə/,0,0.0,0.0,6,6
1721,*/maɾəʃtˈɔj/,/maɾʃtˈɔj/,1,0.14285714285714285,0.5961538461538461,8,7
1722,*/məɾtˈɛsə/,/maɾtˈɛsə/,1,0.14285714285714285,0.09615384615384616,7,7
1723,*/məɾtˈɔj/,/maɾtˈɔj/,1,0.16666666666666666,0.09615384615384616,6,6
1724,*/məɾɟˈɛlə/,/maɾt͡sˈɛl/,3,0.5,0.8461538461538461,7,6
1725,*/mˈaɾj/,/marˈaj/,3,0.6,0.5961538461538461,4,5
1727,*/mˈaj/,/mˈaj/,0,0.0,0.0,3,3
1728,*/mˈaj/,/mˈaj/,0,0.0,0.0,3,3
1729,*/mˈəɲt/,/mˈajt/,2,0.5,0.19230769230769232,4,4
1730,*/mˈak/,/mˈak/,0,0.0,0.0,3,3
1731,*/mˈəŋɡ/,/mˈaŋɡ/,1,0.25,0.09615384615384616,4,4
1732,*/mˈalˠ/,/mˈalˠ/,0,0.0,0.0,3,3
1733,*/mˈat͡ʃə/,/mˈat͡ʃə/,0,0.0,0.0,4,4
1734,*/mˈaʃə/,/mˈaʃə/,0,0.0,0.0,4,4
1735,*/mˈaʃkulˠ/,/mˈaʃkulˠ/,0,0.0,0.0,6,6
1736,*/mˈat/,/mˈat/,0,0.0,0.0,3,3
1737,*/mˈatkə/,/mˈatkə/,0,0.0,0.0,5,5
1738,*/mˈat͡sə/,/mˈat͡sə/,0,0.0,0.0,4,4
1739,*/mˈazə/,/mˈazə/,0,0.0,0.0,4,4
1740,*/mˈaɾ/,/mˈaɾ/,0,0.0,0.0,3,3
1741,*/mˈaɾk/,/mˈaɾk/,0,0.0,0.0,4,4
1743,*/mˈaɾt/,/mˈaɾt/,0,0.0,0.0,4,4
1744,*/mˈaɾs/,/mˈaɾs/,0,0.0,0.0,4,4
1745,*/mˈaɾmuɾ/,/mˈaɾmuɾ/,0,0.0,0.0,6,6
1746,*/məkˈat/,/məkˈat/,0,0.0,0.0,5,5
1747,*/məkˈɔj/,/məkˈɔj/,0,0.0,0.0,5,5
1748,*/məɡˈaʃtəɾ/,/məɡˈaʃtəɾ/,0,0.0,0.0,8,8
1749,*/məɡˈulˠə/,/məɡˈulˠə/,0,0.0,0.0,6,6
1750,*/məŋɡˈɔj/,/məŋɡˈɔj/,0,0.0,0.0,6,6
1751,*/məlˠˈaɡə/,/məlˠˈaɡə/,0,0.0,0.0,6,6
1752,*/məlˠˈɛɲə/,/məlˠˈɛɲə/,0,0.0,0.0,6,6
1753,*/mlˈɛt/,/məlˠˈɛt/,2,0.4,0.6346153846153846,4,5
1754,*/məɲˈɔlˠə/,/məɲˈɔlˠə/,0,0.0,0.0,6,6
1755,*/məɲɟˈi/,/məɲɟˈi/,0,0.0,0.0,5,5
1756,*/məɲɟˈilˠ/,/məɲɟˈilˠ/,0,0.0,0.0,6,6
1757,*/məɲɟˈilˠɛ/,/məɲɟˈilˠɛ/,0,0.0,0.0,7,7
1759,*/məʃˈɛɾə/,/məʃˈɛɾə/,0,0.0,0.0,6,6
1760,*/məʃˈikə/,/məʃˈikə/,0,0.0,0.0,6,6
1761,*/məʃˈiɾə/,/məʃˈiɾə/,0,0.0,0.0,6,6
1762,*/məʃˈɔj/,/məʃˈɔj/,0,0.0,0.0,5,5
1763,*/məʃtəkˈɔj/,/məʃtɛkˈɔj/,1,0.125,0.057692307692307696,8,8
1764,*/məʃtˈikəɾ/,/məʃtˈɛkəɾ/,1,0.125,0.07692307692307693,8,8
1765,*/məʃtəcˈi/,/məʃtˈɛkəɾ/,4,0.5,0.9038461538461539,7,8
1766,*/matɾˈik/,/mətɾˈik/,1,0.16666666666666666,0.09615384615384616,6,6
1767,*/məsˈɔj/,/məsˈɔj/,0,0.0,0.0,5,5
1768,*/məsˈuk/,/məsˈuk/,0,0.0,0.0,5,5
1769,*/minˈɔj/,/mənˈɔj/,1,0.2,0.09615384615384616,5,5
1770,*/məndˈafʃ/,/məndˈafʃ/,0,0.0,0.0,7,7
1771,*/mujkˈɔj/,/məlkˈɔj/,2,0.3333333333333333,0.4423076923076923,6,6
1772,*/məɾtˈɔj/,/məltˈɔj/,1,0.16666666666666666,0.09615384615384616,6,6
1773,*/mɾˈɛj/,/məɾˈɛj/,1,0.2,0.5,4,5
1774,*/məɾˈi/,/məɾˈi/,0,0.0,0.0,4,4
1775,*/məɾˈi/,/məɾˈi/,0,0.0,0.0,4,4
1776,*/məɾˈiz/,/məɾˈiz/,0,0.0,0.0,5,5
1777,*/məɾkˈɔʃ/,/məɾkˈɔʃ/,0,0.0,0.0,6,6
1778,*/məɾkˈuɾə/,/məɾkˈuɾə/,0,0.0,0.0,7,7
1779,*/məɾɡˈɔj/,/məɾɡˈɔj/,0,0.0,0.0,6,6
1780,*/məɾɡˈɔj/,/məɾɡˈɔj/,0,0.0,0.0,6,6
1781,*/məɾˈuɾ/,/məɾˈu/,1,0.25,0.6923076923076923,5,4
1782,*/məɾˈu/,/məɾˈu/,0,0.0,0.0,4,4
1783,*/məɾcˈiɲə/,/məɾcˈiɲə/,0,0.0,0.0,7,7
1784,*/məɾcəɾˈi/,/məɾcˈiɲə/,3,0.42857142857142855,0.6153846153846154,7,7
1785,*/məɾʃˈinə/,/məɾʃˈinə/,0,0.0,0.0,7,7
1786,*/məɾtˈi/,/məɾtˈi/,0,0.0,0.0,5,5
1787,*/məɾzˈɛj/,/məɾzˈɛj/,0,0.0,0.0,6,6
1788,*/məɾzˈit/,/məɾzˈit/,0,0.0,0.0,6,6
1789,*/məɾməɾˈit/,/məɾməɾˈit/,0,0.0,0.0,8,8
1790,*/mərˈajə/,/mərˈajə/,0,0.0,0.0,6,6
1791,*/mˈaɾtəʎ/,/mərˈajə/,5,0.8333333333333334,1.0769230769230769,6,6
1793,*/mˈəŋɡə/,/mˈəŋɡə/,0,0.0,0.0,5,5
1794,*/mˈəŋɡəɾ/,/mˈəŋɡəɾ/,0,0.0,0.0,6,6
1795,*/mˈəɲə/,/mˈəɲə/,0,0.0,0.0,4,4
1796,*/mˈəŋɡəɾ/,/mˈəɲɟəɾ/,2,0.3333333333333333,0.15384615384615385,6,6
1797,*/mˈaz/,/mˈəz/,1,0.3333333333333333,0.09615384615384616,3,3
1798,*/mˈɛnd/,/mˈənd/,1,0.25,0.057692307692307696,4,4
1799,*/mtˈɔj/,/mɛjtˈɔj/,2,0.3333333333333333,0.9615384615384616,4,6
1800,*/mɛtˈalɛ/,/mɛtˈalɛ/,0,0.0,0.0,6,6
1801,*/məndˈɔhj/,/mɛtˈɛh/,5,1.0,1.1538461538461537,7,5
1802,*/məɾkˈɔɾ/,/mɛɾcˈɛɾ/,3,0.5,0.28846153846153844,6,6
1803,*/mˈɛlˠə/,/mˈɛlˠə/,0,0.0,0.0,4,4
1804,*/mˈɛʃə/,/mˈɛʃə/,0,0.0,0.0,4,4
1805,*/mjˈɛz/,/mˈɛs/,2,0.6666666666666666,0.4423076923076923,4,3
1806,*/mˈɛnd/,/mˈɛnd/,0,0.0,0.0,4,4
1807,*/mˈɛndə/,/mˈɛndə/,0,0.0,0.0,5,5
1808,*/mˈandulˠ/,/mˈɛndulˠ/,1,0.16666666666666666,0.07692307692307693,6,6
1809,*/mˈɛl/,/mˈɛl/,0,0.0,0.0,3,3
1810,*/mˈɛrə/,/mˈɛɾə/,1,0.25,0.057692307692307696,4,4
1811,*/mˈɛɾə/,/mˈɛɾə/,0,0.0,0.0,4,4
1812,*/nˈɛmɛt͡s/,/mˈɛmɛt͡s/,1,0.2,0.09615384615384616,5,5
1813,*/mjˈɛɡulˠ/,/mjɛɡˈulˠ/,2,0.3333333333333333,0.15384615384615385,6,6
1814,*/mjˈɛk/,/mjˈɛk/,0,0.0,0.0,4,4
1815,*/mjˈɛʃtəɾ/,/mjˈɛʃtəɾ/,0,0.0,0.0,7,7
1816,*/mˈɛtə/,/mjˈɛtə/,1,0.2,0.40384615384615385,4,5
1817,*/mjˈɛz/,/mjˈɛz/,0,0.0,0.0,4,4
1818,*/mˈɛʃəɾ/,/mjˈɛɾə/,3,0.6,1.0,5,5
1819,*/milˈiŋɡə/,/milˈiŋɡə/,0,0.0,0.0,7,7
1820,*/mˈijə/,/mˈijə/,0,0.0,0.0,4,4
1821,*/mˈik/,/mˈik/,0,0.0,0.0,3,3
1822,*/mˈitə/,/mˈitə/,0,0.0,0.0,4,4
1823,*/mənðˈulə/,/mˈyjə/,5,1.25,1.7307692307692308,7,4
1824,*/mənðˈulə/,/mˈyjə/,5,1.25,1.7307692307692308,7,4
1825,*/mˈyk/,/mˈyk/,0,0.0,0.0,3,3
1826,*/mˈylˠ/,/mˈylˠ/,0,0.0,0.0,3,3
1827,*/mˈyʃk/,/mˈyʃk/,0,0.0,0.0,4,4
1828,*/muʃtɾˈɔj/,/mɔt͡ʃˈɔj/,4,0.8,0.9038461538461539,7,5
1829,*/mɔtɔvˈilɛ/,/mɔtɔvˈilɛ/,0,0.0,0.0,8,8
1830,*/mɔlˈikə/,/mɔlˈikə/,0,0.0,0.0,6,6
1831,*/mɔlˈit/,/mɔlˈit/,0,0.0,0.0,5,5
1832,*/mɔlˈit͡sə/,/mɔlˈit͡sə/,0,0.0,0.0,6,6
1833,*/mɔɾˈat͡ʃə/,/mɔɾˈat͡ʃə/,0,0.0,0.0,6,6
1834,*/mɔɾɔvˈit͡sə/,/mɔɾɔvˈit͡sə/,0,0.0,0.0,8,8
1835,*/mɔɾɔvˈinə/,/mɔɾɔvˈinə/,0,0.0,0.0,8,8
1836,*/mɔɾnˈit͡sə/,/mɔɾnˈit͡sə/,0,0.0,0.0,7,7
1837,*/mˈɔkəɾ/,/mˈɔkəɾ/,0,0.0,0.0,5,5
1838,*/mˈɔlˠə/,/mˈɔlˠə/,0,0.0,0.0,4,4
1840,*/mˈɔð/,/mˈɔð/,0,0.0,0.0,3,3
1841,*/mˈɔl/,/mˈɔl/,0,0.0,0.0,3,3
1842,*/mˈɔɾə/,/mˈɔɾə/,0,0.0,0.0,4,4
1843,*/mˈɔɾt/,/mˈɔɾt/,0,0.0,0.0,4,4
1844,*/məŋɡˈɔj/,/muŋɡˈɔj/,1,0.16666666666666666,0.17307692307692307,6,6
1845,*/mulˠˈɛɾ/,/mulˠˈaɾ/,1,0.2,0.07692307692307693,5,5
1846,*/mulˠˈi/,/mulˠˈi/,0,0.0,0.0,4,4
1847,*/muʃcəlˠˈua̯ɾ/,/muʃkəlˠˈye̯ɾ/,3,0.3333333333333333,0.19230769230769232,9,9
1848,*/muʃkˈɔɲə/,/muʃkˈɔɲə/,0,0.0,0.0,7,7
1849,*/muʃtəkˈɔj/,/muʃtəkˈɔj/,0,0.0,0.0,8,8
1850,*/muʒˈɛnskə/,/muʒˈənt͡skə/,2,0.25,0.11538461538461539,8,8
1851,*/maɾacˈɛʃə/,/muɾɡˈɛʃə/,3,0.42857142857142855,1.0576923076923077,8,7
1852,*/muɾtˈajə/,/muɾtˈajə/,0,0.0,0.0,7,7
1853,*/muɾmuɾˈɔj/,/muɾmuɾˈɔj/,0,0.0,0.0,8,8
1854,*/mˈu/,/mˈu/,0,0.0,0.0,2,2
1855,*/mˈulˠə/,/mˈulˠə/,0,0.0,0.0,4,4
1856,*/mˈuʃkulˠ/,/mˈuʃkulˠ/,0,0.0,0.0,6,6
1857,*/mˈuʃt/,/mˈuʃt/,0,0.0,0.0,4,4
1858,*/mˈuz/,/mˈuz/,0,0.0,0.0,3,3
1859,*/mˈuzɡə/,/mˈuzɡə/,0,0.0,0.0,5,5
1860,*/mˈyɾ/,/mˈuɾ/,1,0.3333333333333333,0.07692307692307693,3,3
1861,*/mˈɔɾk/,/mˈuɾɡ/,2,0.5,0.11538461538461539,4,4
1862,*/mˈuɾɡə/,/mˈuɾɡə/,0,0.0,0.0,5,5
1863,*/mˈurə/,/mˈurə/,0,0.0,0.0,4,4
1864,*/mətˈi/,/mtˈi/,1,0.3333333333333333,0.5769230769230769,4,3
1865,*/md͡zˈɔj/,/md͡zˈɔj/,0,0.0,0.0,4,4
1866,*/mlˈyc/,/mlˈyʃ/,1,0.25,0.19230769230769232,4,4
1868,*/mɾˈɛkulˠ/,/mɾˈɛkulˠ/,0,0.0,0.0,6,6
1869,*/mbulˠˈɔj/,/mbalˠˈɔj/,1,0.16666666666666666,0.23076923076923078,6,6
1870,*/mbləndˈɔj/,/mbəltˈɔj/,3,0.42857142857142855,0.5961538461538461,8,7
1871,*/nɛpˈɛsə/,/mbˈɛsə/,3,0.6,0.8269230769230769,6,5
1872,*/mbˈɔɾjɛ/,/mbˈɔɾjɛ/,0,0.0,0.0,6,6
1873,*/mbulˠˈɔj/,/mbulˈɔj/,1,0.16666666666666666,0.07692307692307693,6,6
1874,*/mbəhˈat/,/mbufˈat/,2,0.3333333333333333,0.36538461538461536,6,6
1875,*/mblˈɛj/,/mblˈɔj/,1,0.2,0.15384615384615385,5,5
1876,*/mbˈɔɾzn/,/mbɾˈazən/,3,0.42857142857142855,1.0576923076923077,6,7
1877,*/mbɾɛtɾˈɛʃə/,/mbɾɛtəɾˈɛʃə/,1,0.1,0.6153846153846154,9,10
1878,*/mbɾˈɛt/,/mbɾˈɛt/,0,0.0,0.0,5,5
1879,*/mbɾˈɛtəɾ/,/mbɾˈɛtəɾ/,0,0.0,0.0,7,7
1880,*/mbɾˈɔj/,/mbɾˈɔj/,0,0.0,0.0,5,5
1881,*/kaɾɲˈɔj/,/kɛɾɲˈɔj/,1,0.16666666666666666,0.07692307692307693,6,6
1882,*/ʃəlkˈɔj/,/ʃpjɛɡˈɔj/,4,0.5714285714285714,1.1346153846153846,6,7
1883,*/t͡sˈaɾbə/,/t͡sˈaɾbə/,0,0.0,0.0,5,5
1884,*/ndəɾtˈɔj/,/ndəɾtˈɔj/,0,0.0,0.0,7,7
1885,*/vlˈɛj/,/vlˈɛj/,0,0.0,0.0,4,4